,ID,Points,Minutes,sim
0,14,9,90,1
1,15,9,90,1
2,47,9,90,1
3,91,6,90,1
4,146,6,90,1
5,152,9,90,1
6,201,9,90,1
7,235,9,90,1
8,248,6,90,1
9,293,9,90,1
10,310,2,90,1
11,347,15,90,1
12,383,6,90,1
13,396,9,90,1
14,443,6,90,1
15,508,6,90,1
16,513,6,90,1
17,554,6,90,1
18,581,6,90,1
19,764,9,90,1
0,14,6,90,2
1,15,6,90,2
2,47,6,90,2
3,91,6,90,2
4,146,9,90,2
5,152,6,90,2
6,201,15,90,2
7,235,9,90,2
8,248,2,90,2
9,293,9,90,2
10,310,9,90,2
11,347,6,90,2
12,383,6,90,2
13,396,9,90,2
14,443,6,90,2
15,508,6,90,2
16,513,9,90,2
17,554,9,90,2
18,581,9,90,2
19,764,9,90,2
0,14,9,90,3
1,15,9,90,3
2,47,9,90,3
3,91,9,90,3
4,146,6,90,3
5,152,9,90,3
6,201,6,90,3
7,235,6,90,3
8,248,9,90,3
9,293,6,90,3
10,310,6,90,3
11,347,9,90,3
12,383,9,90,3
13,396,6,90,3
14,443,9,90,3
15,508,9,90,3
16,513,6,90,3
17,554,6,90,3
18,581,6,90,3
19,764,6,90,3
0,14,9,90,4
1,15,6,90,4
2,47,9,90,4
3,91,6,90,4
4,146,6,90,4
5,152,9,90,4
6,201,9,90,4
7,235,6,90,4
8,248,6,90,4
9,293,9,90,4
10,310,9,90,4
11,347,6,90,4
12,383,9,90,4
13,396,6,90,4
14,443,9,90,4
15,508,6,90,4
16,513,9,90,4
17,554,6,90,4
18,581,6,90,4
19,764,9,90,4
0,14,6,90,5
1,15,9,90,5
2,47,6,90,5
3,91,9,90,5
4,146,9,90,5
5,152,6,90,5
6,201,6,90,5
7,235,6,90,5
8,248,9,90,5
9,293,6,90,5
10,310,9,90,5
11,347,6,90,5
12,383,9,90,5
13,396,6,90,5
14,443,9,90,5
15,508,9,90,5
16,513,6,90,5
17,554,9,90,5
18,581,9,90,5
19,764,6,90,5
0,14,6,90,6
1,15,6,90,6
2,47,6,90,6
3,91,6,90,6
4,146,9,90,6
5,152,9,90,6
6,201,9,90,6
7,235,6,90,6
8,248,6,90,6
9,293,9,90,6
10,310,9,90,6
11,347,6,90,6
12,383,9,90,6
13,396,9,90,6
14,443,6,90,6
15,508,6,90,6
16,513,9,90,6
17,554,6,90,6
18,581,9,90,6
19,764,9,90,6
0,14,9,90,7
1,15,6,90,7
2,47,6,90,7
3,91,9,90,7
4,146,6,90,7
5,152,9,90,7
6,201,9,90,7
7,235,6,90,7
8,248,6,90,7
9,293,6,90,7
10,310,6,90,7
11,347,9,90,7
12,383,9,90,7
13,396,9,90,7
14,443,6,90,7
15,508,9,90,7
16,513,9,90,7
17,554,6,90,7
18,581,9,90,7
19,764,6,90,7
0,14,9,90,8
1,15,6,90,8
2,47,6,90,8
3,91,6,90,8
4,146,6,90,8
5,152,9,90,8
6,201,6,90,8
7,235,6,90,8
8,248,9,90,8
9,293,9,90,8
10,310,6,90,8
11,347,9,90,8
12,383,9,90,8
13,396,9,90,8
14,443,6,90,8
15,508,6,90,8
16,513,9,90,8
17,554,6,90,8
18,581,9,90,8
19,764,9,90,8
0,14,9,90,9
1,15,9,90,9
2,47,6,90,9
3,91,6,90,9
4,146,6,90,9
5,152,9,90,9
6,201,6,90,9
7,235,9,90,9
8,248,9,90,9
9,293,9,90,9
10,310,6,90,9
11,347,9,90,9
12,383,6,90,9
13,396,9,90,9
14,443,6,90,9
15,508,9,90,9
16,513,6,90,9
17,554,6,90,9
18,581,9,90,9
19,764,6,90,9
0,14,9,90,10
1,15,6,90,10
2,47,6,90,10
3,91,9,90,10
4,146,6,90,10
5,152,9,90,10
6,201,9,90,10
7,235,9,90,10
8,248,6,90,10
9,293,6,90,10
10,310,6,90,10
11,347,9,90,10
12,383,6,90,10
13,396,9,90,10
14,443,6,90,10
15,508,6,90,10
16,513,9,90,10
17,554,6,90,10
18,581,9,90,10
19,764,9,90,10
0,14,6,90,11
1,15,9,90,11
2,47,9,90,11
3,91,9,90,11
4,146,9,90,11
5,152,6,90,11
6,201,6,90,11
7,235,9,90,11
8,248,9,90,11
9,293,6,90,11
10,310,9,90,11
11,347,6,90,11
12,383,6,90,11
13,396,6,90,11
14,443,9,90,11
15,508,9,90,11
16,513,6,90,11
17,554,9,90,11
18,581,6,90,11
19,764,6,90,11
0,14,6,90,12
1,15,6,90,12
2,47,6,90,12
3,91,9,90,12
4,146,9,90,12
5,152,9,90,12
6,201,6,90,12
7,235,6,90,12
8,248,9,90,12
9,293,6,90,12
10,310,6,90,12
11,347,9,90,12
12,383,9,90,12
13,396,9,90,12
14,443,6,90,12
15,508,6,90,12
16,513,9,90,12
17,554,6,90,12
18,581,9,90,12
19,764,9,90,12
0,14,6,90,13
1,15,6,90,13
2,47,6,90,13
3,91,5,90,13
4,146,9,90,13
5,152,9,90,13
6,201,6,90,13
7,235,6,90,13
8,248,9,90,13
9,293,12,90,13
10,310,9,90,13
11,347,6,90,13
12,383,9,90,13
13,396,6,90,13
14,443,9,90,13
15,508,6,90,13
16,513,9,90,13
17,554,6,90,13
18,581,9,90,13
19,764,9,90,13
0,14,6,90,14
1,15,9,90,14
2,47,9,90,14
3,91,6,90,14
4,146,9,90,14
5,152,9,90,14
6,201,6,90,14
7,235,6,90,14
8,248,9,90,14
9,293,9,90,14
10,310,9,90,14
11,347,6,90,14
12,383,9,90,14
13,396,6,90,14
14,443,9,90,14
15,508,9,90,14
16,513,6,90,14
17,554,6,90,14
18,581,6,90,14
19,764,6,90,14
0,14,9,90,15
1,15,9,90,15
2,47,6,90,15
3,91,6,90,15
4,146,6,90,15
5,152,9,90,15
6,201,9,90,15
7,235,9,90,15
8,248,6,90,15
9,293,9,90,15
10,310,9,90,15
11,347,6,90,15
12,383,6,90,15
13,396,6,90,15
14,443,9,90,15
15,508,6,90,15
16,513,6,90,15
17,554,6,90,15
18,581,9,90,15
19,764,9,90,15
0,14,6,90,16
1,15,6,90,16
2,47,6,90,16
3,91,6,90,16
4,146,9,90,16
5,152,9,90,16
6,201,6,90,16
7,235,9,90,16
8,248,9,90,16
9,293,9,90,16
10,310,9,90,16
11,347,6,90,16
12,383,6,90,16
13,396,6,90,16
14,443,9,90,16
15,508,9,90,16
16,513,9,90,16
17,554,6,90,16
18,581,9,90,16
19,764,6,90,16
0,14,9,90,17
1,15,6,90,17
2,47,9,90,17
3,91,6,90,17
4,146,6,90,17
5,152,9,90,17
6,201,6,90,17
7,235,9,90,17
8,248,9,90,17
9,293,9,90,17
10,310,9,90,17
11,347,6,90,17
12,383,6,90,17
13,396,6,90,17
14,443,9,90,17
15,508,6,90,17
16,513,9,90,17
17,554,6,90,17
18,581,6,90,17
19,764,9,90,17
0,14,6,90,18
1,15,9,90,18
2,47,6,90,18
3,91,9,90,18
4,146,9,90,18
5,152,6,90,18
6,201,9,90,18
7,235,6,90,18
8,248,6,90,18
9,293,6,90,18
10,310,9,90,18
11,347,6,90,18
12,383,9,90,18
13,396,9,90,18
14,443,6,90,18
15,508,6,90,18
16,513,6,90,18
17,554,9,90,18
18,581,9,90,18
19,764,9,90,18
0,14,9,90,19
1,15,9,90,19
2,47,9,90,19
3,91,6,90,19
4,146,6,90,19
5,152,9,90,19
6,201,9,90,19
7,235,6,90,19
8,248,6,90,19
9,293,9,90,19
10,310,6,90,19
11,347,9,90,19
12,383,9,90,19
13,396,9,90,19
14,443,6,90,19
15,508,9,90,19
16,513,6,90,19
17,554,6,90,19
18,581,6,90,19
19,764,6,90,19
0,14,9,90,20
1,15,9,90,20
2,47,6,90,20
3,91,9,90,20
4,146,6,90,20
5,152,6,90,20
6,201,6,90,20
7,235,6,90,20
8,248,9,90,20
9,293,6,90,20
10,310,9,90,20
11,347,6,90,20
12,383,9,90,20
13,396,9,90,20
14,443,6,90,20
15,508,6,90,20
16,513,6,90,20
17,554,9,90,20
18,581,9,90,20
19,764,9,90,20
0,14,9,90,21
1,15,9,90,21
2,47,9,90,21
3,91,6,90,21
4,146,6,90,21
5,152,9,90,21
6,201,9,90,21
7,235,9,90,21
8,248,6,90,21
9,293,9,90,21
10,310,9,90,21
11,347,6,90,21
12,383,6,90,21
13,396,6,90,21
14,443,9,90,21
15,508,6,90,21
16,513,6,90,21
17,554,6,90,21
18,581,6,90,21
19,764,9,90,21
0,14,9,90,22
1,15,6,90,22
2,47,6,90,22
3,91,9,90,22
4,146,6,90,22
5,152,6,90,22
6,201,6,90,22
7,235,6,90,22
8,248,9,90,22
9,293,6,90,22
10,310,9,90,22
11,347,6,90,22
12,383,9,90,22
13,396,9,90,22
14,443,6,90,22
15,508,9,90,22
16,513,9,90,22
17,554,9,90,22
18,581,9,90,22
19,764,6,90,22
0,14,6,90,23
1,15,9,90,23
2,47,9,90,23
3,91,9,90,23
4,146,9,90,23
5,152,6,90,23
6,201,6,90,23
7,235,9,90,23
8,248,9,90,23
9,293,6,90,23
10,310,6,90,23
11,347,9,90,23
12,383,6,90,23
13,396,9,90,23
14,443,6,90,23
15,508,6,90,23
16,513,6,90,23
17,554,9,90,23
18,581,6,90,23
19,764,9,90,23
0,14,9,90,24
1,15,9,90,24
2,47,6,90,24
3,91,9,90,24
4,146,6,90,24
5,152,9,90,24
6,201,6,90,24
7,235,9,90,24
8,248,9,90,24
9,293,6,90,24
10,310,6,90,24
11,347,9,90,24
12,383,6,90,24
13,396,6,90,24
14,443,9,90,24
15,508,6,90,24
16,513,6,90,24
17,554,6,90,24
18,581,9,90,24
19,764,9,90,24
0,14,6,90,25
1,15,9,90,25
2,47,6,90,25
3,91,9,90,25
4,146,9,90,25
5,152,9,90,25
6,201,6,90,25
7,235,9,90,25
8,248,9,90,25
9,293,6,90,25
10,310,9,90,25
11,347,6,90,25
12,383,6,90,25
13,396,9,90,25
14,443,6,90,25
15,508,9,90,25
16,513,6,90,25
17,554,6,90,25
18,581,9,90,25
19,764,6,90,25
0,14,6,90,26
1,15,9,90,26
2,47,6,90,26
3,91,9,90,26
4,146,9,90,26
5,152,6,90,26
6,201,6,90,26
7,235,6,90,26
8,248,9,90,26
9,293,6,90,26
10,310,9,90,26
11,347,6,90,26
12,383,9,90,26
13,396,6,90,26
14,443,9,90,26
15,508,6,90,26
16,513,6,90,26
17,554,9,90,26
18,581,9,90,26
19,764,9,90,26
0,14,6,90,27
1,15,9,90,27
2,47,9,90,27
3,91,9,90,27
4,146,9,90,27
5,152,9,90,27
6,201,6,90,27
7,235,9,90,27
8,248,9,90,27
9,293,6,90,27
10,310,6,90,27
11,347,9,90,27
12,383,6,90,27
13,396,9,90,27
14,443,6,90,27
15,508,9,90,27
16,513,6,90,27
17,554,6,90,27
18,581,6,90,27
19,764,6,90,27
0,14,9,90,28
1,15,9,90,28
2,47,6,90,28
3,91,9,90,28
4,146,6,90,28
5,152,9,90,28
6,201,9,90,28
7,235,9,90,28
8,248,6,90,28
9,293,6,90,28
10,310,9,90,28
11,347,6,90,28
12,383,6,90,28
13,396,9,90,28
14,443,6,90,28
15,508,9,90,28
16,513,6,90,28
17,554,6,90,28
18,581,9,90,28
19,764,6,90,28
0,14,9,90,29
1,15,9,90,29
2,47,9,90,29
3,91,9,90,29
4,146,6,90,29
5,152,9,90,29
6,201,6,90,29
7,235,6,90,29
8,248,9,90,29
9,293,6,90,29
10,310,9,90,29
11,347,6,90,29
12,383,9,90,29
13,396,9,90,29
14,443,6,90,29
15,508,9,90,29
16,513,6,90,29
17,554,6,90,29
18,581,6,90,29
19,764,6,90,29
0,14,9,90,30
1,15,6,90,30
2,47,9,90,30
3,91,9,90,30
4,146,6,90,30
5,152,6,90,30
6,201,9,90,30
7,235,6,90,30
8,248,6,90,30
9,293,6,90,30
10,310,6,90,30
11,347,9,90,30
12,383,9,90,30
13,396,9,90,30
14,443,6,90,30
15,508,9,90,30
16,513,9,90,30
17,554,9,90,30
18,581,6,90,30
19,764,6,90,30
0,14,6,90,31
1,15,9,90,31
2,47,6,90,31
3,91,9,90,31
4,146,9,90,31
5,152,9,90,31
6,201,9,90,31
7,235,9,90,31
8,248,6,90,31
9,293,6,90,31
10,310,6,90,31
11,347,9,90,31
12,383,6,90,31
13,396,6,90,31
14,443,9,90,31
15,508,9,90,31
16,513,6,90,31
17,554,6,90,31
18,581,9,90,31
19,764,6,90,31
0,14,9,90,32
1,15,9,90,32
2,47,6,90,32
3,91,9,90,32
4,146,6,90,32
5,152,9,90,32
6,201,6,90,32
7,235,9,90,32
8,248,9,90,32
9,293,6,90,32
10,310,9,90,32
11,347,6,90,32
12,383,6,90,32
13,396,9,90,32
14,443,6,90,32
15,508,6,90,32
16,513,6,90,32
17,554,6,90,32
18,581,9,90,32
19,764,9,90,32
0,14,6,90,33
1,15,9,90,33
2,47,6,90,33
3,91,9,90,33
4,146,9,90,33
5,152,6,90,33
6,201,6,90,33
7,235,9,90,33
8,248,9,90,33
9,293,6,90,33
10,310,9,90,33
11,347,6,90,33
12,383,6,90,33
13,396,6,90,33
14,443,9,90,33
15,508,9,90,33
16,513,6,90,33
17,554,9,90,33
18,581,9,90,33
19,764,6,90,33
0,14,6,90,34
1,15,6,90,34
2,47,9,90,34
3,91,9,90,34
4,146,9,90,34
5,152,9,90,34
6,201,9,90,34
7,235,9,90,34
8,248,6,90,34
9,293,6,90,34
10,310,9,90,34
11,347,6,90,34
12,383,6,90,34
13,396,6,90,34
14,443,9,90,34
15,508,9,90,34
16,513,9,90,34
17,554,6,90,34
18,581,6,90,34
19,764,6,90,34
0,14,6,90,35
1,15,6,90,35
2,47,6,90,35
3,91,6,90,35
4,146,9,90,35
5,152,9,90,35
6,201,9,90,35
7,235,6,90,35
8,248,6,90,35
9,293,9,90,35
10,310,9,90,35
11,347,6,90,35
12,383,9,90,35
13,396,6,90,35
14,443,9,90,35
15,508,9,90,35
16,513,9,90,35
17,554,6,90,35
18,581,9,90,35
19,764,6,90,35
0,14,9,90,36
1,15,9,90,36
2,47,9,90,36
3,91,6,90,36
4,146,6,90,36
5,152,9,90,36
6,201,6,90,36
7,235,6,90,36
8,248,9,90,36
9,293,9,90,36
10,310,9,90,36
11,347,6,90,36
12,383,9,90,36
13,396,6,90,36
14,443,9,90,36
15,508,6,90,36
16,513,6,90,36
17,554,6,90,36
18,581,6,90,36
19,764,9,90,36
0,14,6,90,37
1,15,9,90,37
2,47,9,90,37
3,91,9,90,37
4,146,9,90,37
5,152,9,90,37
6,201,9,90,37
7,235,9,90,37
8,248,6,90,37
9,293,6,90,37
10,310,6,90,37
11,347,9,90,37
12,383,6,90,37
13,396,6,90,37
14,443,9,90,37
15,508,9,90,37
16,513,6,90,37
17,554,6,90,37
18,581,6,90,37
19,764,6,90,37
0,14,6,90,38
1,15,6,90,38
2,47,9,90,38
3,91,6,90,38
4,146,9,90,38
5,152,9,90,38
6,201,9,90,38
7,235,9,90,38
8,248,6,90,38
9,293,9,90,38
10,310,6,90,38
11,347,9,90,38
12,383,6,90,38
13,396,9,90,38
14,443,6,90,38
15,508,9,90,38
16,513,9,90,38
17,554,6,90,38
18,581,6,90,38
19,764,6,90,38
0,14,9,90,39
1,15,9,90,39
2,47,9,90,39
3,91,9,90,39
4,146,6,90,39
5,152,9,90,39
6,201,9,90,39
7,235,9,90,39
8,248,6,90,39
9,293,6,90,39
10,310,9,90,39
11,347,6,90,39
12,383,6,90,39
13,396,9,90,39
14,443,6,90,39
15,508,9,90,39
16,513,6,90,39
17,554,6,90,39
18,581,6,90,39
19,764,6,90,39
0,14,9,90,40
1,15,9,90,40
2,47,6,90,40
3,91,9,90,40
4,146,6,90,40
5,152,9,90,40
6,201,6,90,40
7,235,6,90,40
8,248,9,90,40
9,293,6,90,40
10,310,6,90,40
11,347,9,90,40
12,383,9,90,40
13,396,6,90,40
14,443,9,90,40
15,508,9,90,40
16,513,6,90,40
17,554,6,90,40
18,581,9,90,40
19,764,6,90,40
0,14,6,90,41
1,15,5,90,41
2,47,9,90,41
3,91,9,90,41
4,146,9,90,41
5,152,9,90,41
6,201,6,90,41
7,235,9,90,41
8,248,9,90,41
9,293,6,90,41
10,310,9,90,41
11,347,6,90,41
12,383,6,90,41
13,396,9,90,41
14,443,6,90,41
15,508,6,90,41
16,513,12,90,41
17,554,6,90,41
18,581,6,90,41
19,764,9,90,41
0,14,6,90,42
1,15,6,90,42
2,47,6,90,42
3,91,9,90,42
4,146,9,90,42
5,152,9,90,42
6,201,6,90,42
7,235,6,90,42
8,248,9,90,42
9,293,6,90,42
10,310,6,90,42
11,347,9,90,42
12,383,9,90,42
13,396,6,90,42
14,443,9,90,42
15,508,9,90,42
16,513,9,90,42
17,554,6,90,42
18,581,9,90,42
19,764,6,90,42
0,14,6,90,43
1,15,9,90,43
2,47,6,90,43
3,91,9,90,43
4,146,9,90,43
5,152,6,90,43
6,201,9,90,43
7,235,9,90,43
8,248,6,90,43
9,293,6,90,43
10,310,9,90,43
11,347,6,90,43
12,383,6,90,43
13,396,6,90,43
14,443,9,90,43
15,508,9,90,43
16,513,6,90,43
17,554,9,90,43
18,581,9,90,43
19,764,6,90,43
0,14,9,90,44
1,15,6,90,44
2,47,6,90,44
3,91,9,90,44
4,146,6,90,44
5,152,9,90,44
6,201,6,90,44
7,235,6,90,44
8,248,9,90,44
9,293,6,90,44
10,310,6,90,44
11,347,9,90,44
12,383,9,90,44
13,396,9,90,44
14,443,6,90,44
15,508,6,90,44
16,513,9,90,44
17,554,6,90,44
18,581,9,90,44
19,764,9,90,44
0,14,9,90,45
1,15,9,90,45
2,47,6,90,45
3,91,6,90,45
4,146,6,90,45
5,152,6,90,45
6,201,9,90,45
7,235,9,90,45
8,248,6,90,45
9,293,9,90,45
10,310,6,90,45
11,347,9,90,45
12,383,6,90,45
13,396,9,90,45
14,443,6,90,45
15,508,9,90,45
16,513,6,90,45
17,554,9,90,45
18,581,9,90,45
19,764,6,90,45
0,14,6,90,46
1,15,9,90,46
2,47,9,90,46
3,91,9,90,46
4,146,9,90,46
5,152,9,90,46
6,201,6,90,46
7,235,6,90,46
8,248,9,90,46
9,293,6,90,46
10,310,9,90,46
11,347,6,90,46
12,383,9,90,46
13,396,6,90,46
14,443,9,90,46
15,508,6,90,46
16,513,6,90,46
17,554,6,90,46
18,581,6,90,46
19,764,9,90,46
0,14,9,90,47
1,15,6,90,47
2,47,9,90,47
3,91,6,90,47
4,146,6,90,47
5,152,6,90,47
6,201,9,90,47
7,235,6,90,47
8,248,6,90,47
9,293,9,90,47
10,310,9,90,47
11,347,6,90,47
12,383,9,90,47
13,396,9,90,47
14,443,6,90,47
15,508,9,90,47
16,513,9,90,47
17,554,9,90,47
18,581,6,90,47
19,764,6,90,47
0,14,9,90,48
1,15,9,90,48
2,47,9,90,48
3,91,6,90,48
4,146,6,90,48
5,152,6,90,48
6,201,6,90,48
7,235,6,90,48
8,248,9,90,48
9,293,9,90,48
10,310,9,90,48
11,347,6,90,48
12,383,9,90,48
13,396,15,90,48
14,443,2,90,48
15,508,6,90,48
16,513,6,90,48
17,554,9,90,48
18,581,6,90,48
19,764,9,90,48
0,14,9,90,49
1,15,9,90,49
2,47,6,90,49
3,91,6,90,49
4,146,6,90,49
5,152,6,90,49
6,201,6,90,49
7,235,2,90,49
8,248,9,90,49
9,293,9,90,49
10,310,6,90,49
11,347,9,90,49
12,383,15,90,49
13,396,6,90,49
14,443,9,90,49
15,508,6,90,49
16,513,6,90,49
17,554,9,90,49
18,581,9,90,49
19,764,9,90,49
0,14,6,90,50
1,15,6,90,50
2,47,9,90,50
3,91,9,90,50
4,146,9,90,50
5,152,6,90,50
6,201,6,90,50
7,235,9,90,50
8,248,9,90,50
9,293,6,90,50
10,310,6,90,50
11,347,9,90,50
12,383,6,90,50
13,396,9,90,50
14,443,6,90,50
15,508,9,90,50
16,513,9,90,50
17,554,9,90,50
18,581,6,90,50
19,764,6,90,50
0,14,9,90,51
1,15,9,90,51
2,47,6,90,51
3,91,6,90,51
4,146,6,90,51
5,152,9,90,51
6,201,6,90,51
7,235,9,90,51
8,248,9,90,51
9,293,9,90,51
10,310,9,90,51
11,347,6,90,51
12,383,6,90,51
13,396,9,90,51
14,443,6,90,51
15,508,9,90,51
16,513,6,90,51
17,554,6,90,51
18,581,9,90,51
19,764,6,90,51
0,14,6,90,52
1,15,9,90,52
2,47,9,90,52
3,91,6,90,52
4,146,9,90,52
5,152,6,90,52
6,201,6,90,52
7,235,6,90,52
8,248,9,90,52
9,293,9,90,52
10,310,6,90,52
11,347,9,90,52
12,383,9,90,52
13,396,6,90,52
14,443,9,90,52
15,508,6,90,52
16,513,6,90,52
17,554,9,90,52
18,581,6,90,52
19,764,9,90,52
0,14,6,90,53
1,15,9,90,53
2,47,6,90,53
3,91,6,90,53
4,146,9,90,53
5,152,6,90,53
6,201,6,90,53
7,235,9,90,53
8,248,9,90,53
9,293,9,90,53
10,310,6,90,53
11,347,9,90,53
12,383,6,90,53
13,396,6,90,53
14,443,9,90,53
15,508,6,90,53
16,513,6,90,53
17,554,9,90,53
18,581,9,90,53
19,764,9,90,53
0,14,9,90,54
1,15,9,90,54
2,47,9,90,54
3,91,9,90,54
4,146,6,90,54
5,152,9,90,54
6,201,6,90,54
7,235,9,90,54
8,248,9,90,54
9,293,6,90,54
10,310,9,90,54
11,347,6,90,54
12,383,6,90,54
13,396,9,90,54
14,443,6,90,54
15,508,9,90,54
16,513,6,90,54
17,554,6,90,54
18,581,6,90,54
19,764,6,90,54
0,14,6,90,55
1,15,6,90,55
2,47,9,90,55
3,91,9,90,55
4,146,9,90,55
5,152,9,90,55
6,201,6,90,55
7,235,9,90,55
8,248,9,90,55
9,293,6,90,55
10,310,6,90,55
11,347,9,90,55
12,383,6,90,55
13,396,9,90,55
14,443,6,90,55
15,508,9,90,55
16,513,9,90,55
17,554,6,90,55
18,581,6,90,55
19,764,6,90,55
0,14,6,90,56
1,15,9,90,56
2,47,6,90,56
3,91,6,90,56
4,146,9,90,56
5,152,6,90,56
6,201,6,90,56
7,235,9,90,56
8,248,9,90,56
9,293,9,90,56
10,310,9,90,56
11,347,6,90,56
12,383,6,90,56
13,396,9,90,56
14,443,6,90,56
15,508,9,90,56
16,513,6,90,56
17,554,9,90,56
18,581,9,90,56
19,764,6,90,56
0,14,9,90,57
1,15,9,90,57
2,47,9,90,57
3,91,9,90,57
4,146,6,90,57
5,152,6,90,57
6,201,9,90,57
7,235,6,90,57
8,248,6,90,57
9,293,6,90,57
10,310,6,90,57
11,347,9,90,57
12,383,9,90,57
13,396,6,90,57
14,443,9,90,57
15,508,6,90,57
16,513,6,90,57
17,554,9,90,57
18,581,6,90,57
19,764,9,90,57
0,14,9,90,58
1,15,9,90,58
2,47,9,90,58
3,91,9,90,58
4,146,6,90,58
5,152,9,90,58
6,201,9,90,58
7,235,9,90,58
8,248,6,90,58
9,293,6,90,58
10,310,9,90,58
11,347,6,90,58
12,383,6,90,58
13,396,9,90,58
14,443,6,90,58
15,508,9,90,58
16,513,6,90,58
17,554,6,90,58
18,581,6,90,58
19,764,6,90,58
0,14,9,90,59
1,15,6,90,59
2,47,9,90,59
3,91,9,90,59
4,146,6,90,59
5,152,6,90,59
6,201,9,90,59
7,235,6,90,59
8,248,6,90,59
9,293,6,90,59
10,310,6,90,59
11,347,9,90,59
12,383,9,90,59
13,396,6,90,59
14,443,9,90,59
15,508,6,90,59
16,513,9,90,59
17,554,9,90,59
18,581,6,90,59
19,764,9,90,59
0,14,6,90,60
1,15,9,90,60
2,47,6,90,60
3,91,9,90,60
4,146,9,90,60
5,152,9,90,60
6,201,6,90,60
7,235,9,90,60
8,248,9,90,60
9,293,6,90,60
10,310,9,90,60
11,347,6,90,60
12,383,6,90,60
13,396,9,90,60
14,443,6,90,60
15,508,6,90,60
16,513,6,90,60
17,554,6,90,60
18,581,9,90,60
19,764,9,90,60
0,14,6,90,61
1,15,9,90,61
2,47,9,90,61
3,91,9,90,61
4,146,9,90,61
5,152,6,90,61
6,201,9,90,61
7,235,6,90,61
8,248,6,90,61
9,293,6,90,61
10,310,9,90,61
11,347,6,90,61
12,383,9,90,61
13,396,9,90,61
14,443,6,90,61
15,508,9,90,61
16,513,6,90,61
17,554,9,90,61
18,581,6,90,61
19,764,6,90,61
0,14,6,90,62
1,15,6,90,62
2,47,9,90,62
3,91,6,90,62
4,146,9,90,62
5,152,9,90,62
6,201,6,90,62
7,235,6,90,62
8,248,9,90,62
9,293,9,90,62
10,310,6,90,62
11,347,9,90,62
12,383,9,90,62
13,396,6,90,62
14,443,9,90,62
15,508,9,90,62
16,513,9,90,62
17,554,6,90,62
18,581,6,90,62
19,764,6,90,62
0,14,9,90,63
1,15,6,90,63
2,47,9,90,63
3,91,6,90,63
4,146,6,90,63
5,152,6,90,63
6,201,9,90,63
7,235,6,90,63
8,248,6,90,63
9,293,9,90,63
10,310,9,90,63
11,347,6,90,63
12,383,9,90,63
13,396,9,90,63
14,443,6,90,63
15,508,9,90,63
16,513,9,90,63
17,554,9,90,63
18,581,6,90,63
19,764,6,90,63
0,14,9,90,64
1,15,6,90,64
2,47,6,90,64
3,91,6,90,64
4,146,6,90,64
5,152,9,90,64
6,201,9,90,64
7,235,9,90,64
8,248,6,90,64
9,293,9,90,64
10,310,9,90,64
11,347,6,90,64
12,383,6,90,64
13,396,9,90,64
14,443,6,90,64
15,508,9,90,64
16,513,9,90,64
17,554,6,90,64
18,581,9,90,64
19,764,6,90,64
0,14,6,90,65
1,15,6,90,65
2,47,9,90,65
3,91,6,90,65
4,146,9,90,65
5,152,9,90,65
6,201,6,90,65
7,235,6,90,65
8,248,9,90,65
9,293,9,90,65
10,310,9,90,65
11,347,6,90,65
12,383,9,90,65
13,396,6,90,65
14,443,9,90,65
15,508,9,90,65
16,513,9,90,65
17,554,6,90,65
18,581,6,90,65
19,764,6,90,65
0,14,6,90,66
1,15,9,90,66
2,47,9,90,66
3,91,9,90,66
4,146,9,90,66
5,152,9,90,66
6,201,6,90,66
7,235,9,90,66
8,248,9,90,66
9,293,6,90,66
10,310,9,90,66
11,347,6,90,66
12,383,6,90,66
13,396,9,90,66
14,443,6,90,66
15,508,6,90,66
16,513,6,90,66
17,554,6,90,66
18,581,6,90,66
19,764,9,90,66
0,14,6,90,67
1,15,9,90,67
2,47,6,90,67
3,91,9,90,67
4,146,9,90,67
5,152,9,90,67
6,201,6,90,67
7,235,6,90,67
8,248,9,90,67
9,293,6,90,67
10,310,9,90,67
11,347,6,90,67
12,383,9,90,67
13,396,9,90,67
14,443,6,90,67
15,508,9,90,67
16,513,6,90,67
17,554,6,90,67
18,581,9,90,67
19,764,6,90,67
0,14,9,90,68
1,15,6,90,68
2,47,6,90,68
3,91,6,90,68
4,146,6,90,68
5,152,6,90,68
6,201,6,90,68
7,235,6,90,68
8,248,9,90,68
9,293,9,90,68
10,310,9,90,68
11,347,6,90,68
12,383,9,90,68
13,396,9,90,68
14,443,6,90,68
15,508,9,90,68
16,513,9,90,68
17,554,9,90,68
18,581,9,90,68
19,764,6,90,68
0,14,6,90,69
1,15,9,90,69
2,47,9,90,69
3,91,6,90,69
4,146,9,90,69
5,152,9,90,69
6,201,6,90,69
7,235,6,90,69
8,248,9,90,69
9,293,9,90,69
10,310,6,90,69
11,347,9,90,69
12,383,9,90,69
13,396,9,90,69
14,443,6,90,69
15,508,6,90,69
16,513,6,90,69
17,554,6,90,69
18,581,6,90,69
19,764,9,90,69
0,14,6,90,70
1,15,9,90,70
2,47,9,90,70
3,91,9,90,70
4,146,9,90,70
5,152,9,90,70
6,201,15,90,70
7,235,6,90,70
8,248,2,90,70
9,293,6,90,70
10,310,9,90,70
11,347,6,90,70
12,383,9,90,70
13,396,9,90,70
14,443,6,90,70
15,508,6,90,70
16,513,6,90,70
17,554,6,90,70
18,581,6,90,70
19,764,9,90,70
0,14,9,90,71
1,15,9,90,71
2,47,6,90,71
3,91,9,90,71
4,146,6,90,71
5,152,9,90,71
6,201,6,90,71
7,235,9,90,71
8,248,9,90,71
9,293,6,90,71
10,310,6,90,71
11,347,9,90,71
12,383,6,90,71
13,396,9,90,71
14,443,6,90,71
15,508,9,90,71
16,513,6,90,71
17,554,6,90,71
18,581,9,90,71
19,764,6,90,71
0,14,6,90,72
1,15,6,90,72
2,47,6,90,72
3,91,6,90,72
4,146,9,90,72
5,152,6,90,72
6,201,9,90,72
7,235,9,90,72
8,248,6,90,72
9,293,9,90,72
10,310,9,90,72
11,347,6,90,72
12,383,6,90,72
13,396,9,90,72
14,443,6,90,72
15,508,9,90,72
16,513,9,90,72
17,554,9,90,72
18,581,9,90,72
19,764,6,90,72
0,14,9,90,73
1,15,9,90,73
2,47,6,90,73
3,91,9,90,73
4,146,6,90,73
5,152,6,90,73
6,201,6,90,73
7,235,9,90,73
8,248,9,90,73
9,293,6,90,73
10,310,6,90,73
11,347,9,90,73
12,383,6,90,73
13,396,9,90,73
14,443,6,90,73
15,508,6,90,73
16,513,6,90,73
17,554,9,90,73
18,581,9,90,73
19,764,9,90,73
0,14,9,90,74
1,15,6,90,74
2,47,9,90,74
3,91,9,90,74
4,146,6,90,74
5,152,6,90,74
6,201,9,90,74
7,235,6,90,74
8,248,6,90,74
9,293,6,90,74
10,310,9,90,74
11,347,6,90,74
12,383,9,90,74
13,396,6,90,74
14,443,9,90,74
15,508,6,90,74
16,513,9,90,74
17,554,9,90,74
18,581,6,90,74
19,764,9,90,74
0,14,6,90,75
1,15,6,90,75
2,47,9,90,75
3,91,6,90,75
4,146,9,90,75
5,152,6,90,75
6,201,2,90,75
7,235,6,90,75
8,248,15,90,75
9,293,9,90,75
10,310,9,90,75
11,347,6,90,75
12,383,9,90,75
13,396,9,90,75
14,443,6,90,75
15,508,9,90,75
16,513,9,90,75
17,554,9,90,75
18,581,6,90,75
19,764,6,90,75
0,14,9,90,76
1,15,9,90,76
2,47,6,90,76
3,91,6,90,76
4,146,6,90,76
5,152,9,90,76
6,201,9,90,76
7,235,6,90,76
8,248,6,90,76
9,293,9,90,76
10,310,9,90,76
11,347,6,90,76
12,383,9,90,76
13,396,6,90,76
14,443,9,90,76
15,508,9,90,76
16,513,6,90,76
17,554,6,90,76
18,581,9,90,76
19,764,6,90,76
0,14,9,90,77
1,15,9,90,77
2,47,6,90,77
3,91,6,90,77
4,146,6,90,77
5,152,9,90,77
6,201,9,90,77
7,235,9,90,77
8,248,6,90,77
9,293,9,90,77
10,310,9,90,77
11,347,6,90,77
12,383,6,90,77
13,396,9,90,77
14,443,6,90,77
15,508,9,90,77
16,513,6,90,77
17,554,6,90,77
18,581,9,90,77
19,764,6,90,77
0,14,6,90,78
1,15,9,90,78
2,47,6,90,78
3,91,9,90,78
4,146,9,90,78
5,152,6,90,78
6,201,9,90,78
7,235,9,90,78
8,248,6,90,78
9,293,6,90,78
10,310,6,90,78
11,347,9,90,78
12,383,6,90,78
13,396,6,90,78
14,443,9,90,78
15,508,6,90,78
16,513,6,90,78
17,554,9,90,78
18,581,9,90,78
19,764,9,90,78
0,14,9,90,79
1,15,6,90,79
2,47,9,90,79
3,91,9,90,79
4,146,6,90,79
5,152,5,90,79
6,201,9,90,79
7,235,9,90,79
8,248,6,90,79
9,293,6,90,79
10,310,6,90,79
11,347,9,90,79
12,383,6,90,79
13,396,9,90,79
14,443,6,90,79
15,508,6,90,79
16,513,9,90,79
17,554,12,90,79
18,581,6,90,79
19,764,9,90,79
0,14,6,90,80
1,15,6,90,80
2,47,6,90,80
3,91,9,90,80
4,146,9,90,80
5,152,9,90,80
6,201,9,90,80
7,235,6,90,80
8,248,6,90,80
9,293,6,90,80
10,310,9,90,80
11,347,6,90,80
12,383,9,90,80
13,396,9,90,80
14,443,6,90,80
15,508,6,90,80
16,513,9,90,80
17,554,6,90,80
18,581,9,90,80
19,764,9,90,80
0,14,9,90,81
1,15,6,90,81
2,47,6,90,81
3,91,9,90,81
4,146,6,90,81
5,152,6,90,81
6,201,9,90,81
7,235,9,90,81
8,248,6,90,81
9,293,6,90,81
10,310,9,90,81
11,347,6,90,81
12,383,6,90,81
13,396,6,90,81
14,443,9,90,81
15,508,6,90,81
16,513,9,90,81
17,554,9,90,81
18,581,9,90,81
19,764,9,90,81
0,14,6,90,82
1,15,9,90,82
2,47,9,90,82
3,91,2,90,82
4,146,9,90,82
5,152,9,90,82
6,201,9,90,82
7,235,6,90,82
8,248,6,90,82
9,293,15,90,82
10,310,6,90,82
11,347,9,90,82
12,383,9,90,82
13,396,9,90,82
14,443,6,90,82
15,508,9,90,82
16,513,6,90,82
17,554,6,90,82
18,581,6,90,82
19,764,6,90,82
0,14,6,90,83
1,15,9,90,83
2,47,6,90,83
3,91,6,90,83
4,146,9,90,83
5,152,6,90,83
6,201,9,90,83
7,235,6,90,83
8,248,6,90,83
9,293,9,90,83
10,310,6,90,83
11,347,9,90,83
12,383,9,90,83
13,396,9,90,83
14,443,6,90,83
15,508,6,90,83
16,513,6,90,83
17,554,9,90,83
18,581,9,90,83
19,764,9,90,83
0,14,6,90,84
1,15,9,90,84
2,47,6,90,84
3,91,9,90,84
4,146,9,90,84
5,152,9,90,84
6,201,9,90,84
7,235,6,90,84
8,248,6,90,84
9,293,6,90,84
10,310,6,90,84
11,347,9,90,84
12,383,9,90,84
13,396,9,90,84
14,443,6,90,84
15,508,6,90,84
16,513,6,90,84
17,554,6,90,84
18,581,9,90,84
19,764,9,90,84
0,14,9,90,85
1,15,6,90,85
2,47,9,90,85
3,91,6,90,85
4,146,6,90,85
5,152,6,90,85
6,201,6,90,85
7,235,9,90,85
8,248,9,90,85
9,293,9,90,85
10,310,9,90,85
11,347,6,90,85
12,383,6,90,85
13,396,9,90,85
14,443,6,90,85
15,508,6,90,85
16,513,9,90,85
17,554,9,90,85
18,581,6,90,85
19,764,9,90,85
0,14,6,90,86
1,15,6,90,86
2,47,9,90,86
3,91,9,90,86
4,146,9,90,86
5,152,6,90,86
6,201,6,90,86
7,235,6,90,86
8,248,9,90,86
9,293,6,90,86
10,310,9,90,86
11,347,6,90,86
12,383,9,90,86
13,396,9,90,86
14,443,6,90,86
15,508,6,90,86
16,513,9,90,86
17,554,9,90,86
18,581,6,90,86
19,764,9,90,86
0,14,6,90,87
1,15,6,90,87
2,47,9,90,87
3,91,9,90,87
4,146,9,90,87
5,152,9,90,87
6,201,6,90,87
7,235,9,90,87
8,248,9,90,87
9,293,6,90,87
10,310,9,90,87
11,347,6,90,87
12,383,6,90,87
13,396,6,90,87
14,443,9,90,87
15,508,9,90,87
16,513,9,90,87
17,554,6,90,87
18,581,6,90,87
19,764,6,90,87
0,14,6,90,88
1,15,15,90,88
2,47,9,90,88
3,91,9,90,88
4,146,9,90,88
5,152,6,90,88
6,201,9,90,88
7,235,6,90,88
8,248,6,90,88
9,293,6,90,88
10,310,6,90,88
11,347,9,90,88
12,383,9,90,88
13,396,9,90,88
14,443,6,90,88
15,508,6,90,88
16,513,2,90,88
17,554,9,90,88
18,581,6,90,88
19,764,9,90,88
0,14,9,90,89
1,15,9,90,89
2,47,6,90,89
3,91,9,90,89
4,146,6,90,89
5,152,9,90,89
6,201,9,90,89
7,235,9,90,89
8,248,6,90,89
9,293,6,90,89
10,310,6,90,89
11,347,9,90,89
12,383,6,90,89
13,396,6,90,89
14,443,9,90,89
15,508,9,90,89
16,513,6,90,89
17,554,6,90,89
18,581,9,90,89
19,764,6,90,89
0,14,9,90,90
1,15,6,90,90
2,47,9,90,90
3,91,9,90,90
4,146,6,90,90
5,152,9,90,90
6,201,9,90,90
7,235,6,90,90
8,248,6,90,90
9,293,6,90,90
10,310,9,90,90
11,347,6,90,90
12,383,9,90,90
13,396,6,90,90
14,443,9,90,90
15,508,9,90,90
16,513,9,90,90
17,554,6,90,90
18,581,6,90,90
19,764,6,90,90
0,14,6,90,91
1,15,9,90,91
2,47,6,90,91
3,91,12,90,91
4,146,9,90,91
5,152,9,90,91
6,201,9,90,91
7,235,6,90,91
8,248,6,90,91
9,293,5,90,91
10,310,6,90,91
11,347,9,90,91
12,383,9,90,91
13,396,6,90,91
14,443,9,90,91
15,508,9,90,91
16,513,6,90,91
17,554,6,90,91
18,581,9,90,91
19,764,6,90,91
0,14,6,90,92
1,15,9,90,92
2,47,9,90,92
3,91,6,90,92
4,146,9,90,92
5,152,6,90,92
6,201,9,90,92
7,235,9,90,92
8,248,6,90,92
9,293,9,90,92
10,310,6,90,92
11,347,9,90,92
12,383,6,90,92
13,396,9,90,92
14,443,6,90,92
15,508,6,90,92
16,513,6,90,92
17,554,9,90,92
18,581,6,90,92
19,764,9,90,92
0,14,9,90,93
1,15,6,90,93
2,47,9,90,93
3,91,9,90,93
4,146,6,90,93
5,152,9,90,93
6,201,6,90,93
7,235,6,90,93
8,248,9,90,93
9,293,6,90,93
10,310,9,90,93
11,347,6,90,93
12,383,9,90,93
13,396,5,90,93
14,443,12,90,93
15,508,6,90,93
16,513,9,90,93
17,554,6,90,93
18,581,6,90,93
19,764,9,90,93
0,14,6,90,94
1,15,9,90,94
2,47,9,90,94
3,91,6,90,94
4,146,9,90,94
5,152,9,90,94
6,201,6,90,94
7,235,12,90,94
8,248,9,90,94
9,293,9,90,94
10,310,9,90,94
11,347,6,90,94
12,383,5,90,94
13,396,9,90,94
14,443,6,90,94
15,508,6,90,94
16,513,6,90,94
17,554,6,90,94
18,581,6,90,94
19,764,9,90,94
0,14,6,90,95
1,15,9,90,95
2,47,6,90,95
3,91,9,90,95
4,146,9,90,95
5,152,6,90,95
6,201,9,90,95
7,235,9,90,95
8,248,6,90,95
9,293,6,90,95
10,310,6,90,95
11,347,9,90,95
12,383,6,90,95
13,396,6,90,95
14,443,9,90,95
15,508,9,90,95
16,513,6,90,95
17,554,9,90,95
18,581,9,90,95
19,764,6,90,95
0,14,6,90,96
1,15,9,90,96
2,47,9,90,96
3,91,9,90,96
4,146,9,90,96
5,152,6,90,96
6,201,9,90,96
7,235,6,90,96
8,248,6,90,96
9,293,6,90,96
10,310,9,90,96
11,347,6,90,96
12,383,9,90,96
13,396,6,90,96
14,443,9,90,96
15,508,9,90,96
16,513,6,90,96
17,554,9,90,96
18,581,6,90,96
19,764,6,90,96
0,14,6,90,97
1,15,6,90,97
2,47,9,90,97
3,91,6,90,97
4,146,9,90,97
5,152,6,90,97
6,201,6,90,97
7,235,6,90,97
8,248,9,90,97
9,293,9,90,97
10,310,9,90,97
11,347,6,90,97
12,383,9,90,97
13,396,9,90,97
14,443,6,90,97
15,508,6,90,97
16,513,9,90,97
17,554,9,90,97
18,581,6,90,97
19,764,9,90,97
0,14,6,90,98
1,15,6,90,98
2,47,6,90,98
3,91,6,90,98
4,146,9,90,98
5,152,9,90,98
6,201,9,90,98
7,235,9,90,98
8,248,6,90,98
9,293,9,90,98
10,310,6,90,98
11,347,9,90,98
12,383,6,90,98
13,396,6,90,98
14,443,9,90,98
15,508,9,90,98
16,513,9,90,98
17,554,6,90,98
18,581,9,90,98
19,764,6,90,98
0,14,9,90,99
1,15,6,90,99
2,47,6,90,99
3,91,6,90,99
4,146,6,90,99
5,152,6,90,99
6,201,9,90,99
7,235,6,90,99
8,248,6,90,99
9,293,9,90,99
10,310,9,90,99
11,347,6,90,99
12,383,9,90,99
13,396,9,90,99
14,443,6,90,99
15,508,9,90,99
16,513,9,90,99
17,554,9,90,99
18,581,9,90,99
19,764,6,90,99
0,14,6,90,100
1,15,9,90,100
2,47,9,90,100
3,91,6,90,100
4,146,9,90,100
5,152,9,90,100
6,201,9,90,100
7,235,9,90,100
8,248,6,90,100
9,293,9,90,100
10,310,9,90,100
11,347,6,90,100
12,383,6,90,100
13,396,9,90,100
14,443,6,90,100
15,508,9,90,100
16,513,6,90,100
17,554,6,90,100
18,581,6,90,100
19,764,6,90,100
