,player_id,event,event_id,web_name,points_md,xmins_md,team,opp_team
0,1,38,373,Raya,2.74,67.5,1,8
1,2,38,373,Arrizabalaga,0.87,22.8,1,8
2,3,38,373,Hein,0.0,0.0,1,8
3,4,38,373,Setford,0.0,0.0,1,8
4,5,38,373,Gabriel,3.27,59.55,1,8
5,6,38,373,Saliba,2.39,55.35,1,8
6,7,38,373,Calafiori,1.02,22.2,1,8
7,8,38,373,J.Timber,0.25,6.0,1,8
8,9,38,373,Kiwior,0.0,0.0,1,8
9,10,38,373,Lewis-Skelly,2.37,56.7,1,8
10,11,38,373,White,0.0,0.0,1,8
11,12,38,377,Zinchenko,0.0,0.0,16,4
12,13,38,373,Clarke,0.0,0.0,1,8
13,14,38,373,Kacurri,0.0,0.0,1,8
14,15,38,373,Nichols,0.0,0.0,1,8
15,16,38,373,Saka,2.42,37.8,1,8
16,17,38,373,Ødegaard,2.08,41.4,1,8
17,18,38,373,Madueke,3.58,66.9,1,8
18,19,38,373,Martinelli,3.65,66.9,1,8
19,20,38,373,Trossard,1.68,30.3,1,8
20,21,38,373,Rice,1.54,29.25,1,8
21,22,38,373,Merino,0.0,0.0,1,8
22,23,38,373,Fábio Vieira,0.0,0.0,1,8
23,24,38,373,Nørgaard,2.19,52.8,1,8
24,25,38,373,Nwaneri,0.0,0.0,1,8
25,26,38,373,Zubimendi,2.44,62.4,1,8
26,27,38,375,Nelson,0.37,7.5,5,12
27,28,38,373,Kabia,0.0,0.0,1,8
28,29,38,373,Sambi,0.0,0.0,1,8
29,30,38,373,Havertz,1.72,33.45,1,8
30,31,38,373,G.Jesus,1.4,28.5,1,8
31,32,38,376,Martinez,0.11,4.5,2,13
32,33,38,376,M.Bizot,2.13,85.5,2,13
33,34,38,376,Gauci,0.0,0.0,2,13
34,35,38,376,Marschall,0.0,0.0,2,13
35,36,38,376,Cash,0.86,30.15,2,13
36,37,38,376,Digne,0.55,16.05,2,13
37,38,38,376,Konsa,0.81,32.85,2,13
38,39,38,376,Maatsen,2.15,80.1,2,13
39,40,38,376,Mings,1.64,74.55,2,13
40,41,38,376,Pau,0.73,29.1,2,13
41,42,38,376,A.García,1.54,60.15,2,13
42,43,38,376,Alex Moreno,0.0,0.0,2,13
43,44,38,376,Bogarde,1.67,72.0,2,13
44,45,38,376,Sousa,0.0,0.0,2,13
45,46,38,376,Yasin,0.0,0.0,2,13
46,47,38,376,Rogers,1.29,28.35,2,13
47,48,38,376,Tielemans,1.55,36.15,2,13
48,49,38,376,Bailey,2.02,48.0,2,13
49,50,38,376,Buendía,1.88,37.05,2,13
50,51,38,376,Iling Jr,0.0,0.0,2,13
51,52,38,374,J.Ramsey,3.11,73.8,15,10
52,53,38,376,Malen,0.0,0.0,2,13
53,54,38,376,McGinn,1.42,36.0,2,13
54,55,38,376,Barkley,2.52,64.8,2,13
55,56,38,376,Barrenechea,0.0,0.0,2,13
56,57,38,376,Dobbin,0.0,0.0,2,13
57,58,38,376,Kamara,0.0,0.0,2,13
58,59,38,376,Onana,1.35,36.0,2,13
59,60,38,376,Broggio,0.0,0.0,2,13
60,61,38,376,Dendoncker,0.0,0.0,2,13
61,62,38,376,Jimoh-Aloba,0.0,0.0,2,13
62,63,38,376,Young,0.0,0.0,2,13
63,64,38,376,Watkins,1.54,29.7,2,13
64,65,38,376,Redmond,0.0,0.0,2,13
65,66,38,377,Neto,0.0,0.0,4,16
66,67,38,377,Petrović,3.27,89.1,4,16
67,68,38,377,Dennis,0.0,0.0,4,16
68,69,38,377,McKenna,0.0,0.0,4,16
69,70,38,377,Paulsen,0.0,0.0,4,16
70,71,38,377,Zabarnyi,0.0,0.0,4,16
71,72,38,377,Senesi,4.33,87.45,4,16
72,73,38,377,Smith,2.95,84.75,4,16
73,74,38,377,Truffert,3.81,87.45,4,16
74,75,38,377,Akinmboni,0.0,0.0,4,16
75,76,38,377,Bevan,0.0,0.0,4,16
76,77,38,377,Hill,4.26,87.45,4,16
77,78,38,377,J.Araujo,0.0,0.0,4,16
78,79,38,377,Mepham,0.0,0.0,4,16
79,80,38,377,Soler,0.0,0.0,4,16
80,81,38,377,Kluivert,1.13,18.0,4,16
81,82,38,376,Semenyo,4.68,65.7,13,2
82,83,38,375,O.Dango,3.57,74.7,5,12
83,84,38,377,Tavernier,4.48,80.4,4,16
84,85,38,377,Adams,3.46,86.1,4,16
85,86,38,377,Brooks,0.99,18.15,4,16
86,87,38,377,Christie,0.0,0.0,4,16
87,88,38,377,Cook,0.72,15.6,4,16
88,89,38,377,Philip,0.0,0.0,4,16
89,90,38,377,Scott,4.55,86.1,4,16
90,91,38,377,Sinisterra,0.0,0.0,4,16
91,92,38,377,Faivre,0.0,0.0,4,16
92,93,38,377,H.Traorè,0.0,0.0,4,16
93,94,38,377,Sadi,0.0,0.0,4,16
94,95,38,377,Silcott-Duberry,0.0,0.0,4,16
95,96,38,377,Winterburn,0.0,0.0,4,16
96,97,38,377,Evanilson,3.92,77.1,4,16
97,98,38,377,Enes Ünal,0.7,12.0,4,16
98,99,38,377,Adu-Adjei,0.0,0.0,4,16
99,100,38,377,Kroupi.Jr,4.31,72.9,4,16
100,101,38,375,Kelleher,2.63,89.1,5,12
101,102,38,375,Balcombe,0.0,0.0,5,12
102,103,38,375,Cox,0.0,0.0,5,12
103,104,38,375,Eyestone,0.0,0.0,5,12
104,105,38,375,Valdimarsson,0.03,0.9,5,12
105,106,38,375,Collins,2.93,81.0,5,12
106,107,38,375,Lewis-Potter,2.88,79.05,5,12
107,108,38,375,Ajer,2.67,71.7,5,12
108,109,38,375,Henry,0.0,0.0,5,12
109,110,38,375,Kayode,2.55,85.35,5,12
110,111,38,375,Pinnock,0.1,2.4,5,12
111,112,38,375,Roerslev,0.0,0.0,5,12
112,113,38,375,Van den Berg,0.83,21.45,5,12
113,114,38,375,Arthur,0.0,0.0,5,12
114,115,38,375,Fredrick,0.0,0.0,5,12
115,116,38,375,Hickey,0.36,9.75,5,12
116,117,38,375,Ji-soo,0.0,0.0,5,12
117,118,38,375,Meghoma,0.0,0.0,5,12
118,119,38,371,Mbeumo,3.85,75.0,14,6
119,120,38,375,Schade,3.6,77.4,5,12
120,121,38,375,Damsgaard,3.54,72.9,5,12
121,122,38,375,Milambo,0.0,0.0,5,12
122,123,38,375,Carvalho,0.0,0.0,5,12
123,124,38,375,Henderson,1.37,36.9,5,12
124,125,38,375,Janelt,2.82,65.55,5,12
125,126,38,375,Jensen,3.37,80.55,5,12
126,127,38,375,Nunes,0.0,0.0,5,12
127,128,38,375,Onyeka,0.0,0.0,5,12
128,129,38,375,Yarmoliuk,2.69,72.15,5,12
129,130,38,375,Donovan,0.29,6.0,5,12
130,131,38,375,Konak,0.0,0.0,5,12
131,132,38,375,Maghoma,0.0,0.0,5,12
132,133,38,375,Peart-Harris,0.0,0.0,5,12
133,134,38,375,Trevitt,0.0,0.0,5,12
134,135,38,374,Wissa,0.94,16.2,15,10
135,136,38,375,Thiago,4.36,84.15,5,12
136,137,38,375,Morgan,0.0,0.0,5,12
137,138,38,371,Steele,0.03,0.9,6,14
138,139,38,371,Verbruggen,3.26,89.1,6,14
139,140,38,371,McGill,0.0,0.0,6,14
140,141,38,371,Rushworth,0.0,0.0,6,14
141,142,38,371,Scherpen,0.0,0.0,6,14
142,143,38,371,Boscagli,0.26,6.0,6,14
143,144,38,371,Coppola,0.0,0.0,6,14
144,145,38,371,De Cuyper,3.64,70.8,6,14
145,146,38,371,Dunk,3.23,85.05,6,14
146,147,38,371,Estupiñan,0.0,0.0,6,14
147,148,38,371,F.Kadıoğlu,3.32,84.0,6,14
148,149,38,371,Igor,0.0,0.0,6,14
149,150,38,371,Lamptey,0.0,0.0,6,14
150,151,38,371,Van Hecke,3.76,87.45,6,14
151,152,38,371,Veltman,0.68,16.65,6,14
152,153,38,371,Webster,0.0,0.0,6,14
153,154,38,371,Cashin,0.0,0.0,6,14
154,155,38,371,Slater,0.0,0.0,6,14
155,156,38,371,Tasker,0.01,0.3,6,14
156,157,38,371,Mitoma,0.0,0.0,6,14
157,158,38,371,Georginio,1.11,18.15,6,14
158,159,38,371,March,0.16,3.0,6,14
159,160,38,371,Minteh,4.17,75.0,6,14
160,161,38,371,Enciso,0.0,0.0,6,14
161,162,38,371,Gruda,0.0,0.0,6,14
162,163,38,371,Hinshelwood,4.19,81.3,6,14
163,164,38,371,O'Riley,0.09,1.5,6,14
164,165,38,371,Sima,0.0,0.0,6,14
165,166,38,371,Ayari,1.12,24.0,6,14
166,167,38,371,Baleba,2.99,71.7,6,14
167,168,38,380,Buonanotte,0.28,6.0,11,19
168,169,38,371,Gomez,3.29,58.35,6,14
169,170,38,371,Milner,0.82,18.6,6,14
170,171,38,371,Sarmiento,0.0,0.0,6,14
171,172,38,371,Watson,0.0,0.0,6,14
172,173,38,371,Wieffer,2.76,61.8,6,14
173,174,38,371,Yalcouye,0.0,0.0,6,14
174,175,38,371,Knight,0.0,0.0,6,14
175,176,38,371,Mazilu,0.0,0.0,6,14
176,177,38,371,Moran,0.0,0.0,6,14
177,178,38,371,Welbeck,5.17,79.05,6,14
178,179,38,371,Ferguson,0.0,0.0,6,14
179,180,38,371,Tzimas,0.0,0.0,6,14
180,181,38,371,Kostoulas,0.98,16.5,6,14
181,182,38,376,Trafford,0.66,18.0,13,2
182,183,38,372,Weiss,3.21,81.0,3,20
183,184,38,372,Green,0.0,0.0,3,20
184,185,38,372,Hladký,0.0,0.0,3,20
185,186,38,372,Roberts,0.11,2.7,3,20
186,187,38,372,Walker,2.91,81.15,3,20
187,188,38,372,Delcroix,0.0,0.0,3,20
188,189,38,372,Dodgson,0.0,0.0,3,20
189,190,38,372,Ekdal,0.31,7.2,3,20
190,191,38,372,Estève,3.8,87.45,3,20
191,192,38,372,Hartman,0.73,15.75,3,20
192,193,38,372,Humphreys,0.34,8.55,3,20
193,194,38,372,Jordan,0.0,0.0,3,20
194,195,38,372,Lucas Pires,3.08,75.45,3,20
195,196,38,372,Sambo,0.0,0.0,3,20
196,197,38,372,Sonne,0.0,0.0,3,20
197,198,38,372,Tuanzebe,3.09,75.9,3,20
198,199,38,372,Worrall,0.41,9.75,3,20
199,200,38,372,Anthony,4.45,80.4,3,20
200,201,38,372,Benson,0.0,0.0,3,20
201,202,38,372,Bruun Larsen,0.46,9.6,3,20
202,203,38,372,Boateng,0.0,0.0,3,20
203,204,38,372,Churlinov,0.0,0.0,3,20
204,205,38,372,Cullen,0.0,0.0,3,20
205,206,38,372,Edwards,0.86,16.2,3,20
206,207,38,372,Hannibal,2.9,68.1,3,20
207,208,38,372,Koleosho,0.0,0.0,3,20
208,209,38,372,Laurent,1.12,33.0,3,20
209,210,38,372,Tchaouna,3.23,68.4,3,20
210,211,38,372,A.Ramsey,0.0,0.0,3,20
211,212,38,372,Adewumi,0.0,0.0,3,20
212,213,38,372,Banel,0.0,0.0,3,20
213,214,38,372,Trésor,0.24,5.7,3,20
214,215,38,372,Flemming,4.22,81.9,3,20
215,216,38,372,Amdouni,0.32,6.0,3,20
216,217,38,372,Foster,0.97,18.75,3,20
217,218,38,372,Barnes,0.08,1.5,3,20
218,219,38,372,Obafemi,0.0,0.0,3,20
219,220,38,378,Sánchez,3.23,88.2,7,17
220,221,38,378,Jörgensen,0.07,1.8,7,17
221,222,38,378,Penders,0.0,0.0,7,17
222,223,38,378,Slonina,0.0,0.0,7,17
223,224,38,378,Cucurella,3.32,81.15,7,17
224,225,38,378,James,3.28,69.0,7,17
225,226,38,378,Chalobah,0.53,12.75,7,17
226,227,38,378,Colwill,2.78,72.0,7,17
227,228,38,378,Gusto,1.27,27.3,7,17
228,229,38,378,B.Badiashile,0.15,3.9,7,17
229,230,38,378,Fofana,3.68,77.85,7,17
230,231,38,378,M.Sarr,0.14,3.9,7,17
231,232,38,378,Tosin,0.65,15.75,7,17
232,233,38,378,Acheampong,0.51,11.25,7,17
233,234,38,378,Anselmino,0.0,0.0,7,17
234,235,38,378,Palmer,4.87,80.4,7,17
235,236,38,378,Neto,3.06,60.3,7,17
236,237,38,378,Enzo,4.18,84.0,7,17
237,238,38,378,Estêvão,0.0,0.0,7,17
238,239,38,378,Gittens,0.0,0.0,7,17
239,240,38,378,Nkunku,0.0,0.0,7,17
240,241,38,378,Caicedo,3.18,84.9,7,17
241,242,38,379,Dewsbury-Hall,3.74,83.85,9,18
242,243,38,379,George,0.68,15.3,9,18
243,244,38,378,Lavia,0.38,10.35,7,17
244,245,38,378,Mudryk,0.0,0.0,7,17
245,246,38,378,Andrey Santos,3.08,73.2,7,17
246,247,38,378,D.Essugo,0.0,0.0,7,17
247,248,38,378,Paez,0.0,0.0,7,17
248,249,38,378,João Pedro,3.84,70.95,7,17
249,250,38,378,Delap,2.09,40.35,7,17
250,251,38,378,N.Jackson,0.0,0.0,7,17
251,252,38,378,Marc Guiu,0.08,1.5,7,17
252,253,38,373,Henderson,3.15,88.2,8,1
253,254,38,373,Benitez,0.06,1.8,8,1
254,255,38,373,Matthews,0.0,0.0,8,1
255,256,38,373,Muñoz,3.47,81.75,8,1
256,257,38,373,Lacroix,3.62,84.0,8,1
257,258,38,373,Mitchell,2.79,75.15,8,1
258,259,38,373,Sosa,0.41,10.8,8,1
259,260,38,376,Guéhi,3.1,63.6,13,2
260,261,38,373,Richards,0.0,0.0,8,1
261,262,38,373,Chadi Riad,2.79,78.9,8,1
262,263,38,373,Clyne,0.34,9.15,8,1
263,264,38,373,Holding,0.0,0.0,8,1
264,265,38,373,Kporha,0.0,0.0,8,1
265,266,38,373,Eze,3.01,55.8,1,8
266,267,38,373,Sarr,2.79,57.0,8,1
267,268,38,373,Doucouré,0.0,0.0,8,1
268,269,38,373,Esse,0.0,0.0,8,1
269,270,38,373,Hughes,1.18,36.6,8,1
270,271,38,373,Kamada,2.1,56.7,8,1
271,272,38,373,Lerma,2.03,57.3,8,1
272,273,38,373,Wharton,2.74,68.4,8,1
273,274,38,373,Agbinone,0.01,0.3,8,1
274,275,38,373,Ahamada,0.0,0.0,8,1
275,276,38,373,Devenny,0.66,14.7,8,1
276,277,38,373,Ebiowei,0.0,0.0,8,1
277,278,38,373,J.Rak-Sakyi,0.0,0.0,8,1
278,279,38,373,M.França,0.0,0.0,8,1
279,280,38,373,Ozoh,0.0,0.0,8,1
280,281,38,373,Rodney,0.01,0.3,8,1
281,282,38,373,Umeh,0.0,0.0,8,1
282,283,38,373,Mateta,2.92,57.0,8,1
283,284,38,373,Nketiah,0.0,0.0,8,1
284,285,38,373,Édouard,0.0,0.0,8,1
285,286,38,373,Marsh,0.01,0.3,8,1
286,287,38,379,Pickford,3.21,89.1,9,18
287,288,38,379,Travers,0.03,0.9,9,18
288,289,38,379,Tyrer,0.0,0.0,9,18
289,290,38,379,Branthwaite,0.0,0.0,9,18
290,291,38,379,Tarkowski,3.72,87.45,9,18
291,292,38,379,Mykolenko,3.09,85.2,9,18
292,293,38,379,O'Brien,2.77,85.95,9,18
293,294,38,379,Coleman,0.09,2.4,9,18
294,295,38,379,Keane,3.71,84.9,9,18
295,296,38,379,Patterson,0.17,4.5,9,18
296,297,38,379,Dixon,0.0,0.0,9,18
297,298,38,379,Welch,0.0,0.0,9,18
298,299,38,379,Ndiaye,4.17,83.25,9,18
299,300,38,379,McNeil,0.75,17.25,9,18
300,301,38,379,Alcaraz,0.53,12.45,9,18
301,302,38,379,Gana,1.25,35.4,9,18
302,303,38,379,Garner,4.18,87.0,9,18
303,304,38,379,Iroegbunam,2.58,69.6,9,18
304,305,38,379,Armstrong,0.5,12.45,9,18
305,306,38,379,Bates,0.01,0.3,9,18
306,307,38,379,Ebere,0.01,0.3,9,18
307,308,38,379,Heath,0.0,0.0,9,18
308,309,38,379,Metcalfe,0.0,0.0,9,18
309,310,38,379,Barry,1.28,27.9,9,18
310,311,38,379,Beto,3.2,71.7,9,18
311,312,38,379,Y.Chermiti,0.0,0.0,9,18
312,313,38,379,Sherif,0.0,0.0,9,18
313,314,38,374,Leno,2.8,89.1,10,15
314,315,38,374,Benda,0.0,0.0,10,15
315,316,38,374,Robinson,3.49,78.3,10,15
316,317,38,374,Andersen,0.0,0.0,10,15
317,318,38,374,Bassey,2.59,81.0,10,15
318,319,38,374,Castagne,2.98,80.55,10,15
319,320,38,374,Diop,2.81,83.4,10,15
320,321,38,374,J.Cuenca,1.19,27.75,10,15
321,322,38,374,Tete,0.57,14.1,10,15
322,323,38,374,Amissah,0.06,1.5,10,15
323,324,38,374,Iwobi,3.71,82.5,10,15
324,325,38,374,Smith Rowe,3.3,61.65,10,15
325,326,38,380,Adama,0.0,0.0,19,11
326,327,38,374,Andreas,0.0,0.0,10,15
327,328,38,374,Sessegnon,0.94,20.7,10,15
328,329,38,374,Wilson,1.19,18.0,10,15
329,330,38,374,Berge,1.56,45.3,10,15
330,331,38,374,Cairney,0.86,20.4,10,15
331,332,38,374,Lukić,2.91,73.8,10,15
332,333,38,374,Godo,0.0,0.0,10,15
333,334,38,374,Harris,0.0,0.0,10,15
334,335,38,374,King,1.17,24.0,10,15
335,336,38,374,Reed,0.06,1.5,10,15
336,337,38,374,Raúl,2.1,33.9,10,15
337,338,38,374,Muniz,3.25,60.75,10,15
338,339,38,380,Meslier,0.0,0.0,11,19
339,340,38,380,Cairns,0.0,0.0,11,19
340,341,38,380,Darlow,2.5,85.5,11,19
341,342,38,380,Bogle,1.85,62.85,11,19
342,343,38,380,Struijk,2.34,72.6,11,19
343,344,38,380,Bijol,3.11,84.45,11,19
344,345,38,380,Bornauw,1.45,45.75,11,19
345,346,38,380,Byram,0.05,1.5,11,19
346,347,38,380,Gudmundsson,0.0,0.0,11,19
347,348,38,380,Rodon,2.54,86.85,11,19
348,349,38,380,Schmidt,0.0,0.0,11,19
349,350,38,380,Aaronson,3.27,79.05,11,19
350,351,38,380,Gnonto,1.23,26.85,11,19
351,352,38,380,Harrison,0.0,0.0,11,19
352,353,38,380,James,2.9,73.2,11,19
353,354,38,380,Ampadu,3.2,86.7,11,19
354,355,38,380,Greenwood,0.0,0.0,11,19
355,356,38,380,Gruev,0.0,0.0,11,19
356,357,38,380,Ramazani,0.0,0.0,11,19
357,358,38,380,Tanaka,3.47,84.75,11,19
358,359,38,380,Crew,0.0,0.0,11,19
359,360,38,380,Gelhardt,0.0,0.0,11,19
360,361,38,380,Gyabi,0.0,0.0,11,19
361,362,38,380,Piroe,0.08,1.5,11,19
362,363,38,380,Bamford,0.0,0.0,11,19
363,364,38,380,Mateo Joseph,0.0,0.0,11,19
364,365,38,380,Nmecha,2.83,64.35,11,19
365,366,38,375,A.Becker,2.58,72.0,12,5
366,367,38,375,Mamardashvili,0.61,18.0,12,5
367,368,38,375,Pécsi,0.0,0.0,12,5
368,369,38,375,Woodman,0.0,0.0,12,5
369,370,38,375,Frimpong,0.86,19.05,12,5
370,371,38,375,Kerkez,0.99,24.0,12,5
371,372,38,375,Robertson,3.23,75.45,12,5
372,373,38,375,Virgil,3.89,87.45,12,5
373,374,38,375,Konaté,3.62,83.85,12,5
374,375,38,375,Bradley,0.0,0.0,12,5
375,376,38,375,Gomez,1.72,39.6,12,5
376,377,38,375,Tsimikas,0.0,0.0,12,5
377,378,38,375,Nallo,0.01,0.3,12,5
378,379,38,375,R.Williams,0.01,0.3,12,5
379,380,38,375,Ramsay,0.01,0.3,12,5
380,381,38,375,M.Salah,5.26,76.2,12,5
381,382,38,375,Wirtz,4.48,76.35,12,5
382,383,38,375,Luis Díaz,0.0,0.0,12,5
383,384,38,375,Gakpo,4.68,76.35,12,5
384,385,38,375,Chiesa,0.15,2.7,12,5
385,386,38,375,Mac Allister,2.76,69.75,12,5
386,387,38,375,Szoboszlai,4.51,86.85,12,5
387,388,38,375,C.Jones,3.0,63.15,12,5
388,389,38,376,Elliott,0.0,0.0,2,13
389,390,38,375,Gravenberch,3.04,83.25,12,5
390,391,38,377,Gannon-Doak,0.59,10.95,4,16
391,392,38,375,Endo,0.0,0.0,12,5
392,393,38,375,Bajcetic,0.01,0.3,12,5
393,394,38,375,McConnell,0.0,0.0,12,5
394,395,38,375,Morton,0.0,0.0,12,5
395,396,38,375,Nyoni,0.01,0.3,12,5
396,397,38,375,Darwin,0.0,0.0,12,5
397,398,38,375,Danns,0.02,0.3,12,5
398,399,38,376,Ederson M.,0.0,0.0,13,2
399,400,38,377,Ortega Moreno,0.13,4.5,16,4
400,401,38,376,Bettinelli,0.0,0.0,13,2
401,402,38,376,Aït-Nouri,2.88,54.0,13,2
402,403,38,376,Gvardiol,1.41,28.8,13,2
403,404,38,376,Akanji,0.0,0.0,13,2
404,405,38,376,Aké,1.38,28.5,13,2
405,406,38,376,Khusanov,1.08,24.6,13,2
406,407,38,376,Matheus N.,2.28,49.5,13,2
407,408,38,376,Rúben,0.63,15.45,13,2
408,409,38,376,Stones,2.92,62.55,13,2
409,410,38,376,Lewis,1.8,34.8,13,2
410,411,38,376,O'Reilly,1.1,22.2,13,2
411,412,38,376,Vitor Reis,0.0,0.0,13,2
412,413,38,376,Marmoush,5.14,64.8,13,2
413,414,38,376,Foden,5.19,70.65,13,2
414,415,38,376,Savinho,2.5,44.7,13,2
415,416,38,376,Bernardo,3.34,73.8,13,2
416,417,38,376,Cherki,1.25,17.7,13,2
417,418,38,376,Doku,4.08,69.45,13,2
418,419,38,379,Grealish,0.0,0.0,9,18
419,420,38,376,Gündoğan,0.0,0.0,13,2
420,421,38,376,Rodrigo,2.73,54.0,13,2
421,422,38,376,Kovačić,0.76,18.6,13,2
422,423,38,376,N.Gonzalez,1.03,24.75,13,2
423,424,38,374,Bobb,3.33,64.8,10,15
424,425,38,376,Echeverri,0.0,0.0,13,2
425,426,38,377,McAtee,0.5,11.1,16,4
426,427,38,376,Reijnders,1.78,32.25,13,2
427,428,38,376,Nypan,0.0,0.0,13,2
428,429,38,376,Phillips,0.0,0.0,13,2
429,430,38,376,Haaland,1.85,20.7,13,2
430,431,38,371,Bayindir,0.02,0.9,14,6
431,432,38,371,Onana,0.0,0.0,14,6
432,433,38,371,Harrison,0.0,0.0,14,6
433,434,38,371,Heaton,0.0,0.0,14,6
434,435,38,371,Mee,0.0,0.0,14,6
435,436,38,371,De Ligt,0.0,0.0,14,6
436,437,38,371,Martinez,1.92,64.95,14,6
437,438,38,371,Mazraoui,0.96,27.0,14,6
438,439,38,371,D.Leon,0.0,0.0,14,6
439,440,38,371,Dalot,2.23,76.95,14,6
440,441,38,371,Dorgu,0.71,18.3,14,6
441,442,38,371,Maguire,2.55,79.8,14,6
442,443,38,371,Shaw,2.15,81.75,14,6
443,444,38,371,Yoro,0.56,16.2,14,6
444,445,38,371,Amass,0.0,0.0,14,6
445,446,38,371,Fredricson,0.0,0.0,14,6
446,447,38,371,Heaven,1.08,31.35,14,6
447,448,38,371,Malacia,0.02,0.6,14,6
448,449,38,371,B.Fernandes,4.85,87.6,14,6
449,450,38,371,Cunha,4.0,81.6,14,6
450,451,38,371,Rashford,0.0,0.0,14,6
451,452,38,371,Amad,3.45,75.75,14,6
452,453,38,378,Garnacho,1.47,26.7,7,17
453,454,38,371,Antony,0.0,0.0,14,6
454,455,38,371,Mount,2.66,60.9,14,6
455,456,38,376,Sancho,2.68,67.2,2,13
456,457,38,371,Casemiro,0.0,0.0,14,6
457,458,38,371,Mainoo,3.03,82.95,14,6
458,459,38,371,Ugarte,1.97,49.5,14,6
459,460,38,371,Collyer,0.0,0.0,14,6
460,461,38,371,Fitzgerald,0.01,0.3,14,6
461,462,38,371,J.Fletcher,0.05,1.2,14,6
462,463,38,371,Kone,0.0,0.0,14,6
463,464,38,371,Moorhouse,0.0,0.0,14,6
464,465,38,371,Højlund,0.0,0.0,14,6
465,466,38,371,Zirkzee,0.78,18.0,14,6
466,467,38,371,Obi,0.03,0.6,14,6
467,468,38,371,Wheatley,0.0,0.0,14,6
468,469,38,374,Pope,2.32,81.0,15,10
469,470,38,372,Dúbravka,0.34,9.0,3,20
470,471,38,374,Gillespie,0.0,0.0,15,10
471,472,38,374,Odysseas,0.0,0.0,15,10
472,473,38,374,Hall,3.26,83.55,15,10
473,474,38,374,Schär,0.0,0.0,15,10
474,475,38,374,Botman,3.52,84.45,15,10
475,476,38,374,Burn,2.86,77.4,15,10
476,477,38,374,Livramento,0.0,0.0,15,10
477,478,38,374,Trippier,1.33,36.15,15,10
478,479,38,374,Krafth,0.0,0.0,15,10
479,480,38,374,Lascelles,0.0,0.0,15,10
480,481,38,374,A.Murphy,0.0,0.0,15,10
481,482,38,374,Ashby,0.0,0.0,15,10
482,483,38,374,Pivas,0.0,0.0,15,10
483,484,38,374,Targett,0.0,0.0,15,10
484,485,38,374,Gordon,0.26,4.35,15,10
485,486,38,374,Elanga,0.66,13.05,15,10
486,487,38,374,Barnes,3.78,75.75,15,10
487,488,38,374,Bruno G.,4.22,83.25,15,10
488,489,38,374,J.Murphy,1.73,33.75,15,10
489,490,38,374,Joelinton,0.0,0.0,15,10
490,491,38,374,Tonali,2.54,64.5,15,10
491,492,38,374,Antoñito C.,0.0,0.0,15,10
492,493,38,380,Longstaff,0.0,0.0,11,19
493,494,38,374,Willock,2.54,57.6,15,10
494,495,38,374,Hayden,0.0,0.0,15,10
495,496,38,374,Kuol,0.0,0.0,15,10
496,497,38,374,L.Miley,0.0,0.0,15,10
497,498,38,374,White,0.0,0.0,15,10
498,499,38,375,Isak,2.06,32.1,12,5
499,500,38,374,Osula,3.86,79.35,15,10
500,501,38,374,Neave,0.02,0.3,15,10
501,502,38,377,Sels,2.65,85.5,16,4
502,503,38,377,C.Miguel,0.0,0.0,16,4
503,504,38,377,Turner,0.0,0.0,16,4
504,505,38,377,Milenković,3.02,87.45,16,4
505,506,38,377,Murillo,0.0,0.0,16,4
506,507,38,377,Aina,1.6,47.4,16,4
507,508,38,377,N.Williams,2.93,83.1,16,4
508,509,38,377,David Carmo,0.0,0.0,16,4
509,510,38,377,Jair Cunha,2.21,58.95,16,4
510,511,38,377,Morato,1.51,36.3,16,4
511,512,38,377,O.Richards,0.0,0.0,16,4
512,513,38,377,Abbott,0.0,0.0,16,4
513,514,38,377,Boly,0.0,0.0,16,4
514,515,38,377,Gibbs-White,3.75,77.1,16,4
515,516,38,377,Hudson-Odoi,0.0,0.0,16,4
516,517,38,377,Anderson,4.07,79.8,16,4
517,518,38,377,Jota,0.0,0.0,16,4
518,519,38,377,Dominguez,2.08,46.5,16,4
519,520,38,377,O'Brien,0.0,0.0,16,4
520,521,38,377,Sangaré,2.85,79.2,16,4
521,522,38,377,Yates,1.04,25.5,16,4
522,523,38,377,Da Silva Moreira,0.03,0.6,16,4
523,524,38,377,Stamenic,0.0,0.0,16,4
524,525,38,377,Wood,2.24,41.7,16,4
525,526,38,377,Igor Jesus,3.09,65.4,16,4
526,527,38,377,Awoniyi,1.62,33.9,16,4
527,528,38,378,Patterson,0.0,0.0,17,7
528,529,38,378,Moore,0.0,0.0,17,7
529,530,38,378,Nna Noukeu,0.0,0.0,17,7
530,531,38,378,Ballard,0.0,0.0,17,7
531,532,38,378,Hume,2.81,80.1,17,7
532,533,38,378,Alese,0.0,0.0,17,7
533,534,38,378,Anderson,0.0,0.0,17,7
534,535,38,378,Cirkin,0.38,9.9,17,7
535,536,38,378,Hjelde,0.0,0.0,17,7
536,537,38,378,Huggins,0.0,0.0,17,7
537,538,38,378,Johnson,0.0,0.0,17,7
538,539,38,378,O'Nien,2.41,68.7,17,7
539,540,38,378,Pembele,0.0,0.0,17,7
540,541,38,378,Reinildo,2.45,81.6,17,7
541,542,38,378,Seelt,0.0,0.0,17,7
542,543,38,378,Adingra,0.0,0.0,17,7
543,544,38,378,Diarra,1.33,29.85,17,7
544,545,38,378,Roberts,0.0,0.0,17,7
545,546,38,378,Aleksić,0.03,0.9,17,7
546,547,38,378,E.Le Fée,4.05,84.75,17,7
547,548,38,378,Mundle,0.0,0.0,17,7
548,549,38,378,Neil,0.0,0.0,17,7
549,550,38,378,Poveda,0.0,0.0,17,7
550,551,38,378,Rigg,1.23,30.0,17,7
551,552,38,378,Sadiki,2.67,84.75,17,7
552,553,38,378,Talbi,0.0,0.0,17,7
553,554,38,378,Ba,0.0,0.0,17,7
554,555,38,378,Browne,0.0,0.0,17,7
555,556,38,378,Ekwah,0.0,0.0,17,7
556,557,38,378,H.Jones,0.0,0.0,17,7
557,558,38,378,Matete,0.0,0.0,17,7
558,559,38,378,Triantis,0.0,0.0,17,7
559,560,38,378,Isidor,0.9,15.45,17,7
560,561,38,378,Mayenda,0.47,9.75,17,7
561,562,38,378,Abdullahi,0.03,0.6,17,7
562,563,38,378,Luís Hemir,0.0,0.0,17,7
563,564,38,378,Rusyn,0.0,0.0,17,7
564,565,38,379,Vicario,0.35,9.0,18,9
565,566,38,379,Austin,0.0,0.0,18,9
566,567,38,379,Kinsky,3.33,81.0,18,9
567,568,38,379,Pedro Porro,4.83,84.9,18,9
568,569,38,379,Romero,0.0,0.0,18,9
569,570,38,379,Danso,4.64,82.35,18,9
570,571,38,379,Davies,0.0,0.0,18,9
571,572,38,379,Dragusin,0.37,7.65,18,9
572,573,38,379,Spence,1.22,27.9,18,9
573,574,38,379,Udogie,3.32,72.3,18,9
574,575,38,379,Van de Ven,3.91,86.7,18,9
575,576,38,379,Phillips,0.0,0.0,18,9
576,577,38,379,Takai,0.0,0.0,18,9
577,578,38,379,Vuskovic,0.0,0.0,18,9
578,579,38,379,Son,0.0,0.0,18,9
579,580,38,373,Johnson,2.19,50.85,8,1
580,581,38,379,Maddison,0.83,15.0,18,9
581,582,38,379,Kudus,0.0,0.0,18,9
582,583,38,379,Kulusevski,0.0,0.0,18,9
583,584,38,379,Tel,4.16,73.35,18,9
584,585,38,379,Bentancur,3.36,73.05,18,9
585,586,38,379,Bergvall,1.13,28.35,18,9
586,587,38,379,Bissouma,0.77,20.4,18,9
587,588,38,379,Odobert,0.0,0.0,18,9
588,589,38,379,Solomon,0.0,0.0,18,9
589,590,38,379,Bryan,0.0,0.0,18,9
590,591,38,379,Gray,0.83,21.75,18,9
591,592,38,379,Moore,0.0,0.0,18,9
592,593,38,379,P.M.Sarr,1.49,31.2,18,9
593,594,38,379,Min-hyeok,0.0,0.0,18,9
594,595,38,379,Olusesi,0.01,0.3,18,9
595,596,38,379,Solanke,2.97,51.0,18,9
596,597,38,379,Richarlison,4.18,77.85,18,9
597,598,38,379,Lankshear,0.0,0.0,18,9
598,599,38,379,Scarlett,0.0,0.0,18,9
599,600,38,380,Areola,0.03,0.9,19,11
600,601,38,380,Foderingham,0.0,0.0,19,11
601,602,38,380,Hegyi,0.0,0.0,19,11
602,603,38,380,Diouf,4.09,86.1,19,11
603,604,38,380,Emerson,0.0,0.0,19,11
604,605,38,380,Kilman,0.12,3.0,19,11
605,606,38,380,Mavropanos,4.92,84.75,19,11
606,607,38,380,N.Aguerd,0.0,0.0,19,11
607,608,38,380,Scarles,0.36,7.35,19,11
608,609,38,380,Todibo,0.81,19.65,19,11
609,610,38,380,Wan-Bissaka,3.44,70.65,19,11
610,611,38,380,Casey,0.0,0.0,19,11
611,612,38,380,L.Paquetá,0.0,0.0,19,11
612,613,38,380,Souček,3.82,80.4,19,11
613,614,38,372,Ward-Prowse,1.44,28.8,3,20
614,615,38,380,Summerville,4.87,82.5,19,11
615,616,38,380,Álvarez,0.0,0.0,19,11
616,617,38,380,Cornet,0.0,0.0,19,11
617,618,38,380,G.Rodriguez,0.0,0.0,19,11
618,619,38,380,L.Guilherme,0.0,0.0,19,11
619,620,38,380,Earthy,0.0,0.0,19,11
620,621,38,380,Irving,0.0,0.0,19,11
621,622,38,380,Orford,0.0,0.0,19,11
622,623,38,380,Potts,0.5,12.6,19,11
623,624,38,380,Bowen,5.45,87.6,19,11
624,625,38,380,Füllkrug,0.0,0.0,19,11
625,626,38,380,Marshall,0.0,0.0,19,11
626,627,38,372,Johnstone,0.0,0.0,20,3
627,628,38,372,José Sá,3.15,81.0,20,3
628,629,38,372,Bentley,0.33,9.0,20,3
629,630,38,379,King,0.0,0.0,9,18
630,631,38,372,Agbadou,0.0,0.0,20,3
631,632,38,372,Doherty,0.0,0.0,20,3
632,633,38,372,H.Bueno,0.85,19.2,20,3
633,634,38,372,Mosquera,3.28,81.0,20,3
634,635,38,372,R.Gomes,3.36,69.3,20,3
635,636,38,372,S.Bueno,3.69,83.85,20,3
636,637,38,372,Toti,0.76,19.5,20,3
637,638,38,372,Hoever,0.0,0.0,20,3
638,639,38,372,Meupiyou,0.0,0.0,20,3
639,640,38,372,Pedro Lima,1.14,24.3,20,3
640,641,38,372,Pond,0.0,0.0,20,3
641,642,38,372,Hee Chan,3.34,69.0,20,3
642,643,38,372,André,3.36,83.25,20,3
643,644,38,372,Bellegarde,1.42,32.1,20,3
644,645,38,372,Fer López,0.0,0.0,20,3
645,646,38,372,J.Gomes,3.69,83.25,20,3
646,647,38,372,Guedes,0.0,0.0,20,3
647,648,38,372,Munetsi,0.0,0.0,20,3
648,649,38,372,B.Traore,0.0,0.0,20,3
649,650,38,372,Chirewa,0.0,0.0,20,3
650,651,38,372,Edozie,0.0,0.0,20,3
651,652,38,372,Gonzalez,0.03,0.6,20,3
652,653,38,372,Hodge,0.0,0.0,20,3
653,654,38,373,Strand Larsen,2.12,45.9,8,1
654,655,38,372,Fábio Silva,0.0,0.0,20,3
655,656,38,372,Kalajdžić,0.0,0.0,20,3
656,657,38,372,Chiwome,0.0,0.0,20,3
657,658,38,372,Fraser,0.02,0.3,20,3
658,659,38,380,Walker-Peters,1.69,33.0,19,11
659,660,38,380,Stach,0.0,0.0,11,19
660,661,38,375,Ekitiké,0.0,0.0,12,5
661,662,38,373,Mosquera,3.18,70.8,1,8
662,663,38,372,J.Arias,0.0,0.0,20,3
663,664,38,374,Lecomte,0.03,0.9,10,15
664,665,38,380,Perri,0.12,4.5,11,19
665,666,38,373,Gyökeres,3.15,58.65,1,8
666,667,38,379,Aznou,0.01,0.3,9,18
667,668,38,378,Xhaka,3.49,83.25,17,7
668,669,38,377,Ndoye,0.97,21.45,16,4
669,670,38,378,Roefs,2.93,89.1,17,7
670,671,38,380,Wilson,1.83,29.25,19,11
671,672,38,378,Hato,1.58,36.9,7,17
672,673,38,379,J.Palhinha,3.42,79.5,18,9
673,674,38,374,Ramsdale,0.26,9.0,15,10
674,675,38,377,Gunn,0.0,0.0,16,4
675,676,38,372,Ugochukwu,2.94,73.8,3,20
676,677,38,373,Guessand,1.13,24.45,8,1
677,678,38,378,Masuaku,0.0,0.0,17,7
678,679,38,380,Hermansen,3.38,89.1,19,11
679,680,38,372,Broja,0.84,15.3,3,20
680,681,38,371,Šeško,0.57,10.95,14,6
681,682,38,372,Møller Wolfe,3.03,71.4,20,3
682,683,38,378,Alderete,1.14,26.7,17,7
683,684,38,374,Thiaw,3.14,84.75,15,10
684,685,38,377,Diakité,0.4,9.9,4,16
685,686,38,375,Ngumoha,2.61,45.0,12,5
686,687,38,377,Rees-Dottin,0.0,0.0,4,16
687,688,38,376,Wright,0.0,0.0,2,13
688,689,38,374,Seung soo,0.02,0.3,15,10
689,690,38,373,Cardines,0.04,1.2,8,1
690,691,38,380,Calvert-Lewin,3.68,81.9,11,19
691,692,38,375,Leoni,0.0,0.0,12,5
692,693,38,377,Hutchinson,2.77,60.15,16,4
693,694,38,378,Mukiele,3.09,84.45,17,7
694,695,38,372,Tchatchoua,0.24,6.0,20,3
695,696,38,377,Kalimuendo,0.0,0.0,16,4
696,697,38,377,Adli,1.01,18.0,4,16
697,698,38,380,Okafor,0.0,0.0,11,19
698,699,38,376,Douglas Luiz,2.9,71.7,2,13
699,700,38,373,Dowman,1.41,27.45,1,8
700,701,38,376,Rowe,0.0,0.0,2,13
701,702,38,376,Burrowes,0.04,0.9,2,13
702,703,38,376,Proctor,0.0,0.0,2,13
703,704,38,379,Onyango,0.0,0.0,9,18
704,705,38,379,Campbell,0.0,0.0,9,18
705,706,38,380,Justin,2.95,85.35,11,19
706,707,38,379,Dibling,0.31,6.75,9,18
707,708,38,380,M.Fernandes,3.71,83.55,19,11
708,709,38,372,Krejčí,3.55,80.55,20,3
709,710,38,376,Patterson,0.01,0.3,2,13
710,711,38,373,Harriman-Annous,0.02,0.3,1,8
711,712,38,373,Yeremy,2.04,44.1,8,1
712,713,38,377,A.Jimenez,0.0,0.0,4,16
713,714,38,374,Woltemade,3.56,76.35,15,10
714,715,38,377,John,0.01,0.3,16,4
715,716,38,377,Savona,0.0,0.0,16,4
716,717,38,379,Xavi,0.0,0.0,18,9
717,718,38,380,S.Magassa,0.73,18.9,19,11
718,719,38,376,Lindelöf,0.68,24.3,2,13
719,720,38,372,Tolu,1.63,32.7,20,3
720,721,38,377,Milosavljević,0.32,7.05,4,16
721,722,38,372,Florentino,3.1,74.55,3,20
722,723,38,373,Canvot,3.37,81.3,8,1
723,724,38,378,Geertruida,2.96,81.6,17,7
724,725,38,373,Hincapie,3.29,66.3,1,8
725,726,38,379,Kolo Muani,1.75,34.35,18,9
726,727,38,374,Chukwueze,1.85,32.55,10,15
727,728,38,379,Röhl,2.83,70.65,9,18
728,729,38,377,Cuiabano,0.0,0.0,16,4
729,730,38,378,Brobbey,3.69,79.35,17,7
730,731,38,374,Kevin,1.89,38.25,10,15
731,732,38,373,Uche,0.3,5.7,8,1
732,733,38,371,Lammens,2.61,89.1,14,6
733,734,38,377,Bakwa,1.88,44.55,16,4
734,735,38,378,Traoré,0.66,13.95,17,7
735,736,38,376,Donnarumma,2.73,72.0,13,2
736,737,38,374,Kusi-Asare,0.16,3.0,10,15
737,738,38,380,Fabianski,0.0,0.0,19,11
738,739,38,376,Mukasa,0.0,0.0,13,2
739,740,38,376,Mfuni,0.0,0.0,13,2
740,741,38,380,Gray,0.0,0.0,11,19
741,742,38,376,McAidoo,0.01,0.3,13,2
742,743,38,378,Emenalo,0.0,0.0,7,17
743,744,38,371,Oriola,0.0,0.0,6,14
744,745,38,379,Byfield,0.0,0.0,18,9
745,746,38,375,Morrison,0.0,0.0,12,5
746,747,38,380,Mayers,0.06,1.5,19,11
747,748,38,375,Dasilva,0.37,9.0,5,12
748,749,38,372,Mané,2.93,79.8,20,3
749,750,38,379,Rowswell,0.0,0.0,18,9
750,751,38,379,Akhamrich,0.0,0.0,18,9
751,752,38,380,Golambeckis,0.0,0.0,19,11
752,753,38,374,Ruddy,0.0,0.0,15,10
753,754,38,376,George Hemmings,0.06,1.5,2,13
754,755,38,371,Lacey,0.07,1.5,14,6
755,756,38,377,DaCosta,0.01,0.3,4,16
756,757,38,376,Hollingshead,0.0,0.0,2,13
757,758,38,380,Mohamadou Kanté,0.46,12.0,19,11
758,759,38,373,Salmon,0.93,16.8,1,8
759,760,38,375,Lucky,0.01,0.3,12,5
760,761,38,371,Simmonds,0.01,0.3,6,14
761,762,38,373,Drakes-Thomas,0.05,1.2,8,1
762,763,38,376,Gray,0.01,0.3,13,2
763,764,38,376,Heskey,0.02,0.3,13,2
764,765,38,374,Shahar,0.0,0.0,15,10
765,766,38,372,Olagunju,0.01,0.3,20,3
766,767,38,372,Rawlings,0.0,0.0,20,3
767,768,38,376,Leon Routh,0.01,0.3,2,13
768,769,38,371,Bendito Mantato,0.0,0.0,14,6
769,770,38,374,Ridgeon,0.01,0.3,10,15
770,771,38,371,Fletcher,0.01,0.3,14,6
771,772,38,374,Alabi,0.0,0.0,15,10
772,773,38,373,Benamar,0.0,0.0,8,1
773,774,38,378,Jenson Jones,0.0,0.0,17,7
774,775,38,378,Tutierov,0.0,0.0,17,7
775,776,38,372,Pimlott,0.0,0.0,3,20
776,777,38,372,Ojinnaka,0.0,0.0,20,3
777,778,38,372,Sutherland,0.0,0.0,20,3
778,779,38,379,Graham,0.0,0.0,9,18
779,780,38,373,Casey,0.01,0.3,8,1
780,781,38,376,Carroll,0.01,0.3,2,13
781,782,38,377,Forster,0.0,0.0,4,16
782,783,38,371,Groß,4.23,85.35,6,14
783,784,38,372,Brierley,0.0,0.0,3,20
784,785,38,380,Pablo,2.99,69.3,19,11
785,786,38,374,McNally,0.0,0.0,10,15
786,787,38,380,Chambers,0.0,0.0,11,19
787,788,38,371,Kukonki,0.0,0.0,14,6
788,789,38,378,Merrick,0.0,0.0,7,17
789,790,38,379,Williams-Barnett,0.0,0.0,18,9
790,791,38,380,Taty,4.13,76.2,19,11
791,792,38,376,Alysson,0.0,0.0,2,13
792,793,38,373,King,0.0,0.0,8,1
793,794,38,376,Alleyne,0.15,3.75,13,2
794,795,38,371,Howell,0.21,3.75,6,14
795,796,38,379,Gallagher,3.63,78.45,18,9
796,797,38,375,Furo,0.3,6.0,5,12
797,798,38,373,Imray,0.0,0.0,8,1
798,799,38,377,Stevens,0.01,0.3,4,16
799,800,38,378,Jocelin.T,0.62,13.8,17,7
800,801,38,377,Tóth.A,0.61,13.35,4,16
801,802,38,380,Lamadrid,0.08,1.5,19,11
802,803,38,378,Sharman-Lowe,0.0,0.0,7,17
803,804,38,379,Souza,0.05,1.5,18,9
804,805,38,377,Lucca,0.31,6.0,16,4
805,806,38,377,Mandas,0.03,0.9,4,16
806,807,38,377,Rayan,4.09,72.6,4,16
807,808,38,376,Abraham,3.11,69.9,2,13
808,809,38,372,Abbey,0.0,0.0,20,3
809,810,38,375,Bentt,0.0,0.0,5,12
810,811,38,379,Kyerematen,0.01,0.3,18,9
811,812,38,378,Ellborg,0.03,0.9,17,7
812,813,38,378,Angulo,2.77,64.8,17,7
813,814,38,377,Netz,1.5,44.25,16,4
814,815,38,380,Disasi,3.67,84.75,19,11
815,816,38,372,Angel,1.52,32.7,20,3
816,817,38,372,Armstrong,3.46,74.85,20,3
817,818,38,379,Wilson,0.04,0.9,18,9
818,819,38,375,Shield,0.0,0.0,5,12
819,820,38,372,McMahon-Brown,0.0,0.0,3,20
820,821,38,378,Whittaker,0.0,0.0,17,7
821,822,38,378,Jones,0.0,0.0,17,7
822,823,38,375,Stephenson,0.0,0.0,5,12
823,824,38,375,McManus,0.0,0.0,5,12
824,825,38,380,Herrick,0.0,0.0,19,11
825,826,38,375,Owen,0.0,0.0,5,12
826,827,38,371,Thwaites,0.0,0.0,14,6
827,828,38,372,Brooks,0.0,0.0,20,3
828,829,38,378,Derry,0.0,0.0,7,17
829,830,38,375,Wright,0.0,0.0,12,5
830,831,38,372,Gracey,0.0,0.0,20,3
831,832,38,375,Ndiaye,0.0,0.0,12,5
832,833,38,378,Eboué,0.0,0.0,7,17
833,834,38,378,Kavuma-McQueen,0.0,0.0,7,17
834,835,38,377,Whitehall,0.0,0.0,16,4
835,836,38,377,Sinclair,0.0,0.0,16,4
836,837,38,380,Lienou,0.0,0.0,11,19
837,838,38,380,Chadwick,0.0,0.0,11,19
838,839,38,380,Cresswell,0.0,0.0,11,19
839,840,38,378,Mheuka,0.0,0.0,7,17
840,841,38,377,Sillah,0.0,0.0,16,4
