,player_id,event,event_id,web_name,points_md,xmins_md,team,opp_team
0,1,38,369,Özil,0.0,0.0,1,3
1,2,38,369,Sokratis,0.0,0.0,1,3
2,3,38,369,David Luiz,1.6840000000000002,39.0,1,3
3,4,38,369,Aubameyang,5.385,63.0,1,3
4,5,38,369,Cédric,0.086,2.0,1,3
5,6,38,369,Lacazette,3.675,49.0,1,3
6,7,38,369,Mustafi,0.0,0.0,1,3
7,8,38,369,Leno,3.821,87.0,1,3
8,9,38,369,Xhaka,2.269,68.0,1,3
9,10,38,369,Marí,1.156,28.0,1,3
10,11,38,369,Bellerín,0.418,9.0,1,3
11,12,38,370,Martínez,3.097,88.0,2,5
12,13,38,369,Chambers,3.4589999999999996,73.0,1,3
13,14,38,369,Kolasinac,0.0,0.0,1,3
14,15,38,372,Maitland-Niles,1.235,64.0,18,10
15,16,38,369,Holding,2.6889999999999996,66.0,1,3
16,17,38,369,Tierney,4.136,86.0,1,3
17,18,38,369,Pépé,3.305,50.0,1,3
18,19,38,369,Torreira,0.0,0.0,1,3
19,20,38,371,Willock,3.0269999999999997,75.0,14,8
20,21,38,369,Nelson,0.0,0.0,1,3
21,22,38,369,Nketiah,0.0,0.0,1,3
22,23,38,369,Smith Rowe,3.562,68.0,1,3
23,24,38,369,Saka,3.292,62.0,1,3
24,25,38,369,Guendouzi,0.0,0.0,1,3
25,26,38,369,Martinelli,2.845,47.0,1,3
26,27,38,369,Saliba,0.0,0.0,1,3
27,28,38,370,Heaton,0.0,0.0,2,5
28,29,38,370,El Mohamady,1.4880000000000002,74.0,2,5
29,30,38,370,Lansbury,0.0,0.0,2,5
30,31,38,370,Taylor,0.0,0.0,2,5
31,32,38,370,Steer,0.0,0.0,2,5
32,33,38,370,Hourihane,0.0,0.0,2,5
33,34,38,370,Jota,0.0,0.0,2,5
34,35,38,370,Nyland,0.0,0.0,2,5
35,36,38,370,Engels,0.0,0.0,2,5
36,37,38,370,Grealish,3.138,83.0,2,5
37,38,38,370,McGinn,2.372,86.0,2,5
38,39,38,370,Hause,0.504,23.0,2,5
39,40,38,370,Trézéguet,0.0,0.0,2,5
40,41,38,370,Mings,1.545,83.0,2,5
41,42,38,370,Targett,1.7530000000000001,87.0,2,5
42,43,38,370,Bree,0.0,0.0,2,5
43,44,38,370,Nakamba,0.35200000000000004,12.0,2,5
44,45,38,370,El Ghazi,2.412,58.0,2,5
45,46,38,370,Konsa,1.601,85.0,2,5
46,47,38,370,Guilbert,0.0,0.0,2,5
47,48,38,370,Wesley,0.418,10.0,2,5
48,49,38,370,Samatta,0.0,0.0,2,5
49,50,38,370,Davis,0.568,14.0,2,5
50,51,38,370,Vassilev,0.0,0.0,2,5
51,52,38,370,Douglas Luiz,1.83,70.0,2,5
52,53,38,369,Murray,0.0,0.0,3,1
53,54,38,369,Lallana,2.396,65.0,3,1
54,55,38,376,Stephens,0.0,0.0,4,15
55,56,38,372,Button,0.0,0.0,18,10
56,57,38,369,Groß,3.3080000000000003,82.0,3,1
57,58,38,369,Duffy,0.0,0.0,3,1
58,59,38,369,Pröpper,0.0,0.0,3,1
59,60,38,369,Mooy,0.0,0.0,3,1
60,61,38,369,Burn,1.579,65.0,3,1
61,62,38,369,Dunk,1.982,88.0,3,1
62,63,38,369,Montoya,0.0,0.0,3,1
63,64,38,369,Andone,0.867,20.0,3,1
64,65,38,369,March,0.0,0.0,3,1
65,66,38,369,Webster,1.915,87.0,3,1
66,67,38,369,Veltman,0.0,0.0,3,1
67,68,38,369,Maupay,0.0,0.0,3,1
68,69,38,369,Trossard,2.986,72.0,3,1
69,70,38,369,Ryan,0.0,0.0,1,3
70,71,38,369,Jahanbakhsh,2.1390000000000002,59.0,3,1
71,72,38,369,Izquierdo,0.081,2.0,3,1
72,73,38,369,Clarke,0.0,0.0,3,1
73,74,38,369,White,1.72,82.0,3,1
74,75,38,369,Bernardo,0.0,0.0,3,1
75,76,38,369,Bissouma,2.292,84.0,3,1
76,77,38,369,Lamptey,0.0,0.0,3,1
77,78,38,369,Connolly,0.40399999999999997,9.0,3,1
78,79,38,369,Alzate,1.055,29.0,3,1
79,80,38,369,Mac Allister,1.569,40.0,3,1
80,81,38,376,Tarkowski,2.96,89.0,4,15
81,82,38,376,Bardsley,0.0,0.0,4,15
82,83,38,376,Pieters,0.18600000000000003,5.0,4,15
83,84,38,376,Cork,1.9909999999999999,61.0,4,15
84,85,38,376,Long,0.0,0.0,4,15
85,86,38,376,Rodriguez,0.8640000000000001,16.0,4,15
86,87,38,376,Barnes,1.535,26.0,4,15
87,88,38,376,Mee,2.911,89.0,4,15
88,89,38,376,Westwood,2.866,85.0,4,15
89,90,38,376,Gudmundsson,2.016,46.0,4,15
90,91,38,376,Wood,5.393,81.0,4,15
91,92,38,376,Lowton,2.923,86.0,4,15
92,93,38,376,Vydra,2.728,46.0,4,15
93,94,38,376,Gibson,0.0,0.0,4,15
94,95,38,376,Brady,0.0,0.0,4,15
95,96,38,376,Pope,1.905,46.0,4,15
96,97,38,376,Taylor,2.855,87.0,4,15
97,98,38,376,Brownhill,3.095,81.0,4,15
98,99,38,376,Peacock-Farrell,1.2819999999999998,32.0,4,15
99,100,38,376,McNeil,3.431,86.0,4,15
100,101,38,370,Caballero,0.0,0.0,5,2
101,102,38,370,Azpilicueta,3.008,62.0,5,2
102,103,38,370,Giroud,0.883,12.0,5,2
103,104,38,370,Alonso,1.131,18.0,5,2
104,105,38,370,Jorginho,2.6239999999999997,60.0,5,2
105,106,38,370,Barkley,0.0,0.0,2,5
106,107,38,370,Kovacic,2.459,66.0,5,2
107,108,38,374,Batshuayi,0.221,5.0,6,11
108,109,38,370,Rüdiger,3.554,78.0,5,2
109,110,38,370,Zouma,2.055,44.0,5,2
110,111,38,370,Emerson,0.0,0.0,5,2
111,112,38,370,Arrizabalaga,0.08900000000000001,2.0,5,2
112,113,38,370,Kanté,1.051,28.0,5,2
113,114,38,370,Ziyech,1.601,27.0,5,2
114,115,38,371,Loftus-Cheek,2.5469999999999997,53.0,8,14
115,116,38,370,Christensen,1.541,36.0,5,2
116,117,38,370,Werner,5.167000000000001,72.0,5,2
117,118,38,370,Abraham,0.066,1.0,5,2
118,119,38,370,Pulisic,4.673,73.0,5,2
119,120,38,370,Mount,4.843,79.0,5,2
120,121,38,370,Tomori,0.0,0.0,5,2
121,122,38,370,Hudson-Odoi,0.7390000000000001,13.0,5,2
122,123,38,370,James,4.5360000000000005,80.0,5,2
123,124,38,370,Gilmour,0.315,8.0,5,2
124,125,38,374,Cahill,0.797,66.0,6,11
125,126,38,374,Hennessey,0.0,0.0,6,11
126,127,38,374,Sakho,0.0,0.0,6,11
127,128,38,374,Guaita,2.7910000000000004,80.0,6,11
128,129,38,374,Tomkins,0.425,36.0,6,11
129,130,38,374,McArthur,0.5,18.0,6,11
130,131,38,374,McCarthy,1.55,59.0,6,11
131,132,38,374,Benteke,2.19,60.0,6,11
132,133,38,374,Kouyaté,1.993,79.0,6,11
133,134,38,374,Ward,0.887,82.0,6,11
134,135,38,374,Kelly,0.0,0.0,6,11
135,136,38,374,Wickham,0.0,0.0,6,11
136,137,38,374,Townsend,2.258,66.0,6,11
137,138,38,374,Milivojevic,1.67,60.0,6,11
138,139,38,374,van Aanholt,0.21600000000000003,13.0,6,11
139,140,38,374,Ayew,1.6059999999999999,45.0,6,11
140,141,38,374,Zaha,2.903,85.0,6,11
141,142,38,374,Schlupp,2.093,69.0,6,11
142,143,38,374,Meyer,0.0,0.0,6,11
143,144,38,374,Riedewald,1.155,40.0,6,11
144,145,38,374,Ferguson,0.0,0.0,6,11
145,146,38,374,Mitchell,0.8420000000000001,76.0,6,11
146,147,38,374,Pierrick,0.0,0.0,6,11
147,148,38,377,Walcott,2.0340000000000003,50.0,16,19
148,149,38,375,Delph,0.059000000000000004,2.0,7,12
149,150,38,375,Sigurdsson,2.565,68.0,7,12
150,151,38,375,Lössl,0.0,0.0,7,12
151,152,38,375,Coleman,1.1640000000000001,51.0,7,12
152,153,38,375,Tosun,0.0,0.0,7,12
153,154,38,375,Bernard,0.396,11.0,7,12
154,155,38,375,Digne,1.869,82.0,7,12
155,156,38,375,Keane,1.508,77.0,7,12
156,157,38,375,Pickford,3.168,89.0,7,12
157,158,38,375,André Gomes,0.7340000000000001,24.0,7,12
158,159,38,375,Iwobi,0.672,19.0,7,12
159,160,38,375,Kenny,0.0,0.0,7,12
160,161,38,375,Gbamin,0.0,0.0,7,12
161,162,38,375,Mina,0.9109999999999999,46.0,7,12
162,163,38,375,Davies,0.439,14.0,7,12
163,164,38,375,Calvert-Lewin,3.312,83.0,7,12
164,165,38,375,Holgate,1.12,61.0,7,12
165,166,38,375,Richarlison,3.028,79.0,7,12
166,167,38,375,Virgínia,0.0,0.0,7,12
167,168,38,375,Gordon,0.0,0.0,7,12
168,169,38,375,Kean,0.0,0.0,7,12
169,170,38,375,Branthwaite,0.0,0.0,7,12
170,171,38,371,Fabri,0.0,0.0,8,14
171,172,38,371,McDonald,0.0,0.0,8,14
172,173,38,371,Le Marchand,0.0,0.0,8,14
173,174,38,371,Johansen,0.0,0.0,8,14
174,175,38,371,Cairney,0.0,0.0,8,14
175,176,38,371,Ream,0.19699999999999998,6.0,8,14
176,177,38,371,Knockaert,0.0,0.0,8,14
177,178,38,371,Hector,0.0,0.0,8,14
178,179,38,371,Christie,0.0,0.0,8,14
179,180,38,371,Kebano,0.0,0.0,8,14
180,181,38,371,Decordova-Reid,3.219,65.0,8,14
181,182,38,371,Bryan,1.87,45.0,8,14
182,183,38,371,Bettinelli,0.0,0.0,8,14
183,184,38,371,Mitrović,1.33,20.0,8,14
184,185,38,371,Mawson,0.0,0.0,8,14
185,186,38,371,Rodák,0.0,0.0,8,14
186,187,38,371,Cavaleiro,4.045,70.0,8,14
187,188,38,371,Onomah,0.9229999999999999,19.0,8,14
188,189,38,371,Seri,0.0,0.0,8,14
189,190,38,371,Kamara,0.0,0.0,8,14
190,191,38,371,Anguissa,2.3480000000000003,65.0,8,14
191,192,38,371,Sessegnon,0.0,0.0,8,14
192,193,38,372,Hernández,1.008,17.0,10,18
193,194,38,372,Casilla,3.3480000000000003,79.0,10,18
194,195,38,372,Cooper,1.899,45.0,10,18
195,196,38,372,Douglas,0.0,0.0,10,18
196,197,38,372,Ayling,3.484,81.0,10,18
197,198,38,372,Klich,0.0,0.0,10,18
198,199,38,372,Forshaw,0.0,0.0,10,18
199,200,38,372,Dallas,4.18,83.0,10,18
200,201,38,372,Alioski,3.4930000000000003,72.0,10,18
201,202,38,372,Bamford,6.6979999999999995,78.0,10,18
202,203,38,372,Harrison,4.527,81.0,10,18
203,204,38,372,Phillips,2.719,72.0,10,18
204,205,38,372,Costa,0.0,0.0,10,18
205,206,38,372,Roberts,2.4619999999999997,50.0,10,18
206,207,38,372,Grot,0.0,0.0,10,18
207,208,38,372,Miazek,0.0,0.0,10,18
208,209,38,372,Poveda-Ocampo,0.591,11.0,10,18
209,210,38,372,Shackleton,0.122,3.0,10,18
210,211,38,372,Struijk,2.541,59.0,10,18
211,212,38,372,Stevens,0.0,0.0,10,18
212,213,38,372,Meslier,0.087,2.0,10,18
213,214,38,372,Davis,0.0,0.0,10,18
214,215,38,372,Casey,0.0,0.0,10,18
215,216,38,373,Morgan,0.034,1.0,9,17
216,217,38,373,Schmeichel,3.52,89.0,9,17
217,218,38,373,Fuchs,0.0,0.0,9,17
218,219,38,373,Evans,0.68,20.0,9,17
219,220,38,373,Silva,0.0,0.0,9,17
220,221,38,373,Albrighton,2.092,53.0,9,17
221,222,38,373,James,0.0,0.0,9,17
222,223,38,373,Ward,0.0,0.0,9,17
223,224,38,373,Vardy,5.39,82.0,9,17
224,225,38,373,Praet,0.5589999999999999,12.0,9,17
225,226,38,373,Pereira,1.6119999999999999,42.0,9,17
226,227,38,373,Amartey,0.691,20.0,9,17
227,228,38,373,Tielemans,3.471,87.0,9,17
228,229,38,373,Pérez,2.725,53.0,9,17
229,230,38,373,Gray,0.0,0.0,9,17
230,231,38,373,Maddison,3.8760000000000003,72.0,9,17
231,232,38,370,Chilwell,4.311,81.0,5,2
232,233,38,373,Iheanacho,4.63,78.0,9,17
233,234,38,373,Choudhury,0.1,3.0,9,17
234,235,38,373,Barnes,0.0,0.0,9,17
235,236,38,373,Ndidi,2.674,86.0,9,17
236,237,38,373,Benkovic,0.0,0.0,9,17
237,238,38,373,Söyüncü,2.7260000000000004,87.0,9,17
238,239,38,373,Justin,0.0,0.0,9,17
239,240,38,373,Thomas,1.429,39.0,9,17
240,241,38,374,Milner,1.557,30.0,11,6
241,242,38,374,Tsimikas,0.11599999999999999,2.0,11,6
242,243,38,374,Wijnaldum,2.506,55.0,11,6
243,244,38,374,Henderson,0.0,0.0,11,6
244,245,38,374,Adrián,0.0,0.0,11,6
245,246,38,374,Matip,0.0,0.0,11,6
246,247,38,374,Shaqiri,0.377,6.0,11,6
247,248,38,374,Chamberlain,0.245,5.0,11,6
248,249,38,374,Firmino,5.167000000000001,79.0,11,6
249,250,38,374,van Dijk,0.0,0.0,11,6
250,251,38,374,Mané,7.587000000000001,82.0,11,6
251,252,38,374,Alisson,4.361000000000001,88.0,11,6
252,253,38,374,Fabinho,2.95,83.0,11,6
253,254,38,374,Salah,9.091000000000001,83.0,11,6
254,255,38,374,Robertson,5.319,85.0,11,6
255,256,38,374,Origi,0.6409999999999999,8.0,11,6
256,257,38,374,Harry Wilson,0.0,0.0,11,6
257,258,38,377,Minamino,0.621,15.0,16,19
258,259,38,374,Alexander-Arnold,6.07,85.0,11,6
259,260,38,374,Gomez,0.0,0.0,11,6
260,261,38,374,Keita,0.0,0.0,11,6
261,262,38,376,Brewster,2.292,45.0,15,4
262,263,38,374,Jones,1.064,20.0,11,6
263,264,38,374,Neco Williams,0.05,1.0,11,6
264,265,38,374,Elliott,0.0,0.0,11,6
265,266,38,375,Fernandinho,1.399,29.0,12,7
266,267,38,375,Bravo,0.0,0.0,12,7
267,268,38,375,Agüero,0.879,12.0,12,7
268,269,38,375,Otamendi,0.0,0.0,12,7
269,270,38,375,Walker,2.475,54.0,12,7
270,271,38,375,Gündogan,2.2230000000000003,37.0,12,7
271,272,38,375,De Bruyne,4.8069999999999995,65.0,12,7
272,273,38,375,Stones,1.72,37.0,12,7
273,274,38,375,Mendy,1.939,41.0,12,7
274,275,38,375,Mahrez,3.8680000000000003,58.0,12,7
275,276,38,375,Sterling,1.944,28.0,12,7
276,277,38,375,Cancelo,0.0,0.0,12,7
277,278,38,375,Ederson,4.061,89.0,12,7
278,279,38,375,Aké,2.15,44.0,12,7
279,280,38,375,Laporte,1.32,29.0,12,7
280,281,38,375,Bernardo Silva,2.946,60.0,12,7
281,282,38,375,Jesus,4.503,70.0,12,7
282,283,38,375,Zinchenko,2.254,46.0,12,7
283,284,38,375,Foden,3.7889999999999997,57.0,12,7
284,285,38,375,Doyle,0.0,0.0,12,7
285,286,38,375,Rodrigo,3.063,79.0,12,7
286,287,38,375,Torres,4.166,64.0,12,7
287,288,38,375,Garcia,1.181,26.0,12,7
288,289,38,378,Romero,0.0,0.0,13,20
289,290,38,378,Mata,0.152,3.0,13,20
290,291,38,378,de Gea,1.804,48.0,13,20
291,292,38,378,Smalling,0.0,0.0,13,20
292,293,38,378,Ighalo,0.0,0.0,13,20
293,294,38,378,Rojo,0.0,0.0,13,20
294,295,38,378,Matic,0.718,23.0,13,20
295,296,38,378,Pogba,2.978,67.0,13,20
296,297,38,378,Jones,0.0,0.0,13,20
297,298,38,378,Maguire,0.0,0.0,13,20
298,299,38,378,Fred,1.706,59.0,13,20
299,300,38,378,Shaw,1.024,30.0,13,20
300,301,38,377,Lingard,4.63,79.0,19,16
301,302,38,378,Fernandes,2.59,45.0,13,20
302,303,38,378,Martial,1.5659999999999998,31.0,13,20
303,304,38,378,Pereira,0.0,0.0,13,20
304,305,38,378,Henderson,2.162,57.0,13,20
305,306,38,378,Rashford,3.194,60.0,13,20
306,307,38,378,Tuanzebe,1.0759999999999998,38.0,13,20
307,308,38,378,Lindelöf,2.282,82.0,13,20
308,309,38,378,McTominay,1.9380000000000002,64.0,13,20
309,310,38,378,Bailly,1.504,55.0,13,20
310,311,38,378,James,0.9159999999999999,21.0,13,20
311,312,38,378,Fosu-Mensah,0.0,0.0,13,20
312,313,38,378,Wan-Bissaka,2.21,73.0,13,20
313,314,38,378,Dalot,0.0,0.0,13,20
314,315,38,378,Greenwood,3.088,62.0,13,20
315,316,38,378,Chong,0.0,0.0,13,20
316,317,38,378,Garner,0.0,0.0,13,20
317,318,38,378,Williams,0.0,0.0,13,20
318,319,38,378,Mengi,0.0,0.0,13,20
319,320,38,371,Carroll,1.147,22.0,14,8
320,321,38,371,Shelvey,2.813,86.0,14,8
321,322,38,371,Ritchie,2.8110000000000004,72.0,14,8
322,323,38,371,Fernández,2.16,80.0,14,8
323,324,38,371,Clark,0.39,14.0,14,8
324,325,38,371,Darlow,0.0,0.0,14,8
325,326,38,371,Dubravka,2.488,66.0,14,8
326,327,38,371,Lejeune,0.0,0.0,14,8
327,328,38,371,Lascelles,0.0,0.0,14,8
328,329,38,371,Gayle,2.06,36.0,14,8
329,330,38,371,Atsu,0.0,0.0,14,8
330,331,38,371,Dummett,1.6769999999999998,66.0,14,8
331,332,38,371,Manquillo,0.054000000000000006,2.0,14,8
332,333,38,371,Krafth,1.1079999999999999,41.0,14,8
333,334,38,371,Schär,2.151,80.0,14,8
334,335,38,371,Yedlin,0.0,0.0,14,8
335,336,38,371,Hayden,0.0,0.0,14,8
336,337,38,371,Aarons,0.0,0.0,14,8
337,338,38,371,Saint-Maximin,0.22,4.0,14,8
338,339,38,371,Almirón,3.19,75.0,14,8
339,340,38,371,Joelinton,2.501,55.0,14,8
340,341,38,371,Muto,0.0,0.0,14,8
341,342,38,371,Watts,0.0,0.0,14,8
342,343,38,376,Sharp,0.0,0.0,15,4
343,344,38,376,McGoldrick,4.007,77.0,15,4
344,345,38,376,Basham,2.407,80.0,15,4
345,346,38,376,Fleck,2.7319999999999998,81.0,15,4
346,347,38,376,Stevens,2.9530000000000003,86.0,15,4
347,348,38,376,Moore,0.0,0.0,15,4
348,349,38,376,Norwood,3.115,76.0,15,4
349,350,38,376,Foderingham,0.0,0.0,15,4
350,351,38,376,Baldock,1.9340000000000002,59.0,15,4
351,352,38,376,Jack Robinson,2.125,73.0,15,4
352,353,38,376,Egan,2.63,85.0,15,4
353,354,38,376,O'Connell,0.0,0.0,15,4
354,355,38,376,Lundstram,0.703,16.0,15,4
355,356,38,376,Osborn,2.437,58.0,15,4
356,357,38,376,McBurnie,0.0,0.0,15,4
357,358,38,372,Callum Robinson,1.391,32.0,18,10
358,359,38,376,Mousset,1.199,22.0,15,4
359,360,38,376,Berge,0.609,17.0,15,4
360,361,38,377,Long,0.0,0.0,16,19
361,362,38,377,Bertrand,0.0,0.0,16,19
362,363,38,377,McCarthy,2.787,78.0,16,19
363,364,38,377,Oriol Romeu,1.621,63.0,16,19
364,365,38,377,Redmond,2.122,54.0,16,19
365,366,38,377,Ings,3.033,59.0,16,19
366,367,38,377,Stephens,0.945,41.0,16,19
367,368,38,377,Armstrong,2.536,71.0,16,19
368,369,38,377,Vestergaard,2.039,87.0,16,19
369,370,38,377,Ward-Prowse,3.18,86.0,16,19
370,371,38,377,Gunn,0.0,0.0,16,19
371,372,38,377,Boufal,0.0,0.0,16,19
372,373,38,371,Reed,1.726,53.0,8,14
373,374,38,377,Sims,0.0,0.0,16,19
374,375,38,377,Walker-Peters,1.921,87.0,16,19
375,376,38,377,Bednarek,1.617,77.0,16,19
376,377,38,377,Adams,2.479,53.0,16,19
377,378,38,377,Valery,0.0,0.0,16,19
378,379,38,377,Smallbone,0.0,0.0,16,19
379,380,38,377,Vokins,0.0,0.0,16,19
380,381,38,377,Obafemi,0.19899999999999998,4.0,16,19
381,382,38,377,Djenepo,0.826,22.0,16,19
382,383,38,373,Lloris,3.28,89.0,17,9
383,384,38,373,Rose,0.0,0.0,17,9
384,385,38,373,Sissoko,0.165,5.0,17,9
385,386,38,373,Alderweireld,2.101,87.0,17,9
386,387,38,373,Lamela,0.78,19.0,17,9
387,388,38,373,Kane,4.9030000000000005,85.0,17,9
388,389,38,373,Aurier,1.565,56.0,17,9
389,390,38,373,Son,3.89,83.0,17,9
390,391,38,373,Dier,2.1109999999999998,86.0,17,9
391,392,38,373,Lucas Moura,1.104,26.0,17,9
392,393,38,373,Gazzaniga,0.0,0.0,17,9
393,394,38,373,Alli,2.715,61.0,17,9
394,395,38,373,Davies,0.0,0.0,17,9
395,396,38,373,Højbjerg,2.283,87.0,17,9
396,397,38,373,Winks,0.8690000000000001,30.0,17,9
397,398,38,373,Sánchez,0.099,4.0,17,9
398,399,38,373,Sessegnon,0.0,0.0,17,9
399,400,38,373,Bergwijn,0.35200000000000004,8.0,17,9
400,401,38,373,Fernandes,0.0,0.0,17,9
401,402,38,373,Tanganga,0.271,11.0,17,9
402,403,38,373,Lo Celso,1.525,44.0,17,9
403,404,38,373,Skipp,0.0,0.0,17,9
404,405,38,373,Ndombele,1.159,33.0,17,9
405,406,38,373,Foyth,0.0,0.0,17,9
406,407,38,372,Gibbs,0.0,0.0,18,10
407,408,38,372,Robson-Kanu,1.996,43.0,18,10
408,409,38,372,Livermore,0.203,6.0,18,10
409,410,38,372,Grosicki,0.0,0.0,18,10
410,411,38,372,Phillips,2.4819999999999998,69.0,18,10
411,412,38,372,Bartley,1.4769999999999999,88.0,18,10
412,413,38,372,Sawyers,0.031,1.0,18,10
413,414,38,372,Hegazi,0.0,0.0,18,10
414,415,38,372,Austin,0.0,0.0,18,10
415,416,38,372,Zohore,0.0,0.0,18,10
416,417,38,372,Johnstone,3.162,88.0,18,10
417,418,38,372,Townsend,1.4980000000000002,88.0,18,10
418,419,38,372,Ajayi,1.507,80.0,18,10
419,420,38,372,Leko,0.0,0.0,18,10
420,421,38,372,Edwards,0.0,0.0,18,10
421,422,38,372,Furlong,1.555,88.0,18,10
422,423,38,372,Field,0.0,0.0,18,10
423,424,38,376,Burke,0.0,0.0,15,4
424,425,38,372,O'Shea,0.39799999999999996,25.0,18,10
425,426,38,372,Harper,0.0,0.0,18,10
426,427,38,377,Noble,0.327,7.0,19,16
427,428,38,372,Snodgrass,0.0,0.0,18,10
428,429,38,377,Martin,0.0,0.0,19,16
429,430,38,377,Randolph,1.189,28.0,19,16
430,431,38,377,Fabianski,2.739,65.0,19,16
431,432,38,377,Ogbonna,3.179,83.0,19,16
432,433,38,377,Roberto,0.0,0.0,19,16
433,434,38,377,Wilshere,0.0,0.0,19,16
434,435,38,377,Cresswell,3.63,80.0,19,16
435,436,38,377,Yarmolenko,1.1079999999999999,20.0,19,16
436,437,38,377,Antonio,4.953,77.0,19,16
437,438,38,377,Fredericks,0.21600000000000003,5.0,19,16
438,439,38,377,Lanzini,0.10400000000000001,2.0,19,16
439,440,38,377,Felipe Anderson,0.0,0.0,19,16
440,441,38,377,Haller,0.0,0.0,19,16
441,442,38,377,Masuaku,0.384,9.0,19,16
442,443,38,377,Balbuena,0.0,0.0,19,16
443,444,38,377,Hugill,0.0,0.0,19,16
444,445,38,377,Bowen,1.63,24.0,19,16
445,446,38,372,Diangana,0.8909999999999999,22.0,18,10
446,447,38,377,Ajeti,0.0,0.0,19,16
447,448,38,377,Rice,3.2289999999999996,87.0,19,16
448,449,38,377,Soucek,3.487,86.0,19,16
449,450,38,377,Fornals,3.185,65.0,19,16
450,451,38,377,Diop,0.8740000000000001,23.0,19,16
451,452,38,377,Johnson,0.37200000000000005,8.0,19,16
452,453,38,378,Ruddy,0.0,0.0,20,13
453,454,38,378,Moutinho,2.687,78.0,20,13
454,455,38,378,Patrício,3.498,89.0,20,13
455,456,38,378,Bennett,0.0,0.0,20,13
456,457,38,373,Doherty,0.475,17.0,17,9
457,458,38,378,Boly,2.035,59.0,20,13
458,459,38,378,Coady,2.394,79.0,20,13
459,460,38,378,Jiménez,0.0,0.0,20,13
460,461,38,378,Saïss,1.919,52.0,20,13
461,462,38,378,Jonny,0.0,0.0,20,13
462,463,38,378,Bonatini,0.0,0.0,20,13
463,464,38,378,Dendoncker,2.256,61.0,20,13
464,465,38,378,Traoré,3.537,82.0,20,13
465,466,38,378,Neves,3.109,72.0,20,13
466,467,38,378,Buur,0.0,0.0,20,13
467,468,38,374,Jota,0.08800000000000001,1.0,11,6
468,469,38,378,Podence,0.0,0.0,20,13
469,470,38,378,Kilman,0.1,3.0,20,13
470,471,38,378,Vinagre,0.0,0.0,20,13
471,472,38,378,Sarkic,0.0,0.0,20,13
472,473,38,378,Gibbs-White,2.342,49.0,20,13
473,474,38,378,Neto,0.0,0.0,20,13
474,475,38,378,Jordao,0.0,0.0,20,13
475,476,38,378,Campana,0.0,0.0,20,13
476,477,38,376,Freeman,0.0,0.0,15,4
477,478,38,369,Willian,1.1159999999999999,19.0,1,3
478,479,38,377,Salisu,1.405,61.0,16,19
479,480,38,371,Sean Longstaff,1.354,36.0,14,8
480,481,38,372,Pereira,3.765,83.0,18,10
481,482,38,373,Hart,0.0,0.0,17,9
482,483,38,376,Ramsdale,3.488,89.0,15,4
483,484,38,371,Robinson,0.625,18.0,8,14
484,485,38,371,Hendrick,0.19,5.0,14,8
485,486,38,374,Dann,0.109,8.0,6,11
486,487,38,371,Matty Longstaff,0.0,0.0,14,8
487,488,38,371,Gillespie,0.29600000000000004,8.0,14,8
488,489,38,374,Eze,0.0,0.0,6,11
489,490,38,370,Thiago Silva,3.2889999999999997,74.0,5,2
490,491,38,372,Koch,0.0,0.0,10,18
491,492,38,372,Rodrigo,4.479,69.0,10,18
492,493,38,371,Lemina,1.88,54.0,8,14
493,494,38,369,Gabriel,2.833,68.0,1,3
494,495,38,378,van de Beek,0.43200000000000005,12.0,13,20
495,496,38,370,Cash,0.0,0.0,2,5
496,497,38,371,Murphy,2.7960000000000003,85.0,14,8
497,498,38,373,Castagne,2.8930000000000002,78.0,9,17
498,499,38,372,Kipre,0.0,0.0,18,10
499,500,38,370,Havertz,2.4859999999999998,33.0,5,2
500,501,38,369,Ceballos,1.216,30.0,1,3
501,502,38,375,Allan,1.964,72.0,7,12
502,503,38,369,Walton,0.0,0.0,3,1
503,504,38,378,Fabio Silva,3.832,73.0,20,13
504,505,38,378,Marçal,0.8740000000000001,26.0,20,13
505,506,38,371,Wilson,0.0,0.0,14,8
506,507,38,371,Fraser,0.0,0.0,14,8
507,508,38,375,Rodríguez,1.6669999999999998,41.0,7,12
508,509,38,376,Ampadu,0.0,0.0,15,4
509,510,38,376,Bogle,1.2990000000000002,33.0,15,4
510,511,38,376,Lowe,0.0,0.0,15,4
511,512,38,375,Doucouré,2.131,72.0,7,12
512,513,38,371,Lewis,0.079,3.0,14,8
513,514,38,370,Watkins,3.338,85.0,2,5
514,515,38,378,Vitinha,2.2159999999999997,51.0,20,13
515,516,38,371,Areola,3.492,88.0,8,14
516,517,38,371,Tete,2.477,68.0,8,14
517,518,38,373,Mendy,0.095,3.0,9,17
518,519,38,376,Dunne,0.0,0.0,4,15
519,520,38,376,Thomas,0.0,0.0,4,15
520,521,38,373,Carter-Vickers,0.0,0.0,17,9
521,522,38,374,Woods,0.0,0.0,6,11
522,523,38,377,Forster,2.806,78.0,16,19
523,524,38,377,Tella,1.757,40.0,16,19
524,525,38,371,Odoi,0.0,0.0,8,14
525,526,38,369,Elneny,1.5119999999999998,44.0,1,3
526,527,38,369,Macey,0.0,0.0,1,3
527,528,38,369,Steele,0.0,0.0,3,1
528,529,38,376,Jagielka,0.0,0.0,15,4
529,530,38,372,Ivanovic,0.0,0.0,18,10
530,531,38,374,Thiago,3.1180000000000003,80.0,11,6
531,532,38,372,Caprile,0.0,0.0,10,18
532,533,38,372,Bogusz,0.0,0.0,10,18
533,534,38,374,Inniss,0.0,0.0,6,11
534,535,38,376,Benson,0.077,2.0,4,15
535,536,38,376,Driscoll-Glennon,0.0,0.0,4,15
536,537,38,375,Bernabé,0.0,0.0,12,7
537,538,38,375,Steffen,0.0,0.0,12,7
538,539,38,375,Delap,0.0,0.0,12,7
539,540,38,370,Traoré,2.49,67.0,2,5
540,541,38,373,Ünder,0.053,1.0,9,17
541,542,38,373,Reguilón,2.117,80.0,17,9
542,543,38,373,Bale,2.8960000000000004,62.0,17,9
543,544,38,372,Gallagher,2.155,70.0,18,10
544,545,38,378,Hoever,0.228,7.0,20,13
545,546,38,378,Semedo,2.4019999999999997,69.0,20,13
546,547,38,369,Rúnarsson,0.0,0.0,1,3
547,548,38,370,Mendy,4.034,88.0,5,2
548,549,38,372,Llorente,3.028,70.0,10,18
549,550,38,369,Molumby,0.0,0.0,3,1
550,551,38,376,Goodridge,0.0,0.0,4,15
551,552,38,375,Palmer,0.0,0.0,12,7
552,553,38,378,Shabani,0.0,0.0,20,13
553,554,38,370,Ramsey,0.934,28.0,2,5
554,555,38,372,Krovinovic,0.0,0.0,18,10
555,556,38,375,Dias,3.005,67.0,12,7
556,557,38,371,Lookman,4.39,75.0,8,14
557,558,38,377,Coufal,3.4989999999999997,81.0,19,16
558,559,38,375,Nkounkou,0.0,0.0,7,12
559,560,38,374,Kelleher,0.0,0.0,11,6
560,561,38,373,Fofana,2.7880000000000003,86.0,9,17
561,562,38,371,Aina,1.9880000000000002,55.0,8,14
562,563,38,378,Ait Nouri,2.104,61.0,20,13
563,564,38,373,Carlos Vinicius,0.10300000000000001,2.0,17,9
564,565,38,377,Diallo,0.561,18.0,16,19
565,566,38,375,Godfrey,1.4140000000000001,78.0,7,12
566,567,38,369,Partey,1.53,38.0,1,3
567,568,38,378,Telles,0.07,2.0,13,20
568,569,38,378,Cavani,2.235,44.0,13,20
569,570,38,372,Raphinha,5.27,80.0,10,18
570,571,38,371,Andersen,3.0039999999999996,88.0,8,14
571,572,38,371,Adarabioyo,2.955,88.0,8,14
572,573,38,375,Olsen,0.0,0.0,7,12
573,574,38,369,Zeqiri,1.1640000000000001,27.0,3,1
574,575,38,378,Pellistri,0.0,0.0,13,20
575,576,38,377,Dawson,2.9939999999999998,74.0,19,16
576,577,38,374,Clyne,0.091,7.0,6,11
577,578,38,374,Henderson,0.0,0.0,6,11
578,579,38,373,Slimani,0.0,0.0,9,17
579,580,38,376,Verrips,0.0,0.0,15,4
580,581,38,378,Otasowie,0.215,5.0,20,13
581,582,38,372,Grant,0.34600000000000003,7.0,18,10
582,583,38,376,Norris,0.442,11.0,4,15
583,584,38,373,Rodon,0.19699999999999998,8.0,17,9
584,585,38,371,Kongolo,0.0,0.0,8,14
585,586,38,374,Butland,0.0,0.0,6,11
586,587,38,377,Benrahma,3.385,59.0,19,16
587,588,38,369,Welbeck,0.665,16.0,3,1
588,589,38,374,Phillips,4.314,84.0,11,6
589,590,38,377,N'Lundulu,0.0,0.0,16,19
590,591,38,376,Thompson,0.0,0.0,4,15
591,592,38,376,Richardson,0.0,0.0,4,15
592,593,38,370,Ziger,0.0,0.0,5,2
593,594,38,374,Rhys Williams,3.9819999999999998,78.0,11,6
594,595,38,375,Trafford,0.0,0.0,12,7
595,596,38,375,Simms,0.0,0.0,7,12
596,597,38,369,Sánchez,3.2260000000000004,89.0,3,1
597,598,38,377,Ramsay,0.0,0.0,16,19
598,599,38,372,Jenkins,0.0,0.0,10,18
599,600,38,372,Peltier,0.017,1.0,18,10
600,601,38,374,Clarkson,0.0,0.0,11,6
601,602,38,371,Anderson,0.0,0.0,14,8
602,603,38,376,Bryan,0.63,20.0,15,4
603,604,38,378,Grant,0.0,0.0,13,20
604,605,38,370,Anjorin,0.0,0.0,5,2
605,606,38,371,Langley,0.522,14.0,14,8
606,607,38,374,Cain,0.0,0.0,11,6
607,608,38,375,Carson,0.0,0.0,12,7
608,609,38,375,Nmecha,0.0,0.0,12,7
609,610,38,378,Corbeanu,0.0,0.0,20,13
610,611,38,378,Perry,0.08800000000000001,2.0,20,13
611,612,38,376,Mancini,0.083,2.0,4,15
612,613,38,376,Mumbongo,0.0,0.0,4,15
613,614,38,378,Cundle,0.042,1.0,20,13
614,615,38,378,Richards,0.0,0.0,20,13
615,616,38,378,Marques,0.0,0.0,20,13
616,617,38,378,Söndergaard,0.0,0.0,20,13
617,618,38,376,Hackford,0.109,2.0,15,4
618,619,38,372,Huggins,0.0,0.0,10,18
619,620,38,372,Cresswell,0.0,0.0,10,18
620,621,38,372,Diaby,0.0,0.0,18,10
621,622,38,375,Mbete,0.0,0.0,12,7
622,623,38,375,Harwood-Bellis,0.0,0.0,12,7
623,624,38,377,Chauke,0.0,0.0,16,19
624,625,38,377,Lewis,0.0,0.0,16,19
625,626,38,378,Cutrone,0.0,0.0,20,13
626,627,38,369,Tau,0.11900000000000001,3.0,3,1
627,628,38,369,Moder,1.709,49.0,3,1
628,629,38,378,Lonwijk,0.0,0.0,20,13
629,630,38,369,Khadra,0.0,0.0,3,1
630,631,38,369,Jenks,0.0,0.0,3,1
631,632,38,369,Sanders,0.0,0.0,3,1
632,633,38,369,Weir,0.0,0.0,3,1
633,634,38,377,Ferry,0.0,0.0,16,19
634,635,38,377,Tchaptchet,0.0,0.0,16,19
635,636,38,377,Watts,0.0,0.0,16,19
636,637,38,377,Alves,0.0,0.0,19,16
637,638,38,377,Odubeko,0.0,0.0,19,16
638,639,38,372,Lonergan,0.0,0.0,18,10
639,640,38,378,Diallo,0.21899999999999997,5.0,13,20
640,641,38,374,Mateta,0.305,7.0,6,11
641,642,38,378,Willian José,2.806,56.0,20,13
642,643,38,377,Jankewitz,0.0,0.0,16,19
643,644,38,375,Onyango,0.0,0.0,7,12
644,645,38,369,Ødegaard,2.281,43.0,1,3
645,646,38,376,Gordon,0.0,0.0,15,4
646,647,38,370,Sanson,0.0,0.0,2,5
647,648,38,372,Diagne,1.8,39.0,18,10
648,649,38,378,Bueno,0.0,0.0,20,13
649,650,38,373,Devine,0.0,0.0,17,9
650,651,38,375,King,0.264,6.0,7,12
651,652,38,374,Kabak,0.0,0.0,11,6
652,653,38,374,Davies,0.0,0.0,11,6
653,654,38,372,Yokuslu,2.279,79.0,18,10
654,655,38,377,Finnigan,0.0,0.0,16,19
655,656,38,376,Ndiaye,0.07400000000000001,2.0,15,4
656,657,38,376,Brunt,0.045,1.0,15,4
657,658,38,376,Nartey,0.0,0.0,4,15
658,659,38,375,Gomes,0.0,0.0,12,7
659,660,38,373,Daley-Campbell,0.0,0.0,9,17
660,661,38,373,Leshabela,0.0,0.0,9,17
661,662,38,369,McGill,0.0,0.0,3,1
662,663,38,369,Karbownik,0.13699999999999998,6.0,3,1
663,664,38,369,Caicedo,0.0,0.0,3,1
664,665,38,371,Maja,1.861,30.0,8,14
665,666,38,373,Scarlett,0.0,0.0,17,9
666,667,38,372,Gelhardt,0.0,0.0,10,18
667,668,38,377,Coventry,0.0,0.0,19,16
668,669,38,377,Baptiste,0.0,0.0,19,16
669,670,38,376,Maguire,0.0,0.0,15,4
670,671,38,370,Hayden,0.0,0.0,2,5
671,672,38,370,Chukwuemeka,0.149,4.0,2,5
672,673,38,378,Shoretire,0.0,0.0,13,20
673,674,38,377,Trott,0.0,0.0,19,16
674,675,38,374,Hannam,0.0,0.0,6,11
675,676,38,373,Tavares,0.0,0.0,9,17
676,677,38,374,Hughes,0.0,0.0,11,6
677,678,38,374,Ojrzynski,0.0,0.0,11,6
678,679,38,375,John,0.0,0.0,7,12
679,680,38,375,Broadhead,0.0,0.0,7,12
680,681,38,375,Astley,0.0,0.0,7,12
681,682,38,375,Tyrer,0.0,0.0,7,12
682,683,38,370,Philogene-Bidace,0.14800000000000002,4.0,2,5
683,684,38,373,Flynn,0.0,0.0,9,17
684,685,38,372,Berardi,0.0,0.0,10,18
685,686,38,378,Bishop,0.0,0.0,13,20
686,687,38,373,Suengchitthawon,0.0,0.0,9,17
687,688,38,374,Rak-Sakyi,0.19,6.0,6,11
688,689,38,369,Azeez,0.0,0.0,1,3
689,690,38,375,Welch,0.0,0.0,7,12
690,691,38,375,Price,0.0,0.0,7,12
691,692,38,372,Greenwood,0.0,0.0,10,18
692,693,38,372,Summerville,0.10800000000000001,2.0,10,18
693,694,38,372,Drameh,0.175,4.0,10,18
694,695,38,371,Carvalho,0.866,15.0,8,14
695,696,38,374,Woodburn,0.06,1.0,11,6
696,697,38,374,Koumetio,0.154,3.0,11,6
697,698,38,370,Livramento,0.0,0.0,5,2
698,699,38,376,Jebbison,1.916,38.0,15,4
699,700,38,372,Taylor,0.018000000000000002,1.0,18,10
700,701,38,372,Gardner-Hickman,0.076,2.0,18,10
701,702,38,378,Elanga,0.046,1.0,13,20
702,703,38,373,Maswanhise,0.046,1.0,9,17
703,704,38,376,Boyes,0.03,1.0,15,4
704,705,38,376,Seriki,0.47200000000000003,10.0,15,4
705,706,38,372,King,0.221,6.0,18,10
