index,ID,Name,Team,Pos,price,gw,xp,xmin,rp,rmin,games
1,1,Raya,Arsenal,G,6.0,1,4.46,89.09,6.0,90.0,1.0
2,2,Arrizabalaga,Arsenal,G,5.0,1,0.05,0.9,0.0,0.0,0.0
3,3,Meslier,Arsenal,G,5.0,1,0.0,0.0,0.0,0.0,0.0
4,4,Gabriel,Arsenal,D,8.0,1,5.8,87.9,5.0,90.0,1.0
5,5,J.Timber,Arsenal,D,6.5,1,0.0,0.0,0.0,0.0,0.0
6,6,Saliba,Arsenal,D,6.0,1,0.0,0.0,0.0,0.0,0.0
7,7,Lewis-Skelly,Arsenal,M,5.5,1,1.62,38.4,3.0,90.0,1.0
8,8,Calafiori,Arsenal,D,5.5,1,4.64,69.15,9.0,80.0,1.0
9,9,Hincapie,Arsenal,D,5.5,1,1.95,31.5,1.0,9.0,1.0
10,10,White,Arsenal,D,5.5,1,5.57,80.7,11.0,90.0,1.0
11,11,Mosquera,Arsenal,D,5.5,1,5.36,88.12,6.0,90.0,1.0
12,12,Saka,Arsenal,M,9.5,1,3.14,36.6,9.0,67.0,1.0
13,13,Rice,Arsenal,M,7.5,1,2.61,45.15,3.0,67.0,1.0
14,14,Eze,Arsenal,M,6.5,1,2.03,28.35,1.0,14.0,1.0
15,15,Ødegaard,Arsenal,M,6.5,1,4.78,72.0,11.0,75.0,1.0
16,16,Madueke,Arsenal,M,6.5,1,2.76,43.95,1.0,22.0,1.0
17,17,Merino,Arsenal,M,6.0,1,0.98,6.57,1.0,14.0,1.0
18,18,Martinelli,Arsenal,M,6.5,1,0.39,0.19,0.0,0.0,0.0
19,19,Zubimendi,Arsenal,M,5.5,1,1.67,34.42,1.0,22.0,1.0
20,20,Dowman,Arsenal,M,5.5,1,0.57,8.7,0.0,0.0,0.0
21,21,Nørgaard,Everton,M,5.0,1,0.0,0.0,0.0,0.0,0.0
22,22,Nwaneri,Arsenal,M,5.5,1,0.1,0.3,0.0,0.0,0.0
23,23,Fábio Vieira,Arsenal,M,5.5,1,0.0,0.0,0.0,0.0,0.0
24,24,Nelson,Arsenal,M,5.5,1,0.0,0.0,0.0,0.0,0.0
25,25,Gyökeres,Arsenal,F,7.5,1,2.34,29.4,0.0,0.0,0.0
26,26,Havertz,Arsenal,F,7.5,1,4.75,66.45,6.0,90.0,1.0
27,27,G.Jesus,Arsenal,F,6.0,1,0.47,1.8,0.0,0.0,0.0
28,28,Martinez,Aston Villa,G,5.0,1,0.0,0.0,0.0,0.0,0.0
29,29,M.Bizot,Aston Villa,G,4.5,1,0.05,1.8,1.0,90.0,1.0
30,30,Digne,Aston Villa,D,4.5,1,0.0,0.0,0.0,0.0,0.0
31,31,Konsa,Arsenal,D,4.5,1,0.0,0.0,0.0,0.0,0.0
32,32,Cash,Aston Villa,D,4.5,1,2.85,88.02,-1.0,90.0,1.0
33,33,Mings,Aston Villa,D,4.5,1,0.62,14.62,1.0,16.0,1.0
34,34,Pau,Aston Villa,D,4.5,1,2.42,76.95,0.0,73.0,1.0
35,35,Bogarde,Aston Villa,M,5.0,1,1.48,44.4,1.0,16.0,1.0
36,36,Maatsen,Aston Villa,D,4.5,1,3.02,74.7,0.0,81.0,1.0
37,37,Lindelöf,Aston Villa,D,4.5,1,2.65,82.2,-2.0,90.0,1.0
38,38,A.García,Aston Villa,D,4.0,1,0.0,0.0,0.0,0.0,0.0
39,39,Nedeljkovic,Aston Villa,D,4.0,1,0.0,0.0,0.0,0.0,0.0
40,40,Rogers,Chelsea,M,7.5,1,4.2,72.0,8.0,81.0,1.0
41,41,Buendía,Aston Villa,M,6.0,1,4.05,73.95,2.0,85.0,1.0
42,42,Guessand,Crystal Palace,M,5.5,1,0.65,10.08,1.0,27.0,1.0
43,43,Tielemans,Man Utd,M,6.0,1,4.12,80.55,2.0,66.0,1.0
44,44,Bailey,Aston Villa,M,5.5,1,0.0,0.0,0.0,0.0,0.0
45,45,McGinn,Aston Villa,M,5.5,1,3.39,75.0,1.0,81.0,1.0
46,46,Barkley,Aston Villa,M,5.0,1,3.33,75.6,2.0,73.0,1.0
47,47,Kamara,Aston Villa,M,5.0,1,3.01,81.75,2.0,90.0,1.0
48,48,Onana,Aston Villa,M,5.0,1,0.0,0.0,0.0,0.0,0.0
49,49,Iling Jr,Aston Villa,M,5.0,1,0.0,0.0,0.0,0.0,0.0
50,50,Burrowes,Aston Villa,M,4.5,1,0.0,0.0,0.0,0.0,0.0
51,51,George Hemmings,Aston Villa,M,4.5,1,3.2,71.85,2.0,90.0,1.0
52,52,Alysson,Aston Villa,M,5.0,1,0.4,9.15,1.0,8.0,1.0
53,53,Manzambi,Aston Villa,M,6.0,1,0.0,0.0,0.0,0.0,0.0
54,54,Gomes,Aston Villa,M,5.5,1,0.0,0.0,-2.0,39.0,1.0
55,55,Watkins,Aston Villa,F,8.0,1,0.84,14.55,0.0,0.0,0.0
56,56,Abraham,Aston Villa,F,5.5,1,1.93,35.85,0.0,0.0,0.0
57,57,Petrović,Bournemouth,G,4.5,1,2.35,90.0,2.0,90.0,1.0
58,58,Forster,Bournemouth,G,4.0,1,0.0,0.0,0.0,0.0,0.0
59,59,Dennis,Bournemouth,G,4.0,1,0.01,0.0,0.0,0.0,0.0
60,60,Hill,Bournemouth,D,5.5,1,2.87,80.55,1.0,90.0,1.0
61,61,Truffert,Bournemouth,D,5.5,1,2.51,85.95,1.0,90.0,1.0
62,62,Diakité,Bournemouth,D,5.0,1,0.61,18.72,0.0,0.0,0.0
63,63,Milosavljević,Bournemouth,D,5.0,1,0.0,0.0,0.0,0.0,0.0
64,64,Smith,Bournemouth,D,4.5,1,1.44,61.65,1.0,90.0,1.0
65,65,J.Araujo,Bournemouth,D,4.5,1,0.0,0.0,0.0,0.0,0.0
66,66,Soler,Bournemouth,D,4.0,1,0.0,0.0,0.0,0.0,0.0
67,67,Rayan,Bournemouth,M,6.5,1,3.26,83.5,2.0,88.0,1.0
68,68,Tavernier,Bournemouth,M,6.0,1,3.61,83.79,10.0,90.0,1.0
69,69,Scott,Bournemouth,M,6.0,1,3.61,85.05,2.0,90.0,1.0
70,70,Kluivert,Bournemouth,M,6.0,1,3.37,75.75,3.0,74.0,1.0
71,71,Cook,Bournemouth,M,5.0,1,0.98,12.48,3.0,75.0,1.0
72,72,Gannon-Doak,Bournemouth,M,5.0,1,0.84,19.2,1.0,1.0,1.0
73,73,Adams,Bournemouth,M,5.0,1,2.91,75.9,1.0,15.0,1.0
74,74,Brooks,Bournemouth,M,5.0,1,0.0,0.0,0.0,0.0,0.0
75,75,Christie,Bournemouth,M,5.0,1,0.0,0.0,0.0,0.0,0.0
76,76,Tóth.A,Bournemouth,M,5.0,1,0.64,15.48,1.0,15.0,1.0
77,77,Adli,Bournemouth,M,5.0,1,0.0,0.0,0.0,0.0,0.0
78,78,Kroupi.Jr,Bournemouth,M,7.5,1,0.0,0.0,0.0,0.0,0.0
79,79,Evanilson,Bournemouth,F,6.0,1,3.4,74.85,4.0,74.0,1.0
80,80,Enes Ünal,Bournemouth,F,5.5,1,0.0,0.0,0.0,0.0,0.0
81,81,Rodríguez,Bournemouth,F,6.0,1,0.99,15.74,0.0,0.0,0.0
82,82,Kelleher,Brentford,G,5.0,1,3.29,89.09,7.0,90.0,1.0
83,83,Valdimarsson,Brentford,G,4.5,1,0.04,0.9,0.0,0.0,0.0
84,84,Collins,Brentford,D,5.5,1,3.85,87.9,6.0,90.0,1.0
85,85,Van den Berg,Brentford,D,5.0,1,0.0,0.0,0.0,0.0,0.0
86,86,Lewis-Potter,Brentford,M,5.5,1,2.87,71.25,10.0,90.0,1.0
87,87,Ajer,Brentford,D,4.5,1,3.57,81.6,8.0,90.0,1.0
88,88,Kayode,Brentford,D,4.5,1,3.25,84.0,13.0,75.0,1.0
89,89,Henry,Brentford,D,4.5,1,0.92,16.25,0.0,0.0,0.0
90,90,Hickey,Brentford,D,4.5,1,0.61,3.75,1.0,14.0,1.0
91,91,Pinnock,Brentford,D,4.5,1,0.35,7.2,0.0,0.0,0.0
92,92,Ji-soo,Brentford,D,4.5,1,0.0,0.0,0.0,0.0,0.0
93,93,Schuster,Brentford,D,4.5,1,0.54,11.93,0.0,0.0,0.0
94,94,Schade,Brentford,M,6.0,1,4.22,77.1,3.0,90.0,1.0
95,95,O.Dango,Brentford,M,6.5,1,4.46,79.35,3.0,66.0,1.0
96,96,Damsgaard,Brentford,M,5.5,1,1.86,39.0,1.0,14.0,1.0
97,97,Jensen,Brentford,M,5.5,1,2.27,53.4,6.0,66.0,1.0
98,98,Janelt,Brentford,M,5.0,1,2.22,53.4,9.0,90.0,1.0
99,99,Milambo,Brentford,M,5.0,1,0.0,0.0,0.0,0.0,0.0
100,100,Carvalho,Brentford,M,5.0,1,0.5,0.25,0.0,0.0,0.0
101,101,Henderson,Chelsea,M,5.0,1,0.0,0.0,0.0,0.0,0.0
102,102,Yarmoliuk,Brentford,M,5.0,1,1.9,45.45,1.0,23.0,1.0
103,103,Dasilva,Brentford,M,5.0,1,0.0,0.0,0.0,0.0,0.0
104,104,Onyeka,Coventry City,M,5.0,1,1.91,59.7,2.0,90.0,1.0
105,105,Anthony,Brentford,M,6.0,1,1.03,16.8,1.0,23.0,1.0
106,106,Thiago,Brentford,F,8.0,1,4.69,85.5,0.0,82.0,1.0
107,107,Furo,Brentford,F,4.5,1,0.0,0.0,0.0,0.0,0.0
108,108,Wilson,Brentford,F,5.5,1,0.79,5.48,1.0,7.0,1.0
109,109,Verbruggen,Brighton,G,4.5,1,3.27,89.08,6.0,90.0,1.0
110,110,Rushworth,Coventry City,G,4.5,1,2.33,89.09,1.0,90.0,1.0
111,111,Steele,Brighton,G,4.0,1,0.04,0.92,0.0,0.0,0.0
112,112,Van Hecke,Spurs,D,5.0,1,3.73,87.75,1.0,90.0,1.0
113,113,F.Kadıoğlu,Brighton,D,4.5,1,3.37,85.95,0.0,0.0,0.0
114,114,Boscagli,Brighton,D,4.5,1,3.37,78.0,6.0,90.0,1.0
115,115,De Cuyper,Brighton,D,4.5,1,3.82,66.15,17.0,77.0,1.0
116,116,Dunk,Brighton,D,4.5,1,2.13,57.75,6.0,90.0,1.0
117,117,Coppola,Brighton,D,4.5,1,0.08,0.12,0.0,0.0,0.0
118,118,Igor,Brighton,D,4.5,1,0.0,0.0,0.0,0.0,0.0
119,119,Costinha,Brighton,D,4.5,1,0.75,9.69,1.0,26.0,1.0
120,120,Svoboda,Brighton,D,5.0,1,0.38,2.09,0.0,0.0,0.0
121,121,Mitoma,Brighton,M,6.0,1,0.0,0.0,0.0,0.0,0.0
122,122,Minteh,Brighton,M,6.0,1,0.0,0.0,0.0,0.0,0.0
123,123,Hinshelwood,Brighton,M,6.0,1,4.22,80.1,16.0,63.0,1.0
124,124,Groß,Brighton,M,5.5,1,4.21,81.75,2.0,90.0,1.0
125,125,Georginio,Brighton,F,5.5,1,2.29,45.0,5.0,90.0,1.0
126,126,O'Riley,Brighton,M,5.5,1,0.0,0.0,0.0,0.0,0.0
127,127,Gomez,Brighton,M,5.0,1,4.02,76.8,6.0,85.0,1.0
128,128,Buonanotte,Brighton,M,5.0,1,0.0,0.0,0.0,0.0,0.0
129,129,Ayari,Brighton,M,5.5,1,3.59,82.02,2.0,63.0,1.0
130,130,Wieffer,Brighton,D,5.0,1,3.73,79.8,7.0,77.0,1.0
131,131,Baleba,Brighton,M,5.0,1,0.0,0.0,0.0,0.0,0.0
132,132,Howell,Brighton,M,4.5,1,0.0,0.0,0.0,0.0,0.0
133,133,Watson,Brighton,M,5.0,1,0.0,0.0,0.0,0.0,0.0
134,134,Oriola,Brighton,M,4.5,1,0.0,0.0,0.0,0.0,0.0
135,135,Yohanna,Brighton,M,5.0,1,1.68,38.4,1.0,12.0,1.0
136,136,Welbeck,Chelsea,F,6.0,1,1.32,9.64,0.0,0.0,0.0
137,137,Tzimas,Brighton,F,5.5,1,0.0,0.0,0.0,0.0,0.0
138,138,Kostoulas,Brighton,F,5.5,1,2.15,38.7,1.0,26.0,1.0
139,139,Ferguson,Brighton,F,5.0,1,0.0,0.0,0.0,0.0,0.0
140,140,Sánchez,Chelsea,G,5.0,1,3.28,83.7,2.0,90.0,1.0
141,141,Jörgensen,Chelsea,G,5.0,1,0.0,0.0,0.0,0.0,0.0
142,142,James,Chelsea,D,5.5,1,4.14,85.95,0.0,90.0,1.0
143,143,Chalobah,Chelsea,D,5.5,1,0.0,0.0,0.0,0.0,0.0
144,144,Gusto,Chelsea,D,5.0,1,0.69,9.45,1.0,75.0,1.0
145,145,Fofana,Chelsea,D,5.0,1,0.0,0.0,0.0,0.0,0.0
146,146,B.Badiashile,Chelsea,D,4.5,1,0.08,0.4,0.0,0.0,0.0
147,147,Tosin,Chelsea,D,4.5,1,0.65,13.65,0.0,0.0,0.0
148,148,Hato,Chelsea,D,4.5,1,0.72,15.33,1.0,64.0,1.0
149,149,Colwill,Chelsea,D,5.0,1,3.29,80.1,0.0,90.0,1.0
150,150,M.Sarr,Chelsea,D,4.5,1,0.0,0.0,0.0,0.0,0.0
151,151,Acheampong,Chelsea,D,4.5,1,0.31,7.2,3.0,90.0,1.0
152,152,Palestra,Chelsea,D,5.5,1,3.93,76.8,0.0,0.0,0.0
153,153,Disasi,Chelsea,D,4.5,1,0.0,0.0,0.0,0.0,0.0
154,154,Palmer,Chelsea,M,9.5,1,5.5,81.6,13.0,82.0,1.0
155,155,Enzo,Chelsea,M,7.0,1,3.59,73.05,1.0,25.0,1.0
156,156,Neto,Chelsea,M,6.5,1,3.25,71.1,1.0,14.0,1.0
157,157,Estêvão,Chelsea,M,6.5,1,0.84,11.5,1.0,7.0,1.0
158,158,Gittens,Chelsea,M,6.0,1,0.35,1.32,0.0,0.0,0.0
159,159,Caicedo,Chelsea,M,5.5,1,3.42,81.3,0.0,0.0,0.0
160,160,Garnacho,Aston Villa,M,6.0,1,3.59,68.9,1.0,4.0,1.0
161,161,Lavia,Chelsea,M,5.0,1,0.55,5.02,1.0,64.0,1.0
162,162,Andrey Santos,Man Utd,M,5.0,1,3.48,75.3,2.0,66.0,1.0
163,163,D.Essugo,Chelsea,M,4.5,1,0.21,0.32,0.0,0.0,0.0
164,164,Quenda,Chelsea,M,5.5,1,1.07,20.25,1.0,8.0,1.0
165,165,João Pedro,Chelsea,F,7.5,1,5.04,81.75,11.0,90.0,1.0
166,166,N.Jackson,Chelsea,F,6.5,1,0.25,0.25,0.0,0.0,0.0
167,167,Delap,Chelsea,F,5.5,1,0.56,0.81,0.0,0.0,0.0
168,168,Marc Guiu,Chelsea,F,5.0,1,0.0,0.0,0.0,0.0,0.0
169,169,Mheuka,Chelsea,F,4.5,1,0.0,0.0,0.0,0.0,0.0
170,170,Emegha,Chelsea,F,5.0,1,0.0,0.0,0.0,0.0,0.0
171,171,Dovin,Coventry City,G,4.0,1,0.0,0.0,0.0,0.0,0.0
172,172,Wilson,Coventry City,G,4.5,1,0.03,0.9,0.0,0.0,0.0
173,173,Thomas,Coventry City,D,4.0,1,2.23,80.1,3.0,90.0,1.0
174,174,Kitching,Coventry City,D,4.0,1,0.73,15.48,0.0,0.0,0.0
175,175,van Ewijk,Coventry City,D,4.0,1,1.82,87.96,1.0,90.0,1.0
176,176,Dasilva,Coventry City,D,4.0,1,1.39,76.95,1.0,90.0,1.0
177,177,Kesler-Hayden,Coventry City,D,4.0,1,0.41,7.54,0.0,0.0,0.0
178,178,Bidwell,Coventry City,D,4.0,1,0.12,1.95,0.0,0.0,0.0
179,179,Latibeaudiere,Coventry City,D,4.0,1,0.2,0.7,0.0,0.0,0.0
180,180,Woolfenden,Coventry City,D,4.0,1,0.31,4.84,0.0,0.0,0.0
181,181,Brau,Coventry City,D,4.0,1,0.0,0.0,0.0,0.0,0.0
182,182,Amenda,Coventry City,D,4.0,1,2.03,78.75,1.0,90.0,1.0
183,183,Rudoni,Coventry City,M,5.0,1,0.73,14.7,1.0,20.0,1.0
184,184,Grimes,Coventry City,M,5.0,1,2.47,80.7,2.0,90.0,1.0
185,185,Sakamoto,Coventry City,M,5.0,1,1.13,27.96,0.0,0.0,0.0
186,186,Mason-Clark,Coventry City,M,5.5,1,1.18,26.98,0.0,0.0,0.0
187,187,Eccles,Coventry City,M,5.0,1,0.72,4.32,0.0,0.0,0.0
188,188,Torp,Coventry City,M,5.5,1,0.9,13.95,1.0,28.0,1.0
189,189,Shepherd,Coventry City,M,4.5,1,0.0,0.0,0.0,0.0,0.0
190,190,Tchaouna,Coventry City,M,5.5,1,1.95,59.85,2.0,81.0,1.0
191,191,Borges Rodrigues,Coventry City,M,4.5,1,0.0,0.0,0.0,0.0,0.0
192,192,Andrews,Coventry City,M,4.5,1,0.0,0.0,0.0,0.0,0.0
193,193,Wright,Coventry City,F,5.5,1,0.0,0.0,0.0,0.0,0.0
194,194,Thomas-Asante,Coventry City,F,5.0,1,2.43,71.25,2.0,69.0,1.0
195,195,Simms,Coventry City,F,5.0,1,1.01,18.7,2.0,69.0,1.0
196,196,Markelo,Coventry City,F,5.0,1,0.0,0.0,0.0,0.0,0.0
197,197,Bassette,Coventry City,F,4.5,1,0.0,0.0,0.0,0.0,0.0
198,198,Henderson,Crystal Palace,G,5.0,1,3.14,89.09,2.0,90.0,1.0
199,199,Benitez,Crystal Palace,G,4.5,1,0.04,0.9,0.0,0.0,0.0
200,200,Lacroix,Chelsea,D,6.0,1,4.08,84.3,6.0,90.0,1.0
201,201,Muñoz,Crystal Palace,D,5.5,1,1.01,13.45,0.0,54.0,1.0
202,202,Richards,Crystal Palace,D,5.0,1,3.93,86.4,3.0,90.0,1.0
203,203,Canvot,Crystal Palace,D,5.0,1,4.15,87.9,1.0,90.0,1.0
204,204,Mitchell,Crystal Palace,D,4.5,1,3.1,81.3,1.0,90.0,1.0
205,205,Sosa,Crystal Palace,D,4.5,1,0.2,0.6,0.0,0.0,0.0
206,206,Chadi Riad,Crystal Palace,D,4.5,1,2.15,50.85,1.0,72.0,1.0
207,207,Mingueza,Crystal Palace,D,4.5,1,2.96,67.5,0.0,0.0,0.0
208,208,Sarr,Crystal Palace,M,6.5,1,4.34,81.45,0.0,0.0,0.0
209,209,Johnson,Everton,M,6.0,1,1.96,37.5,1.0,6.0,1.0
210,210,Wharton,Crystal Palace,M,5.5,1,3.66,83.1,4.0,90.0,1.0
211,211,Yeremy,Crystal Palace,M,5.5,1,1.42,31.2,1.0,35.0,1.0
212,212,Hughes,Crystal Palace,M,4.5,1,1.34,35.85,0.0,0.0,0.0
213,213,Lerma,Crystal Palace,M,5.0,1,0.75,15.6,0.0,0.0,0.0
214,214,Kamada,Crystal Palace,M,5.0,1,2.02,50.85,3.0,90.0,1.0
215,215,Devenny,Crystal Palace,M,5.0,1,0.49,1.68,0.0,0.0,0.0
216,216,Esse,Crystal Palace,M,5.0,1,0.0,0.0,0.0,0.0,0.0
217,217,M.França,Crystal Palace,M,5.0,1,0.17,1.04,0.0,0.0,0.0
218,218,Doucouré,Crystal Palace,M,5.0,1,0.0,0.0,0.0,0.0,0.0
219,219,J.Rak-Sakyi,Crystal Palace,M,5.0,1,0.0,0.0,0.0,0.0,0.0
220,220,Cardines,Crystal Palace,D,4.5,1,0.0,0.0,0.0,0.0,0.0
221,221,Drakes-Thomas,Crystal Palace,M,4.5,1,0.0,0.0,0.0,0.0,0.0
222,222,Strand Larsen,Crystal Palace,F,6.0,1,2.84,59.25,1.0,27.0,1.0
223,223,Mateta,Crystal Palace,F,6.5,1,1.82,28.94,2.0,62.0,1.0
224,224,Nketiah,Crystal Palace,F,5.5,1,1.11,6.5,1.0,55.0,1.0
225,225,Uche,Crystal Palace,F,5.0,1,0.0,0.0,0.0,0.0,0.0
226,226,Pickford,Everton,G,5.5,1,3.53,90.0,7.0,90.0,1.0
227,227,Travers,Everton,G,5.0,1,0.01,0.0,0.0,0.0,0.0
228,228,King,Everton,G,4.5,1,0.0,0.0,0.0,0.0,0.0
229,229,Tarkowski,Everton,D,6.0,1,4.39,82.95,6.0,90.0,1.0
230,230,Branthwaite,Everton,D,5.5,1,3.91,81.45,6.0,90.0,1.0
231,231,Keane,Everton,D,5.0,1,0.89,13.9,0.0,0.0,0.0
232,232,O'Brien,Everton,D,5.0,1,2.04,51.45,0.0,0.0,0.0
233,233,Mykolenko,Everton,D,4.5,1,3.27,79.05,6.0,90.0,1.0
234,234,Patterson,Everton,D,4.5,1,0.16,0.24,0.0,0.0,0.0
235,235,Aznou,Everton,D,4.0,1,0.0,0.0,0.0,0.0,0.0
236,236,Dewsbury-Hall,Everton,M,6.5,1,4.36,85.9,11.0,90.0,1.0
237,237,Ndiaye,Everton,M,6.0,1,4.83,86.09,9.0,90.0,1.0
238,238,Grealish,Man City,M,6.5,1,2.53,44.49,1.0,8.0,1.0
239,239,Garner,Everton,M,6.0,1,0.0,0.0,1.0,11.0,1.0
240,240,Iroegbunam,Everton,M,5.0,1,0.0,0.0,0.0,0.0,0.0
241,241,McNeil,Crystal Palace,M,5.5,1,2.69,58.8,2.0,62.0,1.0
242,242,George,Everton,M,5.5,1,1.36,28.05,3.0,83.0,1.0
243,243,Alcaraz,Everton,M,5.0,1,0.55,11.24,1.0,1.0,1.0
244,244,Armstrong,Everton,M,5.0,1,3.14,72.65,8.0,90.0,1.0
245,245,Dibling,Everton,M,5.5,1,0.68,14.55,0.0,0.0,0.0
246,246,Röhl,Everton,M,5.0,1,3.03,81.94,3.0,90.0,1.0
247,247,Hackney,Everton,M,5.5,1,4.04,82.2,3.0,78.0,1.0
248,248,Beto,Everton,F,5.5,1,1.62,19.93,1.0,11.0,1.0
249,249,Barry,Everton,F,5.5,1,3.64,69.45,8.0,78.0,1.0
250,250,Leno,Fulham,G,4.5,1,2.75,89.99,2.0,90.0,1.0
251,251,Lecomte,Fulham,G,4.0,1,0.04,1.05,0.0,0.0,0.0
252,252,McNally,Fulham,G,4.0,1,0.0,0.0,0.0,0.0,0.0
253,253,Andersen,Fulham,D,5.0,1,0.0,0.0,0.0,0.0,0.0
254,254,Robinson,Fulham,D,4.5,1,1.85,49.8,1.0,81.0,1.0
255,255,J.Cuenca,Fulham,D,4.5,1,2.34,68.7,3.0,90.0,1.0
256,256,Tete,Fulham,D,4.5,1,1.46,40.2,0.0,0.0,0.0
257,257,Bassey,Fulham,D,4.5,1,2.34,87.9,0.0,90.0,1.0
258,258,Castagne,Fulham,D,4.5,1,1.75,53.55,6.0,90.0,1.0
259,259,Diop,Ipswich Town,D,4.0,1,2.63,65.85,2.0,90.0,1.0
260,260,Wilson,Leeds,M,6.5,1,3.79,75.9,3.0,65.0,1.0
261,261,Iwobi,Fulham,M,5.5,1,3.45,84.3,2.0,90.0,1.0
262,262,Smith Rowe,Fulham,M,5.5,1,2.09,45.45,0.0,0.0,0.0
263,263,Kevin,Fulham,M,5.5,1,2.82,66.75,1.0,17.0,1.0
264,264,Bobb,Fulham,M,5.5,1,2.94,70.5,2.0,66.0,1.0
265,265,Berge,Fulham,M,5.0,1,2.85,86.18,2.0,72.0,1.0
266,266,Cairney,Fulham,M,5.0,1,0.0,0.0,0.0,0.0,0.0
267,267,Lukić,Ipswich Town,M,5.0,1,2.97,75.0,5.0,90.0,1.0
268,268,King,Fulham,M,5.5,1,2.03,45.3,7.0,90.0,1.0
269,269,Sessegnon,Fulham,D,4.5,1,1.64,40.42,1.0,17.0,1.0
270,270,Reed,Fulham,M,4.5,1,0.23,1.65,0.0,0.0,0.0
271,271,Muniz,Fulham,F,5.5,1,1.28,12.96,1.0,8.0,1.0
272,272,Kusi-Asare,Fulham,F,4.5,1,0.24,1.21,0.0,0.0,0.0
273,273,Phillips,Hull City,G,4.0,1,0.0,0.0,0.0,0.0,0.0
274,274,Butland,Hull City,G,4.5,1,0.0,0.0,0.0,0.0,0.0
275,275,Cartwright,Hull City,G,4.0,1,0.0,0.0,0.0,0.0,0.0
276,276,Lo-Tutala,Hull City,G,4.0,1,0.0,0.0,0.0,0.0,0.0
277,277,Egan,Hull City,D,4.0,1,2.6,86.85,8.0,90.0,1.0
278,278,Hughes,Hull City,D,4.0,1,0.0,0.0,0.0,0.0,0.0
279,279,Ajayi,Hull City,D,4.0,1,1.74,59.7,14.0,63.0,1.0
280,280,Coyle,Hull City,D,4.0,1,1.92,84.9,6.0,69.0,1.0
281,281,Drameh,Hull City,D,4.0,1,0.0,0.0,1.0,20.0,1.0
282,282,Giles,Hull City,D,4.0,1,1.91,76.95,6.0,84.0,1.0
283,283,Jacob,Hull City,D,4.0,1,0.0,0.0,0.0,0.0,0.0
284,284,McCarthy,Hull City,D,4.0,1,0.05,0.32,0.0,0.0,0.0
285,285,McNair,Hull City,D,4.0,1,0.32,4.95,1.0,26.0,1.0
286,286,Belloumi,Hull City,M,5.0,1,2.39,58.05,3.0,90.0,1.0
287,287,Millar,Hull City,M,5.0,1,1.49,37.2,0.0,19.0,1.0
288,288,Dowell,Hull City,M,4.5,1,0.31,1.2,0.0,0.0,0.0
289,289,Crooks,Hull City,M,4.5,1,2.38,69.6,2.0,90.0,1.0
290,290,Slater,Hull City,M,4.5,1,2.65,79.05,6.0,90.0,1.0
291,291,Matazo,Hull City,M,4.5,1,0.0,0.0,0.0,0.0,0.0
292,292,Ömür,Hull City,M,5.0,1,0.82,9.52,0.0,0.0,0.0
293,293,Kamara,Hull City,M,5.0,1,0.0,0.0,0.0,0.0,0.0
294,294,Zambrano,Hull City,M,4.5,1,0.0,0.0,0.0,0.0,0.0
295,295,McBurnie,Hull City,F,5.5,1,3.31,85.95,5.0,90.0,1.0
296,296,Akintola,Hull City,M,5.0,1,0.56,5.72,0.0,0.0,0.0
297,297,Gyabi,Hull City,M,4.5,1,0.0,0.0,0.0,0.0,0.0
298,298,Destan,Hull City,F,4.5,1,0.0,0.0,0.0,0.0,0.0
299,299,Burstow,Hull City,F,4.5,1,0.0,0.0,0.0,0.0,0.0
300,300,Walton,Ipswich Town,G,4.5,1,0.04,0.92,0.0,0.0,0.0
301,301,Palmer,Ipswich Town,G,4.0,1,0.03,0.9,0.0,0.0,0.0
302,302,Button,Ipswich Town,G,4.0,1,0.0,0.0,0.0,0.0,0.0
303,303,Kipré,Ipswich Town,D,4.0,1,0.28,2.1,0.0,0.0,0.0
304,304,O'Shea,Ipswich Town,D,4.0,1,3.54,80.25,4.0,90.0,1.0
305,305,Davis,Ipswich Town,D,4.0,1,3.23,78.75,2.0,90.0,1.0
306,306,Greaves,Ipswich Town,D,4.0,1,2.66,60.0,2.0,90.0,1.0
307,307,Johnson,Ipswich Town,D,4.0,1,0.3,0.3,0.0,0.0,0.0
308,308,Furlong,Ipswich Town,D,4.0,1,0.29,2.52,0.0,0.0,0.0
309,309,Núñez,Ipswich Town,M,5.0,1,3.33,75.9,4.0,79.0,1.0
310,310,Matusiwa,Ipswich Town,M,5.0,1,0.0,0.0,0.0,0.0,0.0
311,311,Burns,Ipswich Town,M,5.0,1,0.0,0.0,0.0,0.0,0.0
312,312,Taylor,Ipswich Town,M,4.5,1,0.0,0.0,0.0,0.0,0.0
313,313,Clarke,Ipswich Town,M,5.5,1,1.96,34.56,7.0,19.0,1.0
314,314,Ogbene,Ipswich Town,M,5.0,1,0.0,0.0,0.0,0.0,0.0
315,315,Fatawu,Ipswich Town,M,5.5,1,2.22,50.1,2.0,65.0,1.0
316,316,Emersonn,Ipswich Town,F,5.5,1,3.61,74.25,9.0,65.0,1.0
317,317,Hirst,Ipswich Town,F,5.0,1,0.0,0.0,0.0,0.0,0.0
318,318,Philogene,Ipswich Town,M,5.5,1,1.45,23.07,0.0,0.0,0.0
319,319,Szmodics,Ipswich Town,M,5.0,1,0.0,0.0,0.0,0.0,0.0
320,320,Akpom,Ipswich Town,F,5.0,1,0.75,5.2,1.0,24.0,1.0
321,321,Walle Egeli,Ipswich Town,F,4.5,1,0.67,13.78,1.0,10.0,1.0
322,322,Al-Hamadi,Ipswich Town,F,5.0,1,1.05,2.0,0.0,0.0,0.0
323,323,McAteer,Ipswich Town,M,4.5,1,0.0,0.0,1.0,24.0,1.0
324,324,Mehmeti,Ipswich Town,M,5.0,1,1.31,22.48,0.0,0.0,0.0
325,325,Darlow,Man Utd,G,4.5,1,0.05,0.91,0.0,0.0,0.0
326,326,Perri,Leeds,G,4.5,1,0.04,0.91,0.0,0.0,0.0
327,327,Bijol,Leeds,D,5.0,1,2.72,59.7,10.0,90.0,1.0
328,328,Struijk,Brighton,D,5.0,1,0.0,0.0,0.0,0.0,0.0
329,329,Rodon,Leeds,D,4.5,1,3.12,84.3,6.0,90.0,1.0
330,330,Bogle,Leeds,D,4.5,1,3.01,78.3,6.0,90.0,1.0
331,331,Gudmundsson,Leeds,D,4.5,1,0.0,0.0,0.0,0.0,0.0
332,332,Justin,Leeds,D,4.5,1,3.55,86.1,10.0,90.0,1.0
333,333,Bornauw,Leeds,D,4.5,1,0.0,0.0,0.0,0.0,0.0
334,334,Muharemović,Leeds,D,5.0,1,3.7,85.5,6.0,90.0,1.0
335,335,Stach,Leeds,M,6.0,1,3.24,74.7,13.0,90.0,1.0
336,336,Okafor,Leeds,M,6.0,1,2.05,41.4,1.0,24.0,1.0
337,337,Aaronson,Leeds,M,5.5,1,2.94,64.2,3.0,81.0,1.0
338,338,Ampadu,Leeds,M,5.5,1,3.34,84.4,5.0,90.0,1.0
339,339,Longstaff,Leeds,M,5.0,1,0.88,10.6,1.0,8.0,1.0
340,340,Gelhardt,Hull City,M,5.0,1,1.06,22.95,0.0,0.0,0.0
341,341,Gnonto,Leeds,M,5.0,1,0.77,5.6,0.0,0.0,0.0
342,342,Harrison,Leeds,M,5.0,1,0.0,0.0,0.0,0.0,0.0
343,343,James,Leeds,M,5.0,1,0.95,14.55,0.0,0.0,0.0
344,344,Gruev,Leeds,M,5.0,1,0.66,13.22,0.0,0.0,0.0
345,345,Tanaka,Leeds,M,5.0,1,0.87,17.42,0.0,0.0,0.0
346,346,Calvert-Lewin,Leeds,F,6.0,1,4.07,82.35,1.0,90.0,1.0
347,347,Nmecha,Leeds,F,5.5,1,1.03,6.99,0.0,0.0,0.0
348,348,Piroe,Leeds,F,5.0,1,0.0,0.0,0.0,0.0,0.0
349,349,Mateo Joseph,Leeds,F,4.5,1,0.0,0.0,0.0,0.0,0.0
350,350,A.Becker,Liverpool,G,5.5,1,3.3,89.08,2.0,90.0,1.0
351,351,Mamardashvili,Liverpool,G,5.0,1,0.04,0.91,0.0,0.0,0.0
352,352,Woodman,Liverpool,G,4.0,1,0.0,0.0,0.0,0.0,0.0
353,353,Pecsi,Liverpool,G,4.0,1,0.0,0.0,0.0,0.0,0.0
354,354,Jaros,Liverpool,G,4.0,1,0.0,0.0,0.0,0.0,0.0
355,355,Davies,Liverpool,G,4.0,1,0.0,0.0,0.0,0.0,0.0
356,356,Virgil,Liverpool,D,6.5,1,3.96,87.75,2.0,90.0,1.0
357,357,Frimpong,Liverpool,D,5.5,1,3.84,72.15,0.0,90.0,1.0
358,358,Kerkez,Liverpool,D,5.5,1,3.32,84.05,0.0,90.0,1.0
359,359,Gomez,Liverpool,D,5.0,1,0.0,0.0,0.0,0.0,0.0
360,360,Bradley,Liverpool,D,5.0,1,0.0,0.0,0.0,0.0,0.0
361,361,Lucky,Liverpool,D,4.0,1,0.0,0.0,0.0,0.0,0.0
362,362,Jacquet,Liverpool,D,5.0,1,3.43,78.9,1.0,69.0,1.0
363,363,Leoni,Liverpool,D,4.0,1,0.0,0.0,0.0,0.0,0.0
364,364,Tsimikas,Liverpool,D,5.0,1,0.33,6.75,0.0,0.0,0.0
365,365,Ramsay,Liverpool,D,4.0,1,0.24,5.1,0.0,0.0,0.0
366,366,Wirtz,Liverpool,M,7.5,1,4.59,76.36,2.0,62.0,1.0
367,367,Gakpo,Liverpool,M,7.0,1,4.15,69.3,12.0,90.0,1.0
368,368,Szoboszlai,Liverpool,M,7.0,1,4.62,87.9,8.0,90.0,1.0
369,369,Ngumoha,Liverpool,M,6.0,1,3.26,61.5,2.0,62.0,1.0
370,370,Chiesa,Liverpool,M,5.5,1,0.61,2.92,0.0,0.0,0.0
371,371,Gravenberch,Liverpool,M,6.0,1,3.23,80.25,5.0,77.0,1.0
372,372,Mac Allister,Liverpool,M,5.5,1,2.23,49.5,1.0,27.0,1.0
373,373,C.Jones,Liverpool,M,5.5,1,0.89,0.44,0.0,0.0,0.0
374,374,Endo,Liverpool,M,5.0,1,0.17,2.96,0.0,0.0,0.0
375,375,Nyoni,Liverpool,M,5.0,1,0.15,0.7,0.0,0.0,0.0
376,376,Bajcetic,Liverpool,M,5.0,1,0.0,0.0,0.0,0.0,0.0
377,377,Munoz,Liverpool,M,6.5,1,1.39,22.84,4.0,27.0,1.0
378,378,McConnell,Liverpool,M,4.5,1,0.0,0.0,0.0,0.0,0.0
379,379,Isak,Liverpool,F,9.0,1,5.36,77.7,2.0,90.0,1.0
380,380,Ekitiké,Liverpool,F,7.5,1,0.0,0.0,0.0,0.0,0.0
381,381,Koumas,Liverpool,M,5.0,1,0.0,0.0,1.0,12.0,1.0
382,382,Danns,Liverpool,F,4.5,1,0.0,0.0,0.0,0.0,0.0
383,383,Elliott,Liverpool,M,5.5,1,0.12,2.7,0.0,0.0,0.0
384,384,Donnarumma,Man City,G,5.5,1,3.47,89.09,3.0,90.0,1.0
385,385,Trafford,Leeds,G,5.0,1,3.28,89.09,9.0,90.0,1.0
386,386,Bettinelli,Man City,G,4.5,1,0.0,0.0,0.0,0.0,0.0
387,387,O'Reilly,Man City,D,6.5,1,4.44,76.35,2.0,62.0,1.0
388,388,Guéhi,Man City,D,6.0,1,2.16,47.55,10.0,90.0,1.0
389,389,Matheus N.,Man City,D,6.0,1,2.34,48.75,1.0,33.0,1.0
390,390,Rúben,Man City,D,5.5,1,2.72,67.05,2.0,90.0,1.0
391,391,Gvardiol,Man City,D,5.5,1,4.04,83.1,9.0,90.0,1.0
392,392,Aït-Nouri,Man City,D,5.5,1,3.5,55.95,0.0,0.0,0.0
393,393,Khusanov,Man City,D,5.5,1,2.03,47.25,2.0,90.0,1.0
394,394,Alleyne,Man City,D,5.0,1,0.0,0.0,0.0,0.0,0.0
395,395,Lewis,Man City,D,4.5,1,0.34,1.5,1.0,56.0,1.0
396,396,Vitor Reis,Man City,D,4.5,1,0.0,0.0,0.0,0.0,0.0
397,397,Semenyo,Man City,M,8.5,1,5.24,81.75,2.0,90.0,1.0
398,398,Foden,Man City,M,7.0,1,4.22,65.55,1.0,81.0,1.0
399,399,Cherki,Man City,M,7.5,1,3.72,52.2,8.0,27.0,1.0
400,400,Doku,Man City,M,7.5,1,0.0,0.0,0.0,0.0,0.0
401,401,Marmoush,Man City,F,7.0,1,0.43,5.85,0.0,0.0,0.0
402,402,Rodrigo,Man City,M,6.5,1,0.0,0.0,0.0,0.0,0.0
403,403,Savinho,Man City,M,6.5,1,0.0,0.0,0.0,0.0,0.0
404,404,Reijnders,Man City,M,6.0,1,0.0,0.0,0.0,0.0,0.0
405,405,N.Gonzalez,Man City,M,5.5,1,1.67,39.15,0.0,0.0,0.0
406,406,Kovačić,Man City,M,5.5,1,1.29,28.8,1.0,27.0,1.0
407,407,Echeverri,Man City,M,5.0,1,0.0,0.0,0.0,0.0,0.0
408,408,Phillips,Man City,M,5.0,1,0.0,0.0,0.0,0.0,0.0
409,409,Mukasa,Man City,M,4.5,1,0.0,0.0,0.0,0.0,0.0
410,410,Monga,Man City,M,5.0,1,0.0,0.0,0.0,0.0,0.0
411,411,Haaland,Man City,F,15.5,1,6.68,74.4,2.0,90.0,1.0
412,412,Lammens,Man Utd,G,5.0,1,4.01,89.08,1.0,90.0,1.0
413,413,Bayindir,Man Utd,G,4.5,1,0.0,0.0,0.0,0.0,0.0
414,414,Heaton,Man Utd,G,4.0,1,0.0,0.0,0.0,0.0,0.0
415,415,Dorgu,Man Utd,M,6.0,1,4.05,66.0,0.0,45.0,1.0
416,416,De Ligt,Man Utd,D,5.0,1,0.0,0.0,0.0,0.0,0.0
417,417,Dalot,Man Utd,D,5.0,1,3.97,68.25,1.0,10.0,1.0
418,418,Maguire,Man Utd,D,5.0,1,4.56,77.1,1.0,90.0,1.0
419,419,Martinez,Man Utd,D,5.0,1,0.75,15.3,0.0,0.0,0.0
420,420,Yoro,Man Utd,D,5.0,1,1.11,23.4,0.0,0.0,0.0
421,421,Heaven,Man Utd,D,4.5,1,4.07,70.05,1.0,90.0,1.0
422,422,Mazraoui,Man Utd,D,4.5,1,1.23,23.86,1.0,79.0,1.0
423,423,Shaw,Man Utd,D,4.5,1,4.27,79.35,1.0,90.0,1.0
424,424,Amass,Man Utd,D,4.0,1,0.1,1.03,0.0,0.0,0.0
425,425,Fredricson,Man Utd,D,4.0,1,0.0,0.0,0.0,0.0,0.0
426,426,B.Fernandes,Man Utd,M,12.0,1,7.02,87.96,2.0,90.0,1.0
427,427,Mbeumo,Man Utd,M,8.0,1,6.02,80.1,2.0,90.0,1.0
428,428,Cunha,Man Utd,M,8.0,1,4.64,60.15,2.0,79.0,1.0
429,429,Rashford,Man Utd,M,7.0,1,0.63,7.7,1.0,45.0,1.0
430,430,Mount,Man Utd,M,5.5,1,0.54,3.68,0.0,0.0,0.0
431,431,Amad,Man Utd,M,6.0,1,3.32,55.35,0.0,0.0,0.0
432,432,Mainoo,Man Utd,M,5.5,1,1.12,18.86,1.0,23.0,1.0
433,433,Ugarte,Man Utd,M,5.0,1,0.0,0.0,0.0,0.0,0.0
434,434,J.Fletcher,Man Utd,M,5.0,1,0.0,0.0,0.0,0.0,0.0
435,435,Lacey,Man Utd,M,5.0,1,0.12,0.5,1.0,10.0,1.0
436,436,Collyer,Man Utd,M,5.0,1,0.0,0.0,0.0,0.0,0.0
437,437,Bendito Mantato,Man Utd,M,4.5,1,0.0,0.0,0.0,0.0,0.0
438,438,Fletcher,Man Utd,M,4.5,1,0.09,0.72,0.0,0.0,0.0
439,439,Šeško,Man Utd,F,7.0,1,0.0,0.0,1.0,23.0,1.0
440,440,Zirkzee,Man Utd,F,5.5,1,0.42,3.72,0.0,0.0,0.0
441,441,Obi,Man Utd,F,4.5,1,0.0,0.0,0.0,0.0,0.0
442,442,Pope,Newcastle,G,5.0,1,0.0,0.0,0.0,0.0,0.0
443,443,Gillespie,Newcastle,G,4.5,1,0.0,0.0,0.0,0.0,0.0
444,444,Jaouen,Newcastle,G,4.5,1,0.05,1.65,0.0,0.0,0.0
445,445,Thiaw,Newcastle,D,5.0,1,2.77,84.9,3.0,90.0,1.0
446,446,Schär,Newcastle,D,5.0,1,0.74,7.2,1.0,1.0,1.0
447,447,Botman,Newcastle,D,5.0,1,2.47,65.55,3.0,90.0,1.0
448,448,Burn,Newcastle,D,5.0,1,1.33,38.92,0.0,0.0,0.0
449,449,Hall,Newcastle,D,5.0,1,2.32,73.8,3.0,90.0,1.0
450,450,Livramento,Newcastle,D,5.0,1,0.0,0.0,0.0,0.0,0.0
451,451,A.Murphy,Newcastle,D,4.0,1,0.0,0.0,0.0,0.0,0.0
452,452,Bruno G.,Arsenal,M,7.0,1,3.42,56.55,0.0,0.0,0.0
453,453,Barnes,Newcastle,M,6.0,1,3.07,60.75,2.0,90.0,1.0
454,454,Elanga,Newcastle,M,6.0,1,2.31,50.1,9.0,75.0,1.0
455,455,Tonali,Spurs,M,5.5,1,3.41,81.0,2.0,90.0,1.0
456,456,J.Ramsey,Newcastle,M,5.0,1,1.36,33.45,0.0,34.0,1.0
457,457,J.Murphy,Newcastle,M,6.0,1,1.66,35.55,0.0,14.0,1.0
458,458,Joelinton,Newcastle,M,5.5,1,0.0,0.0,0.0,0.0,0.0
459,459,L.Miley,Newcastle,M,5.5,1,2.0,53.85,3.0,75.0,1.0
460,460,Willock,Newcastle,M,5.0,1,0.0,0.0,6.0,34.0,1.0
461,461,Touré,Newcastle,M,6.0,1,1.54,32.85,0.0,0.0,0.0
462,462,Steur,Newcastle,M,5.0,1,1.72,47.25,1.0,55.0,1.0
463,463,Woltemade,Newcastle,F,6.0,1,3.05,70.5,0.0,0.0,0.0
464,464,Wissa,Newcastle,F,6.0,1,3.79,67.65,4.0,90.0,1.0
465,465,Osula,Newcastle,F,6.0,1,1.75,33.0,4.0,55.0,1.0
466,466,Neave,Newcastle,F,4.5,1,0.04,0.16,0.0,0.0,0.0
467,467,Sels,Nott'm Forest,G,5.0,1,3.5,89.1,2.0,90.0,1.0
468,468,John,Nott'm Forest,G,4.5,1,0.02,0.27,0.0,0.0,0.0
469,469,N.Williams,Nott'm Forest,D,5.0,1,4.46,87.96,2.0,90.0,1.0
470,470,Morato,Nott'm Forest,D,5.0,1,0.51,10.88,0.0,0.0,0.0
471,471,Milenković,Nott'm Forest,D,5.5,1,3.92,87.9,2.0,90.0,1.0
472,472,Murillo,Nott'm Forest,D,5.5,1,4.15,83.25,4.0,90.0,1.0
473,473,Aina,Nott'm Forest,D,4.5,1,3.86,85.18,5.0,73.0,1.0
474,474,Jair Cunha,Nott'm Forest,D,4.5,1,0.29,7.31,1.0,90.0,1.0
475,475,Savona,Nott'm Forest,D,4.5,1,0.0,0.0,0.0,0.0,0.0
476,476,O.Richards,Nott'm Forest,D,4.0,1,0.0,0.0,0.0,0.0,0.0
477,477,Abbott,Nott'm Forest,D,4.0,1,0.0,0.0,0.0,0.0,0.0
478,478,Netz,Nott'm Forest,D,4.5,1,0.44,3.2,1.0,16.0,1.0
479,479,Bindon,Nott'm Forest,D,4.0,1,0.0,0.0,0.0,0.0,0.0
480,480,Gibbs-White,Nott'm Forest,M,8.0,1,5.18,86.86,2.0,90.0,1.0
481,481,Anderson,Man City,M,6.5,1,4.39,79.5,2.0,62.0,1.0
482,482,Hudson-Odoi,Nott'm Forest,M,6.0,1,1.3,15.75,0.0,0.0,0.0
483,483,Ndoye,Nott'm Forest,M,5.5,1,3.14,62.7,3.0,61.0,1.0
484,484,Hutchinson,Nott'm Forest,M,5.5,1,0.94,10.52,0.0,0.0,0.0
485,485,Bakwa,Nott'm Forest,M,5.5,1,0.62,4.59,0.0,0.0,0.0
486,486,McAtee,Nott'm Forest,M,5.5,1,1.09,22.5,3.0,73.0,1.0
487,487,Dominguez,Nott'm Forest,M,5.0,1,1.0,19.22,0.0,0.0,0.0
488,488,I.Sangaré,Nott'm Forest,M,5.0,1,3.53,81.15,2.0,90.0,1.0
489,489,Yates,Nott'm Forest,M,4.5,1,0.0,0.0,0.0,0.0,0.0
490,490,Wood,Nott'm Forest,F,6.0,1,1.5,14.26,1.0,28.0,1.0
491,491,Igor Jesus,Nott'm Forest,F,6.0,1,3.83,73.35,2.0,90.0,1.0
492,492,Awoniyi,Coventry City,F,5.5,1,2.25,58.2,1.0,20.0,1.0
493,493,Kalimuendo,Nott'm Forest,F,5.5,1,0.51,2.3,1.0,1.0,1.0
494,494,Vicario,Spurs,G,4.5,1,0.0,0.0,0.0,0.0,0.0
495,495,Austin,Spurs,G,4.0,1,0.0,0.0,0.0,0.0,0.0
496,496,Kinsky,Spurs,G,4.5,1,2.94,89.09,2.0,90.0,1.0
497,497,Dubravka,Spurs,G,4.0,1,0.04,0.92,0.0,0.0,0.0
498,498,Senesi,Spurs,D,6.0,1,3.84,87.9,3.0,90.0,1.0
499,499,Pedro Porro,Spurs,D,5.5,1,0.0,0.0,0.0,0.0,0.0
500,500,Romero,Spurs,D,5.0,1,0.0,0.0,0.0,0.0,0.0
501,501,Danso,Spurs,D,5.0,1,0.74,11.1,0.0,0.0,0.0
502,502,Robertson,Spurs,D,4.5,1,2.71,72.3,3.0,90.0,1.0
503,503,Van de Ven,Spurs,D,5.0,1,0.0,0.0,0.0,0.0,0.0
504,504,Vuskovic,Brighton,D,5.0,1,2.31,50.28,6.0,90.0,1.0
505,505,Spence,Spurs,D,4.5,1,0.0,0.0,0.0,0.0,0.0
506,506,Udogie,Spurs,D,4.5,1,1.04,26.06,1.0,4.0,1.0
507,507,Phillips,Spurs,D,4.5,1,0.0,0.0,0.0,0.0,0.0
508,508,Davies,Spurs,D,4.0,1,0.14,3.3,0.0,0.0,0.0
509,509,Byfield,Spurs,D,4.0,1,0.0,0.0,0.0,0.0,0.0
510,510,Rowswell,Spurs,D,4.0,1,0.0,0.0,0.0,0.0,0.0
511,511,Souza,Spurs,D,4.0,1,0.27,4.41,0.0,0.0,0.0
512,512,Kudus,Spurs,M,6.5,1,0.0,0.0,0.0,0.0,0.0
513,513,Xavi,Spurs,M,6.0,1,0.0,0.0,0.0,0.0,0.0
514,514,Tel,Spurs,M,6.0,1,3.86,73.5,2.0,90.0,1.0
515,515,Maddison,Spurs,M,6.5,1,1.19,20.4,1.0,22.0,1.0
516,516,Bentancur,Spurs,M,5.5,1,1.1,22.66,1.0,45.0,1.0
517,517,Odobert,Spurs,M,5.5,1,0.0,0.0,0.0,0.0,0.0
518,518,P.M.Sarr,Spurs,M,5.0,1,0.0,0.0,0.0,0.0,0.0
519,519,Gallagher,Spurs,M,5.5,1,3.44,80.55,0.0,45.0,1.0
520,520,Bergvall,Spurs,M,5.5,1,1.89,48.6,1.0,45.0,1.0
521,521,Kulusevski,Spurs,M,6.5,1,0.0,0.0,0.0,0.0,0.0
522,522,Gray,Spurs,M,5.0,1,2.65,77.55,2.0,85.0,1.0
523,523,Moore,Spurs,M,5.0,1,2.79,64.05,2.0,67.0,1.0
524,524,Olusesi,Spurs,M,4.5,1,0.0,0.0,0.0,0.0,0.0
525,525,Fernandes,Spurs,M,6.0,1,1.61,33.02,1.0,45.0,1.0
526,526,Solanke,Spurs,F,6.0,1,1.05,7.3,1.0,22.0,1.0
527,527,Richarlison,Spurs,F,6.0,1,4.97,82.46,2.0,67.0,1.0
528,528,Scarlett,Spurs,F,4.5,1,0.0,0.0,0.0,0.0,0.0
529,529,Roefs,Sunderland,G,5.0,1,3.56,89.99,1.0,90.0,1.0
530,530,Patterson,Sunderland,G,4.0,1,0.0,0.0,0.0,0.0,0.0
531,531,Ellborg,Sunderland,G,4.5,1,0.01,0.0,0.0,0.0,0.0
532,532,Ballard,Sunderland,D,5.0,1,4.47,84.3,0.0,90.0,1.0
533,533,Mukiele,Sunderland,D,5.5,1,3.43,73.35,0.0,0.0,0.0
534,534,Hume,Sunderland,D,4.5,1,3.78,85.94,2.0,79.0,1.0
535,535,Alderete,Sunderland,D,5.0,1,2.02,44.55,1.0,23.0,1.0
536,536,Reinildo,Sunderland,D,4.5,1,3.47,83.85,1.0,90.0,1.0
537,537,Seelt,Sunderland,D,4.5,1,0.26,3.38,0.0,0.0,0.0
538,538,Hjelde,Sunderland,D,4.0,1,0.0,0.0,0.0,0.0,0.0
539,539,O'Nien,Sunderland,D,4.0,1,1.31,30.61,1.0,66.0,1.0
540,540,Masuaku,Sunderland,D,4.0,1,0.0,0.0,0.0,0.0,0.0
541,541,Meunier,Sunderland,D,4.5,1,0.81,10.88,1.0,90.0,1.0
542,542,E.Le Fée,Sunderland,M,6.0,1,4.31,85.65,2.0,79.0,1.0
543,543,Diarra,Sunderland,M,5.5,1,1.65,31.86,1.0,10.0,1.0
544,544,Xhaka,Sunderland,M,5.5,1,3.57,85.65,9.0,90.0,1.0
545,545,Sadiki,Sunderland,M,5.0,1,2.71,80.9,2.0,90.0,1.0
546,546,Adingra,Sunderland,M,5.0,1,0.0,0.0,0.0,0.0,0.0
547,547,Mundle,Sunderland,M,5.0,1,0.57,1.92,0.0,0.0,0.0
548,548,Rigg,Sunderland,M,5.0,1,0.3,3.12,1.0,10.0,1.0
549,549,Talbi,Sunderland,M,5.5,1,2.5,57.6,1.0,31.0,1.0
550,550,Jocelin.T,Sunderland,M,5.0,1,0.11,2.55,0.0,0.0,0.0
551,551,Angulo,Sunderland,M,5.0,1,2.0,44.25,5.0,58.0,1.0
552,552,Brobbey,Sunderland,F,6.0,1,4.15,76.95,2.0,66.0,1.0
553,553,Isidor,Sunderland,F,5.5,1,1.18,11.82,1.0,23.0,1.0
554,554,Van Oevelen,Ipswich Town,G,4.5,1,0.04,0.9,0.0,0.0,0.0
555,555,Matthews,Crystal Palace,G,4.0,1,0.0,0.0,0.0,0.0,0.0
556,556,Targett,Hull City,D,4.0,1,0.61,11.07,1.0,5.0,1.0
557,557,Tzolis,Arsenal,M,6.5,1,5.25,72.3,6.0,75.0,1.0
558,558,Schlager,Nott'm Forest,M,5.0,1,2.56,59.85,1.0,16.0,1.0
559,559,Bamba,Newcastle,M,5.0,1,2.11,58.05,1.0,14.0,1.0
560,560,Penders,Chelsea,G,4.5,1,0.25,7.2,0.0,0.0,0.0
561,561,Anselmino,Chelsea,D,4.5,1,0.0,0.0,0.0,0.0,0.0
562,562,Maeda,Ipswich Town,M,5.5,1,2.82,59.7,2.0,79.0,1.0
563,563,Morita,Hull City,M,5.0,1,0.0,0.0,0.0,0.0,0.0
564,564,Scherpen,Ipswich Town,G,4.5,1,3.35,87.3,2.0,90.0,1.0
565,565,M.Sangaré,Brentford,M,5.5,1,3.89,80.4,14.0,75.0,1.0
566,566,Silva,Bournemouth,D,5.0,1,2.52,80.85,2.0,90.0,1.0
567,567,Horníček,Newcastle,G,5.0,1,2.67,88.48,1.0,90.0,1.0
568,568,Barco,Chelsea,M,5.5,1,0.79,8.84,0.0,0.0,0.0
569,569,Gonzalo,Fulham,F,6.0,1,3.71,71.4,6.0,90.0,1.0
570,570,Palacios,Fulham,M,5.5,1,1.47,33.45,2.0,72.0,1.0
571,571,Florentino,Ipswich Town,M,5.0,1,1.09,28.5,0.0,0.0,0.0
572,572,Tzolakis,Hull City,G,4.5,1,2.75,90.0,10.0,90.0,1.0
573,573,Sanchez,Bournemouth,D,4.5,1,0.94,29.7,0.0,0.0,0.0
574,574,Hjertø-Dahl,Hull City,M,5.0,1,1.67,47.7,0.0,0.0,0.0
575,575,Yirenkyi,Coventry City,M,5.0,1,2.42,75.9,1.0,61.0,1.0
576,576,Stroud,Hull City,M,5.0,1,2.42,67.5,3.0,70.0,1.0
577,577,Tomiyasu,Crystal Palace,D,4.5,1,1.27,28.35,1.0,18.0,1.0
578,578,Mudryk,Chelsea,M,5.5,1,0.36,1.05,0.0,0.0,0.0
579,579,Araujo,Liverpool,D,5.5,1,1.17,29.1,1.0,20.0,1.0
580,580,Charles,Fulham,M,5.0,1,1.49,37.95,1.0,23.0,1.0
581,581,Diomande,Nott'm Forest,D,5.5,1,3.72,81.15,0.0,0.0,0.0
582,582,Madjo,Aston Villa,F,5.5,1,0.0,0.0,0.0,0.0,0.0
583,583,Chavarria,Chelsea,D,5.0,1,0.75,6.83,1.0,25.0,1.0
584,584,Hamer,Coventry City,M,5.5,1,0.99,25.02,1.0,8.0,1.0
585,585,Herrington,Hull City,D,4.0,1,0.49,6.81,1.0,26.0,1.0
586,586,Mendy,Hull City,D,4.0,1,1.72,53.1,15.0,63.0,1.0
587,587,Rulli,Man City,G,5.0,1,0.05,0.91,0.0,0.0,0.0
588,588,Khalaili,Crystal Palace,D,5.0,1,0.82,16.39,1.0,35.0,1.0
589,589,Gourna-Douath,Hull City,M,5.0,1,1.01,30.75,0.0,0.0,0.0
590,590,Benda,Nott'm Forest,G,4.5,1,0.0,0.0,0.0,0.0,0.0
591,591,Enciso,Ipswich Town,M,5.5,1,3.64,73.8,5.0,70.0,1.0
592,592,Ouattara,Ipswich Town,D,4.0,1,2.8,69.6,1.0,10.0,1.0
593,593,Dedić,Newcastle,D,4.5,1,2.36,76.65,1.0,90.0,1.0
594,594,David,Brighton,F,6.0,1,1.56,25.35,0.0,0.0,0.0
595,595,Gozo,Crystal Palace,M,5.0,1,0.17,1.44,0.0,0.0,0.0
596,596,Ruggeri,Aston Villa,D,4.5,1,0.56,14.1,1.0,8.0,1.0
597,597,Suzuki,Aston Villa,G,5.0,1,3.12,88.21,0.0,0.0,0.0
598,598,Elvedi,Leeds,D,4.5,1,0.7,14.7,0.0,0.0,0.0
599,599,Cherif,Coventry City,F,5.0,1,0.85,4.51,0.0,0.0,0.0
600,600,Osman,Brighton,M,5.0,1,0.0,0.0,1.0,12.0,1.0
1,1,Raya,Arsenal,G,6.0,2,3.98,89.09,0.0,0.0,0.0
2,2,Arrizabalaga,Arsenal,G,5.0,2,0.05,0.91,0.0,0.0,0.0
3,3,Meslier,Arsenal,G,5.0,2,0.0,0.0,0.0,0.0,0.0
28,28,Martinez,Aston Villa,G,5.0,2,0.0,0.0,2.0,90.0,1.0
29,29,M.Bizot,Aston Villa,G,4.5,2,0.13,4.54,0.0,0.0,0.0
597,597,Suzuki,Aston Villa,G,5.0,2,2.62,85.41,0.0,0.0,0.0
57,57,Petrović,Bournemouth,G,4.5,2,3.54,89.1,3.0,90.0,1.0
58,58,Forster,Bournemouth,G,4.0,2,0.0,0.0,0.0,0.0,0.0
59,59,Dennis,Bournemouth,G,4.0,2,0.0,0.0,0.0,0.0,0.0
615,615,Di Gregorio,Bournemouth,G,4.5,2,0.05,0.91,0.0,0.0,0.0
82,82,Kelleher,Brentford,G,5.0,2,3.45,89.09,2.0,90.0,1.0
83,83,Valdimarsson,Brentford,G,4.5,2,0.04,0.97,0.0,0.0,0.0
109,109,Verbruggen,Brighton,G,4.5,2,2.64,89.09,0.0,90.0,1.0
111,111,Steele,Brighton,G,4.0,2,0.03,0.91,0.0,0.0,0.0
140,140,Sánchez,Chelsea,G,5.0,2,3.37,83.7,0.0,0.0,0.0
141,141,Jörgensen,Chelsea,G,5.0,2,0.0,0.0,0.0,0.0,0.0
560,560,Penders,Chelsea,G,4.5,2,0.27,7.2,0.0,0.0,0.0
110,110,Rushworth,Coventry City,G,4.5,2,3.85,89.09,2.0,90.0,1.0
171,171,Dovin,Coventry City,G,4.0,2,0.0,0.0,0.0,0.0,0.0
172,172,Wilson,Coventry City,G,4.5,2,0.04,0.91,0.0,0.0,0.0
198,198,Henderson,Crystal Palace,G,5.0,2,2.61,89.09,1.0,90.0,1.0
199,199,Benitez,Crystal Palace,G,4.5,2,0.04,0.91,0.0,0.0,0.0
555,555,Matthews,Crystal Palace,G,4.0,2,0.0,0.0,0.0,0.0,0.0
226,226,Pickford,Everton,G,5.5,2,3.2,90.0,3.0,90.0,1.0
227,227,Travers,Everton,G,5.0,2,0.01,0.01,0.0,0.0,0.0
228,228,King,Everton,G,4.5,2,0.0,0.0,0.0,0.0,0.0
250,250,Leno,Fulham,G,4.5,2,3.35,89.09,3.0,90.0,1.0
251,251,Lecomte,Fulham,G,4.0,2,0.04,0.91,0.0,0.0,0.0
252,252,McNally,Fulham,G,4.0,2,0.0,0.0,0.0,0.0,0.0
273,273,Phillips,Hull City,G,4.0,2,0.0,0.0,0.0,0.0,0.0
274,274,Butland,Hull City,G,4.5,2,0.0,0.0,0.0,0.0,0.0
275,275,Cartwright,Hull City,G,4.0,2,0.0,0.0,0.0,0.0,0.0
276,276,Lo-Tutala,Hull City,G,4.0,2,0.0,0.0,0.0,0.0,0.0
572,572,Tzolakis,Hull City,G,4.5,2,3.17,90.0,10.0,90.0,1.0
300,300,Walton,Ipswich Town,G,4.5,2,0.01,0.01,0.0,0.0,0.0
301,301,Palmer,Ipswich Town,G,4.0,2,0.02,0.9,0.0,0.0,0.0
302,302,Button,Ipswich Town,G,4.0,2,0.0,0.0,0.0,0.0,0.0
554,554,Van Oevelen,Ipswich Town,G,4.5,2,0.0,0.0,0.0,0.0,0.0
564,564,Scherpen,Ipswich Town,G,4.5,2,2.78,89.1,2.0,90.0,1.0
326,326,Perri,Leeds,G,4.5,2,0.04,0.91,0.0,0.0,0.0
385,385,Trafford,Leeds,G,5.0,2,3.31,89.09,3.0,90.0,1.0
350,350,A.Becker,Liverpool,G,5.5,2,3.89,89.09,0.0,90.0,1.0
351,351,Mamardashvili,Liverpool,G,5.0,2,0.04,0.91,0.0,0.0,0.0
352,352,Woodman,Liverpool,G,4.0,2,0.0,0.0,0.0,0.0,0.0
353,353,Pecsi,Liverpool,G,4.0,2,0.0,0.0,0.0,0.0,0.0
354,354,Jaros,Liverpool,G,4.0,2,0.0,0.0,0.0,0.0,0.0
355,355,Davies,Liverpool,G,4.0,2,0.0,0.0,0.0,0.0,0.0
384,384,Donnarumma,Man City,G,5.5,2,3.58,89.09,0.0,90.0,1.0
386,386,Bettinelli,Man City,G,4.5,2,0.0,0.0,0.0,0.0,0.0
587,587,Rulli,Man City,G,5.0,2,0.05,0.92,0.0,0.0,0.0
325,325,Darlow,Man Utd,G,4.5,2,0.05,0.91,0.0,0.0,0.0
412,412,Lammens,Man Utd,G,5.0,2,3.79,89.09,2.0,90.0,1.0
413,413,Bayindir,Man Utd,G,4.5,2,0.0,0.0,0.0,0.0,0.0
414,414,Heaton,Man Utd,G,4.0,2,0.0,0.0,0.0,0.0,0.0
442,442,Pope,Newcastle,G,5.0,2,0.0,0.0,0.0,0.0,0.0
443,443,Gillespie,Newcastle,G,4.5,2,0.0,0.0,0.0,0.0,0.0
444,444,Jaouen,Newcastle,G,4.5,2,0.06,1.65,0.0,0.0,0.0
567,567,Horníček,Newcastle,G,5.0,2,3.01,88.48,7.0,90.0,1.0
467,467,Sels,Nott'm Forest,G,5.0,2,2.58,89.1,1.0,90.0,1.0
468,468,John,Nott'm Forest,G,4.5,2,0.02,0.27,0.0,0.0,0.0
590,590,Benda,Nott'm Forest,G,4.5,2,0.0,0.0,0.0,0.0,0.0
494,494,Vicario,Spurs,G,4.5,2,0.0,0.0,0.0,0.0,0.0
495,495,Austin,Spurs,G,4.0,2,0.0,0.0,0.0,0.0,0.0
496,496,Kinsky,Spurs,G,4.5,2,3.08,88.18,1.0,90.0,1.0
497,497,Dubravka,Spurs,G,4.0,2,0.07,1.81,0.0,0.0,0.0
529,529,Roefs,Sunderland,G,5.0,2,3.63,89.99,6.0,90.0,1.0
530,530,Patterson,Sunderland,G,4.0,2,0.0,0.0,0.0,0.0,0.0
531,531,Ellborg,Sunderland,G,4.5,2,0.01,0.01,0.0,0.0,0.0
4,4,Gabriel,Arsenal,D,8.0,2,4.94,87.75,0.0,0.0,0.0
5,5,J.Timber,Arsenal,D,6.5,2,0.0,0.0,0.0,0.0,0.0
6,6,Saliba,Arsenal,D,6.0,2,0.0,0.0,0.0,0.0,0.0
8,8,Calafiori,Arsenal,D,5.6,2,4.19,75.15,0.0,0.0,0.0
9,9,Hincapie,Arsenal,D,5.4,2,0.72,16.5,0.0,0.0,0.0
10,10,White,Arsenal,D,5.5,2,4.45,79.8,0.0,0.0,0.0
11,11,Mosquera,Arsenal,D,5.5,2,3.31,61.5,0.0,0.0,0.0
31,31,Konsa,Arsenal,D,4.5,2,1.74,34.05,0.0,0.0,0.0
30,30,Digne,Aston Villa,D,4.5,2,0.0,0.0,0.0,0.0,0.0
32,32,Cash,Aston Villa,D,4.5,2,1.89,71.7,0.0,0.0,0.0
33,33,Mings,Aston Villa,D,4.5,2,0.77,23.85,0.0,0.0,0.0
34,34,Pau,Aston Villa,D,4.5,2,1.84,72.3,0.0,0.0,0.0
36,36,Maatsen,Aston Villa,D,4.5,2,2.45,75.75,0.0,0.0,0.0
37,37,Lindelöf,Aston Villa,D,4.5,2,2.09,79.95,0.0,0.0,0.0
38,38,A.García,Aston Villa,D,4.0,2,0.0,0.0,0.0,0.0,0.0
39,39,Nedeljkovic,Aston Villa,D,4.0,2,0.0,0.0,0.0,0.0,0.0
596,596,Ruggeri,Aston Villa,D,4.5,2,0.66,12.82,0.0,0.0,0.0
606,606,Rowe,Aston Villa,D,4.0,2,0.0,0.0,0.0,0.0,0.0
611,611,Wan-Bissaka,Aston Villa,D,4.5,2,0.76,20.11,0.0,0.0,0.0
60,60,Hill,Bournemouth,D,5.5,2,4.71,84.15,4.0,90.0,1.0
61,61,Truffert,Bournemouth,D,5.5,2,4.39,87.93,4.0,90.0,1.0
62,62,Diakité,Bournemouth,D,5.0,2,0.6,12.45,0.0,0.0,0.0
63,63,Milosavljević,Bournemouth,D,5.0,2,0.0,0.0,0.0,0.0,0.0
64,64,Smith,Bournemouth,D,4.5,2,1.79,42.9,1.0,90.0,1.0
65,65,J.Araujo,Bournemouth,D,4.5,2,0.0,0.0,0.0,0.0,0.0
66,66,Soler,Bournemouth,D,4.0,2,0.2,2.09,0.0,0.0,0.0
566,566,Silva,Bournemouth,D,5.0,2,4.47,83.1,4.0,90.0,1.0
573,573,Sanchez,Bournemouth,D,4.5,2,2.31,46.95,0.0,0.0,0.0
84,84,Collins,Brentford,D,5.5,2,4.13,88.35,3.0,90.0,1.0
85,85,Van den Berg,Brentford,D,5.0,2,0.0,0.0,0.0,0.0,0.0
87,87,Ajer,Brentford,D,4.5,2,3.85,82.5,3.0,90.0,1.0
88,88,Kayode,Brentford,D,4.6,2,3.32,86.49,2.0,87.0,1.0
89,89,Henry,Brentford,D,4.5,2,0.84,10.62,1.0,2.0,1.0
90,90,Hickey,Brentford,D,4.5,2,0.63,6.7,1.0,2.0,1.0
92,92,Ji-soo,Brentford,D,4.5,2,0.0,0.0,0.0,0.0,0.0
93,93,Schuster,Brentford,D,4.5,2,0.67,14.8,0.0,0.0,0.0
113,113,F.Kadıoğlu,Brighton,D,4.5,2,2.0,73.95,0.0,90.0,1.0
114,114,Boscagli,Brighton,D,4.5,2,2.1,66.15,-1.0,90.0,1.0
115,115,De Cuyper,Brighton,D,4.6,2,3.46,76.5,0.0,90.0,1.0
116,116,Dunk,Brighton,D,4.5,2,1.31,46.05,-1.0,90.0,1.0
117,117,Coppola,Brighton,D,4.5,2,0.08,0.04,0.0,0.0,0.0
118,118,Igor,Brighton,D,4.5,2,0.0,0.0,0.0,0.0,0.0
119,119,Costinha,Brighton,D,4.5,2,0.62,10.1,0.0,10.0,1.0
120,120,Svoboda,Brighton,D,5.0,2,0.38,1.77,0.0,0.0,0.0
130,130,Wieffer,Brighton,D,5.0,2,2.82,82.8,0.0,79.0,1.0
328,328,Struijk,Brighton,D,5.0,2,0.77,16.8,0.0,0.0,0.0
504,504,Vuskovic,Brighton,D,5.0,2,2.59,70.5,0.0,90.0,1.0
614,614,Hadjam,Brighton,D,4.5,2,0.5,4.0,0.0,0.0,0.0
142,142,James,Chelsea,D,5.5,2,3.6,72.15,1.0,22.0,1.0
143,143,Chalobah,Chelsea,D,5.5,2,0.0,0.0,0.0,0.0,0.0
144,144,Gusto,Chelsea,D,5.0,2,2.64,54.15,1.0,90.0,1.0
145,145,Fofana,Chelsea,D,5.0,2,3.37,70.2,0.0,67.0,1.0
146,146,B.Badiashile,Chelsea,D,4.5,2,0.0,0.0,0.0,0.0,0.0
147,147,Tosin,Chelsea,D,4.5,2,0.14,2.1,0.0,0.0,0.0
148,148,Hato,Chelsea,D,4.5,2,1.45,33.3,4.0,90.0,1.0
149,149,Colwill,Chelsea,D,5.0,2,3.21,80.1,1.0,71.0,1.0
150,150,M.Sarr,Chelsea,D,4.5,2,0.0,0.0,0.0,0.0,0.0
151,151,Acheampong,Chelsea,D,4.5,2,0.26,3.92,1.0,22.0,1.0
152,152,Palestra,Chelsea,D,5.5,2,0.65,11.7,0.0,0.0,0.0
200,200,Lacroix,Chelsea,D,6.0,2,3.84,79.8,1.0,90.0,1.0
561,561,Anselmino,Chelsea,D,4.5,2,0.0,0.0,0.0,0.0,0.0
583,583,Chavarria,Chelsea,D,5.0,2,1.19,22.06,1.0,18.0,1.0
91,91,Pinnock,Coventry City,D,4.5,2,0.0,0.0,1.0,12.0,1.0
173,173,Thomas,Coventry City,D,4.0,2,4.22,81.15,8.0,77.0,1.0
174,174,Kitching,Coventry City,D,4.0,2,0.59,6.92,0.0,0.0,0.0
175,175,van Ewijk,Coventry City,D,4.0,2,4.45,87.96,2.0,90.0,1.0
176,176,Dasilva,Coventry City,D,4.0,2,3.75,79.65,2.0,90.0,1.0
177,177,Kesler-Hayden,Coventry City,D,4.0,2,0.5,7.72,0.0,0.0,0.0
178,178,Bidwell,Coventry City,D,4.0,2,0.14,1.76,0.0,0.0,0.0
179,179,Latibeaudiere,Coventry City,D,4.0,2,0.2,0.7,0.0,0.0,0.0
180,180,Woolfenden,Coventry City,D,4.0,2,0.23,1.56,0.0,0.0,0.0
181,181,Brau,Coventry City,D,4.0,2,0.0,0.0,0.0,0.0,0.0
182,182,Amenda,Coventry City,D,4.0,2,4.14,85.8,1.0,90.0,1.0
153,153,Disasi,Crystal Palace,D,4.5,2,0.0,0.0,1.0,16.0,1.0
201,201,Muñoz,Crystal Palace,D,5.5,2,2.19,62.4,0.0,0.0,0.0
202,202,Richards,Crystal Palace,D,5.0,2,2.93,87.9,0.0,90.0,1.0
203,203,Canvot,Crystal Palace,D,5.0,2,2.99,87.9,0.0,90.0,1.0
204,204,Mitchell,Crystal Palace,D,4.5,2,2.49,83.4,0.0,90.0,1.0
205,205,Sosa,Crystal Palace,D,4.5,2,0.2,0.3,0.0,0.0,0.0
206,206,Chadi Riad,Crystal Palace,D,4.5,2,0.0,0.0,0.0,0.0,0.0
207,207,Mingueza,Crystal Palace,D,4.5,2,1.14,33.45,1.0,15.0,1.0
220,220,Cardines,Crystal Palace,D,4.5,2,0.0,0.0,0.0,0.0,0.0
577,577,Tomiyasu,Crystal Palace,D,4.5,2,1.93,59.1,1.0,73.0,1.0
588,588,Khalaili,Crystal Palace,D,5.0,2,0.93,19.88,2.0,74.0,1.0
229,229,Tarkowski,Everton,D,6.0,2,3.61,87.45,12.0,90.0,1.0
230,230,Branthwaite,Everton,D,5.5,2,3.13,82.05,4.0,90.0,1.0
231,231,Keane,Everton,D,5.0,2,0.62,10.05,0.0,0.0,0.0
232,232,O'Brien,Everton,D,5.0,2,1.23,35.52,0.0,0.0,0.0
233,233,Mykolenko,Everton,D,4.5,2,2.69,81.75,4.0,90.0,1.0
234,234,Patterson,Everton,D,4.5,2,0.16,0.08,0.0,0.0,0.0
235,235,Aznou,Everton,D,4.0,2,0.0,0.0,0.0,0.0,0.0
253,253,Andersen,Fulham,D,5.0,2,3.6,76.2,1.0,90.0,1.0
254,254,Robinson,Fulham,D,4.5,2,3.52,78.0,2.0,90.0,1.0
255,255,J.Cuenca,Fulham,D,4.5,2,0.71,13.94,0.0,0.0,0.0
256,256,Tete,Fulham,D,4.5,2,0.73,17.0,0.0,0.0,0.0
257,257,Bassey,Fulham,D,4.5,2,3.13,85.35,2.0,90.0,1.0
258,258,Castagne,Fulham,D,4.5,2,2.93,74.25,6.0,67.0,1.0
269,269,Sessegnon,Fulham,D,4.5,2,1.29,21.87,1.0,22.0,1.0
610,610,De Fougerolles,Fulham,D,4.0,2,0.46,4.95,0.0,0.0,0.0
277,277,Egan,Hull City,D,4.0,2,3.47,86.85,9.0,90.0,1.0
278,278,Hughes,Hull City,D,4.0,2,0.0,0.0,0.0,0.0,0.0
279,279,Ajayi,Hull City,D,4.0,2,2.12,56.25,6.0,90.0,1.0
280,280,Coyle,Hull City,D,4.0,2,2.12,64.05,0.0,45.0,1.0
281,281,Drameh,Hull City,D,4.0,2,0.89,24.0,1.0,45.0,1.0
282,282,Giles,Hull City,D,4.0,2,2.79,79.35,6.0,90.0,1.0
283,283,Jacob,Hull City,D,4.0,2,0.06,0.24,0.0,0.0,0.0
284,284,McCarthy,Hull City,D,4.0,2,0.17,3.72,0.0,0.0,0.0
285,285,McNair,Hull City,D,4.0,2,0.36,7.95,0.0,0.0,0.0
556,556,Targett,Hull City,D,4.0,2,0.63,9.9,0.0,0.0,0.0
585,585,Herrington,Hull City,D,4.0,2,0.64,11.11,1.0,31.0,1.0
586,586,Mendy,Hull City,D,4.0,2,2.93,69.75,1.0,58.0,1.0
259,259,Diop,Ipswich Town,D,4.0,2,2.2,82.5,2.0,90.0,1.0
303,303,Kipré,Ipswich Town,D,4.0,2,0.27,2.2,0.0,0.0,0.0
304,304,O'Shea,Ipswich Town,D,4.0,2,2.48,88.05,0.0,90.0,1.0
305,305,Davis,Ipswich Town,D,4.0,2,2.04,85.05,6.0,90.0,1.0
306,306,Greaves,Ipswich Town,D,4.0,2,1.71,54.3,-1.0,90.0,1.0
307,307,Johnson,Ipswich Town,D,4.0,2,0.3,0.15,0.0,0.0,0.0
308,308,Furlong,Ipswich Town,D,4.0,2,0.28,1.65,1.0,17.0,1.0
592,592,Ouattara,Ipswich Town,D,4.0,2,1.2,46.05,1.0,17.0,1.0
327,327,Bijol,Leeds,D,5.0,2,3.93,81.3,1.0,45.0,1.0
329,329,Rodon,Leeds,D,4.5,2,3.17,81.9,1.0,33.0,1.0
330,330,Bogle,Leeds,D,4.5,2,3.51,81.6,2.0,67.0,1.0
331,331,Gudmundsson,Leeds,D,4.5,2,0.88,20.55,0.0,0.0,0.0
332,332,Justin,Leeds,D,4.5,2,3.6,79.8,2.0,90.0,1.0
333,333,Bornauw,Leeds,D,4.5,2,0.0,0.0,0.0,0.0,0.0
334,334,Muharemović,Leeds,D,5.0,2,3.77,84.0,4.0,90.0,1.0
598,598,Elvedi,Leeds,D,4.5,2,0.5,9.35,1.0,56.0,1.0
603,603,Lienou,Leeds,D,4.0,2,0.0,0.0,0.0,0.0,0.0
356,356,Virgil,Liverpool,D,6.5,2,4.42,87.75,1.0,90.0,1.0
357,357,Frimpong,Liverpool,D,5.5,2,4.7,76.65,1.0,70.0,1.0
358,358,Kerkez,Liverpool,D,5.5,2,4.12,83.52,1.0,70.0,1.0
359,359,Gomez,Liverpool,D,5.0,2,0.0,0.0,0.0,0.0,0.0
360,360,Bradley,Liverpool,D,5.0,2,0.0,0.0,0.0,0.0,0.0
361,361,Lucky,Liverpool,D,4.0,2,0.0,0.0,0.0,0.0,0.0
362,362,Jacquet,Liverpool,D,5.0,2,3.77,78.9,3.0,76.0,1.0
363,363,Leoni,Liverpool,D,4.0,2,0.0,0.0,0.0,0.0,0.0
364,364,Tsimikas,Liverpool,D,5.0,2,0.38,6.75,1.0,19.0,1.0
365,365,Ramsay,Liverpool,D,4.0,2,0.0,0.0,0.0,0.0,0.0
579,579,Araujo,Liverpool,D,5.5,2,1.09,22.95,0.0,13.0,1.0
387,387,O'Reilly,Man City,D,6.5,2,3.67,70.95,2.0,88.0,1.0
388,388,Guéhi,Man City,D,6.0,2,3.49,70.65,2.0,90.0,1.0
389,389,Matheus N.,Man City,D,6.0,2,1.35,29.15,0.0,0.0,0.0
390,390,Rúben,Man City,D,5.5,2,3.19,74.7,2.0,90.0,1.0
391,391,Gvardiol,Man City,D,5.5,2,4.05,81.75,5.0,74.0,1.0
392,392,Aït-Nouri,Man City,D,5.5,2,2.14,35.1,0.0,0.0,0.0
393,393,Khusanov,Man City,D,5.5,2,2.04,47.4,2.0,88.0,1.0
394,394,Alleyne,Man City,D,5.0,2,0.0,0.0,0.0,0.0,0.0
395,395,Lewis,Man City,D,4.5,2,1.27,29.07,0.0,0.0,0.0
396,396,Vitor Reis,Man City,D,4.5,2,0.0,0.0,1.0,1.0,1.0
416,416,De Ligt,Man Utd,D,5.0,2,0.0,0.0,0.0,0.0,0.0
417,417,Dalot,Man Utd,D,5.0,2,2.3,44.55,2.0,73.0,1.0
418,418,Maguire,Man Utd,D,5.0,2,4.36,83.1,4.0,90.0,1.0
419,419,Martinez,Man Utd,D,5.0,2,2.17,43.35,1.0,90.0,1.0
420,420,Yoro,Man Utd,D,5.0,2,0.65,14.32,1.0,16.0,1.0
421,421,Heaven,Man Utd,D,4.5,2,1.87,39.0,0.0,0.0,0.0
422,422,Mazraoui,Man Utd,D,4.5,2,2.77,53.1,1.0,17.0,1.0
423,423,Shaw,Man Utd,D,4.5,2,3.89,79.35,2.0,72.0,1.0
424,424,Amass,Man Utd,D,4.0,2,0.1,1.17,0.0,0.0,0.0
425,425,Fredricson,Man Utd,D,4.0,2,0.0,0.0,0.0,0.0,0.0
445,445,Thiaw,Newcastle,D,5.0,2,3.43,87.0,6.0,90.0,1.0
446,446,Schär,Newcastle,D,5.0,2,0.73,6.6,0.0,0.0,0.0
447,447,Botman,Newcastle,D,5.0,2,3.78,85.95,5.0,90.0,1.0
448,448,Burn,Newcastle,D,5.0,2,0.0,0.0,0.0,0.0,0.0
449,449,Hall,Newcastle,D,5.0,2,3.27,85.8,11.0,90.0,1.0
450,450,Livramento,Newcastle,D,5.0,2,0.47,13.14,0.0,0.0,0.0
451,451,A.Murphy,Newcastle,D,4.0,2,0.0,0.0,0.0,0.0,0.0
593,593,Dedić,Newcastle,D,4.5,2,2.86,74.7,11.0,90.0,1.0
609,609,Shahar,Newcastle,D,4.0,2,0.0,0.0,0.0,0.0,0.0
469,469,N.Williams,Nott'm Forest,D,5.0,2,2.97,87.96,6.0,90.0,1.0
470,470,Morato,Nott'm Forest,D,5.0,2,0.42,9.84,0.0,0.0,0.0
471,471,Milenković,Nott'm Forest,D,5.5,2,2.75,87.9,3.0,90.0,1.0
472,472,Murillo,Nott'm Forest,D,5.5,2,3.05,84.15,1.0,90.0,1.0
473,473,Aina,Nott'm Forest,D,4.5,2,2.39,82.36,0.0,85.0,1.0
474,474,Jair Cunha,Nott'm Forest,D,4.5,2,1.09,32.55,1.0,90.0,1.0
475,475,Savona,Nott'm Forest,D,4.5,2,0.15,1.62,0.0,0.0,0.0
476,476,O.Richards,Nott'm Forest,D,4.0,2,0.0,0.0,0.0,0.0,0.0
477,477,Abbott,Nott'm Forest,D,4.0,2,0.0,0.0,0.0,0.0,0.0
478,478,Netz,Nott'm Forest,D,4.5,2,0.4,2.16,1.0,4.0,1.0
479,479,Bindon,Nott'm Forest,D,4.0,2,0.0,0.0,0.0,0.0,0.0
581,581,Diomande,Nott'm Forest,D,5.5,2,1.81,55.8,0.0,0.0,0.0
112,112,Van Hecke,Spurs,D,5.0,2,3.66,84.6,1.0,90.0,1.0
498,498,Senesi,Spurs,D,6.0,2,1.11,24.39,0.0,0.0,0.0
499,499,Pedro Porro,Spurs,D,5.5,2,3.85,85.35,1.0,90.0,1.0
500,500,Romero,Spurs,D,5.0,2,0.0,0.0,0.0,0.0,0.0
501,501,Danso,Spurs,D,5.0,2,0.53,4.1,0.0,0.0,0.0
502,502,Robertson,Spurs,D,4.5,2,2.91,70.2,2.0,67.0,1.0
503,503,Van de Ven,Spurs,D,5.0,2,2.67,77.4,0.0,90.0,1.0
505,505,Spence,Spurs,D,4.5,2,0.0,0.0,0.0,0.0,0.0
506,506,Udogie,Spurs,D,4.5,2,1.08,15.93,1.0,22.0,1.0
507,507,Phillips,Spurs,D,4.5,2,0.0,0.0,0.0,0.0,0.0
508,508,Davies,Spurs,D,4.0,2,0.07,0.53,0.0,0.0,0.0
509,509,Byfield,Spurs,D,4.0,2,0.0,0.0,0.0,0.0,0.0
510,510,Rowswell,Spurs,D,4.0,2,0.0,0.0,0.0,0.0,0.0
511,511,Souza,Spurs,D,4.0,2,0.23,2.61,0.0,0.0,0.0
532,532,Ballard,Sunderland,D,5.0,2,4.36,82.05,6.0,90.0,1.0
533,533,Mukiele,Sunderland,D,5.5,2,3.11,65.25,11.0,90.0,1.0
534,534,Hume,Sunderland,D,4.5,2,3.66,76.2,6.0,90.0,1.0
535,535,Alderete,Sunderland,D,5.0,2,3.71,77.55,0.0,0.0,0.0
536,536,Reinildo,Sunderland,D,4.5,2,3.26,77.55,6.0,90.0,1.0
537,537,Seelt,Sunderland,D,4.5,2,0.26,4.38,0.0,0.0,0.0
538,538,Hjelde,Sunderland,D,4.0,2,0.0,0.0,0.0,0.0,0.0
539,539,O'Nien,Sunderland,D,4.0,2,0.6,12.06,0.0,0.0,0.0
540,540,Masuaku,Sunderland,D,4.0,2,0.0,0.0,0.0,0.0,0.0
541,541,Meunier,Sunderland,D,4.5,2,0.91,14.9,7.0,90.0,1.0
612,612,Methalie,Sunderland,D,4.5,2,0.0,0.0,0.0,0.0,0.0
7,7,Lewis-Skelly,Arsenal,M,5.5,2,2.19,59.4,0.0,0.0,0.0
12,12,Saka,Arsenal,M,9.5,2,5.75,77.85,0.0,0.0,0.0
13,13,Rice,Arsenal,M,7.5,2,3.91,76.8,0.0,0.0,0.0
14,14,Eze,Arsenal,M,6.5,2,1.21,17.54,0.0,0.0,0.0
15,15,Ødegaard,Arsenal,M,6.6,2,4.14,75.45,0.0,0.0,0.0
16,16,Madueke,Arsenal,M,6.4,2,0.97,14.6,0.0,0.0,0.0
17,17,Merino,Arsenal,M,6.0,2,0.93,5.76,0.0,0.0,0.0
18,18,Martinelli,Arsenal,M,6.4,2,0.0,0.0,0.0,0.0,0.0
19,19,Zubimendi,Arsenal,M,5.5,2,1.15,18.54,0.0,0.0,0.0
20,20,Dowman,Arsenal,M,5.4,2,0.19,2.1,0.0,0.0,0.0
22,22,Nwaneri,Arsenal,M,5.5,2,0.1,0.3,0.0,0.0,0.0
23,23,Fábio Vieira,Arsenal,M,5.5,2,0.0,0.0,0.0,0.0,0.0
24,24,Nelson,Arsenal,M,5.5,2,0.0,0.0,0.0,0.0,0.0
452,452,Bruno G.,Arsenal,M,6.9,2,1.33,26.25,0.0,0.0,0.0
557,557,Tzolis,Arsenal,M,6.5,2,4.41,76.95,0.0,0.0,0.0
35,35,Bogarde,Aston Villa,M,5.0,2,1.57,51.15,0.0,0.0,0.0
41,41,Buendía,Aston Villa,M,6.0,2,3.59,75.9,0.0,0.0,0.0
44,44,Bailey,Aston Villa,M,5.5,2,0.0,0.0,0.0,0.0,0.0
45,45,McGinn,Aston Villa,M,5.5,2,3.1,77.85,0.0,0.0,0.0
46,46,Barkley,Aston Villa,M,5.0,2,2.83,69.3,0.0,0.0,0.0
47,47,Kamara,Aston Villa,M,5.0,2,2.75,81.75,0.0,0.0,0.0
48,48,Onana,Aston Villa,M,5.0,2,0.0,0.0,0.0,0.0,0.0
49,49,Iling Jr,Aston Villa,M,5.0,2,0.0,0.0,0.0,0.0,0.0
50,50,Burrowes,Aston Villa,M,4.5,2,0.0,0.0,0.0,0.0,0.0
51,51,George Hemmings,Aston Villa,M,4.5,2,1.32,36.0,0.0,0.0,0.0
52,52,Alysson,Aston Villa,M,5.0,2,0.5,12.0,0.0,0.0,0.0
53,53,Manzambi,Aston Villa,M,6.0,2,0.0,0.0,0.0,0.0,0.0
54,54,Gomes,Aston Villa,M,5.5,2,0.0,0.0,0.0,0.0,0.0
160,160,Garnacho,Aston Villa,M,6.0,2,2.61,57.0,0.0,0.0,0.0
607,607,Lynch,Aston Villa,M,4.5,2,0.0,0.0,0.0,0.0,0.0
67,67,Rayan,Bournemouth,M,6.5,2,3.99,81.6,2.0,90.0,1.0
68,68,Tavernier,Bournemouth,M,6.0,2,4.67,83.79,1.0,90.0,1.0
69,69,Scott,Bournemouth,M,6.0,2,4.25,84.0,12.0,86.0,1.0
70,70,Kluivert,Bournemouth,M,6.0,2,4.26,74.55,3.0,80.0,1.0
71,71,Cook,Bournemouth,M,5.0,2,1.4,21.96,3.0,68.0,1.0
72,72,Gannon-Doak,Bournemouth,M,5.0,2,0.59,10.04,0.0,0.0,0.0
73,73,Adams,Bournemouth,M,5.0,2,2.66,60.45,1.0,21.0,1.0
74,74,Brooks,Bournemouth,M,5.0,2,0.44,7.8,1.0,9.0,1.0
75,75,Christie,Bournemouth,M,5.0,2,1.05,12.02,1.0,3.0,1.0
76,76,Tóth.A,Bournemouth,M,5.0,2,0.72,13.62,0.0,0.0,0.0
77,77,Adli,Bournemouth,M,5.0,2,0.0,0.0,0.0,0.0,0.0
78,78,Kroupi.Jr,Bournemouth,M,7.5,2,0.0,0.0,0.0,0.0,0.0
86,86,Lewis-Potter,Brentford,M,5.5,2,2.91,73.5,6.0,87.0,1.0
94,94,Schade,Brentford,M,6.0,2,3.92,77.1,10.0,87.0,1.0
95,95,O.Dango,Brentford,M,6.5,2,3.83,75.6,1.0,29.0,1.0
96,96,Damsgaard,Brentford,M,5.5,2,1.21,21.59,3.0,68.0,1.0
97,97,Jensen,Brentford,M,5.5,2,2.72,68.85,0.0,0.0,0.0
98,98,Janelt,Brentford,M,5.0,2,2.78,70.05,1.0,90.0,1.0
99,99,Milambo,Brentford,M,5.0,2,0.0,0.0,0.0,0.0,0.0
100,100,Carvalho,Brentford,M,5.0,2,0.5,0.25,0.0,0.0,0.0
102,102,Yarmoliuk,Brentford,M,5.0,2,1.27,26.48,1.0,21.0,1.0
103,103,Dasilva,Brentford,M,5.0,2,0.0,0.0,0.0,0.0,0.0
105,105,Anthony,Brentford,M,6.0,2,1.14,21.25,2.0,60.0,1.0
565,565,M.Sangaré,Brentford,M,5.6,2,4.0,83.7,4.0,90.0,1.0
121,121,Mitoma,Brighton,M,6.0,2,0.0,0.0,0.0,0.0,0.0
122,122,Minteh,Brighton,M,6.0,2,0.0,0.0,0.0,0.0,0.0
123,123,Hinshelwood,Brighton,M,6.0,2,0.0,0.0,0.0,0.0,0.0
124,124,Groß,Brighton,M,5.5,2,3.64,88.0,13.0,90.0,1.0
126,126,O'Riley,Brighton,M,5.5,2,0.0,0.0,0.0,0.0,0.0
127,127,Gomez,Brighton,M,5.0,2,3.46,76.8,5.0,90.0,1.0
128,128,Buonanotte,Brighton,M,5.0,2,0.0,0.0,0.0,0.0,0.0
129,129,Ayari,Brighton,M,5.5,2,3.19,83.1,0.0,0.0,0.0
132,132,Howell,Brighton,M,4.5,2,0.0,0.0,0.0,0.0,0.0
133,133,Watson,Brighton,M,5.0,2,0.0,0.0,0.0,0.0,0.0
134,134,Oriola,Brighton,M,4.5,2,0.0,0.0,0.0,0.0,0.0
135,135,Yohanna,Brighton,M,5.0,2,1.07,27.3,0.0,0.0,0.0
600,600,Osman,Brighton,M,5.0,2,0.78,16.59,1.0,16.0,1.0
605,605,Yalcouyé,Brighton,M,4.5,2,0.96,24.15,8.0,73.0,1.0
40,40,Rogers,Chelsea,M,7.5,2,4.82,80.85,5.0,90.0,1.0
101,101,Henderson,Chelsea,M,5.0,2,0.96,4.5,0.0,0.0,0.0
154,154,Palmer,Chelsea,M,9.5,2,5.52,80.7,7.0,90.0,1.0
155,155,Enzo,Chelsea,M,7.0,2,1.03,21.66,0.0,0.0,0.0
156,156,Neto,Chelsea,M,6.5,2,2.08,43.5,7.0,67.0,1.0
157,157,Estêvão,Chelsea,M,6.5,2,0.86,12.03,0.0,0.0,0.0
158,158,Gittens,Chelsea,M,6.0,2,0.33,0.33,0.0,0.0,0.0
159,159,Caicedo,Chelsea,M,5.5,2,1.79,42.92,1.0,13.0,1.0
161,161,Lavia,Chelsea,M,5.0,2,1.97,47.4,7.0,67.0,1.0
163,163,D.Essugo,Chelsea,M,4.5,2,0.22,1.16,0.0,0.0,0.0
164,164,Quenda,Chelsea,M,5.5,2,1.17,21.47,0.0,0.0,0.0
568,568,Barco,Chelsea,M,5.5,2,1.04,18.52,1.0,8.0,1.0
578,578,Mudryk,Chelsea,M,5.5,2,0.37,0.9,0.0,0.0,0.0
104,104,Onyeka,Coventry City,M,5.0,2,3.16,70.5,0.0,0.0,0.0
183,183,Rudoni,Coventry City,M,5.0,2,1.08,18.66,3.0,70.0,1.0
184,184,Grimes,Coventry City,M,5.0,2,3.35,82.8,2.0,90.0,1.0
185,185,Sakamoto,Coventry City,M,5.0,2,1.18,13.97,1.0,31.0,1.0
186,186,Mason-Clark,Coventry City,M,5.5,2,2.9,45.9,1.0,57.0,1.0
187,187,Eccles,Coventry City,M,5.0,2,0.75,3.9,0.0,0.0,0.0
188,188,Torp,Coventry City,M,5.5,2,1.05,11.93,1.0,19.0,1.0
189,189,Shepherd,Coventry City,M,4.5,2,0.0,0.0,0.0,0.0,0.0
190,190,Tchaouna,Coventry City,M,5.5,2,3.7,73.95,1.0,58.0,1.0
191,191,Borges Rodrigues,Coventry City,M,4.5,2,0.0,0.0,0.0,0.0,0.0
192,192,Andrews,Coventry City,M,4.5,2,0.0,0.0,0.0,0.0,0.0
575,575,Yirenkyi,Coventry City,M,5.0,2,3.14,73.5,3.0,70.0,1.0
584,584,Hamer,Coventry City,M,5.5,2,1.23,17.9,1.0,19.0,1.0
42,42,Guessand,Crystal Palace,M,5.5,2,1.33,31.35,1.0,27.0,1.0
208,208,Sarr,Crystal Palace,M,6.4,2,0.0,0.0,0.0,0.0,0.0
210,210,Wharton,Crystal Palace,M,5.5,2,3.39,83.1,2.0,90.0,1.0
211,211,Yeremy,Crystal Palace,M,5.5,2,2.02,48.15,5.0,67.0,1.0
212,212,Hughes,Crystal Palace,M,4.5,2,0.9,22.4,0.0,0.0,0.0
213,213,Lerma,Crystal Palace,M,5.0,2,0.78,18.45,0.0,0.0,0.0
214,214,Kamada,Crystal Palace,M,5.0,2,2.5,66.9,2.0,90.0,1.0
215,215,Devenny,Crystal Palace,M,5.0,2,0.5,1.68,0.0,0.0,0.0
216,216,Esse,Crystal Palace,M,5.0,2,0.0,0.0,0.0,0.0,0.0
217,217,M.França,Crystal Palace,M,5.0,2,0.23,3.71,0.0,0.0,0.0
218,218,Doucouré,Crystal Palace,M,5.0,2,0.0,0.0,0.0,0.0,0.0
219,219,J.Rak-Sakyi,Crystal Palace,M,5.0,2,0.0,0.0,0.0,0.0,0.0
221,221,Drakes-Thomas,Crystal Palace,M,4.5,2,0.0,0.0,0.0,0.0,0.0
241,241,McNeil,Crystal Palace,M,5.5,2,2.08,50.1,1.0,22.0,1.0
595,595,Gozo,Crystal Palace,M,5.0,2,0.25,5.04,1.0,22.0,1.0
21,21,Nørgaard,Everton,M,5.0,2,1.07,23.7,0.0,0.0,0.0
209,209,Johnson,Everton,M,6.0,2,1.23,21.97,1.0,28.0,1.0
236,236,Dewsbury-Hall,Everton,M,6.5,2,3.72,84.62,2.0,90.0,1.0
237,237,Ndiaye,Everton,M,6.0,2,4.05,82.65,4.0,90.0,1.0
239,239,Garner,Everton,M,6.0,2,2.73,66.0,1.0,61.0,1.0
240,240,Iroegbunam,Everton,M,5.0,2,0.0,0.0,1.0,4.0,1.0
242,242,George,Everton,M,5.5,2,2.25,52.5,2.0,61.0,1.0
243,243,Alcaraz,Everton,M,5.0,2,0.4,4.42,0.0,4.0,1.0
244,244,Armstrong,Everton,M,5.0,2,1.69,43.35,2.0,86.0,1.0
245,245,Dibling,Everton,M,5.5,2,0.24,4.3,0.0,0.0,0.0
246,246,Röhl,Everton,M,5.0,2,2.66,76.2,2.0,85.0,1.0
247,247,Hackney,Everton,M,5.5,2,2.17,51.75,1.0,28.0,1.0
261,261,Iwobi,Fulham,M,5.5,2,3.51,83.85,2.0,90.0,1.0
262,262,Smith Rowe,Fulham,M,5.5,2,1.41,25.32,1.0,13.0,1.0
263,263,Kevin,Fulham,M,5.5,2,1.6,35.7,1.0,7.0,1.0
264,264,Bobb,Fulham,M,5.5,2,3.08,71.7,3.0,67.0,1.0
265,265,Berge,Fulham,M,5.0,2,2.66,75.9,2.0,82.0,1.0
266,266,Cairney,Fulham,M,5.0,2,0.0,0.0,0.0,0.0,0.0
268,268,King,Fulham,M,5.5,2,3.22,70.65,2.0,90.0,1.0
270,270,Reed,Fulham,M,4.5,2,0.22,0.66,0.0,0.0,0.0
570,570,Palacios,Fulham,M,5.5,2,2.34,51.45,1.0,76.0,1.0
580,580,Charles,Fulham,M,5.0,2,1.09,27.75,1.0,22.0,1.0
286,286,Belloumi,Hull City,M,5.0,2,3.45,73.05,6.0,82.0,1.0
287,287,Millar,Hull City,M,5.0,2,1.32,29.27,6.0,31.0,1.0
288,288,Dowell,Hull City,M,4.5,2,0.3,0.6,0.0,0.0,0.0
289,289,Crooks,Hull City,M,4.5,2,2.69,74.1,0.0,0.0,0.0
290,290,Slater,Hull City,M,4.5,2,2.82,80.85,2.0,90.0,1.0
291,291,Matazo,Hull City,M,4.5,2,0.0,0.0,0.0,0.0,0.0
292,292,Ömür,Hull City,M,5.0,2,0.8,4.56,0.0,0.0,0.0
293,293,Kamara,Hull City,M,5.0,2,0.0,0.0,0.0,0.0,0.0
294,294,Zambrano,Hull City,M,4.5,2,0.0,0.0,0.0,0.0,0.0
296,296,Akintola,Hull City,M,5.0,2,0.56,4.68,0.0,0.0,0.0
297,297,Gyabi,Hull City,M,4.5,2,0.0,0.0,0.0,0.0,0.0
340,340,Gelhardt,Hull City,M,5.0,2,0.92,12.42,0.0,0.0,0.0
563,563,Morita,Hull City,M,5.0,2,0.35,9.45,1.0,45.0,1.0
574,574,Hjertø-Dahl,Hull City,M,5.0,2,1.0,21.9,0.0,0.0,0.0
576,576,Stroud,Hull City,M,5.0,2,3.05,75.45,0.0,58.0,1.0
589,589,Gourna-Douath,Hull City,M,5.0,2,0.75,10.38,1.0,45.0,1.0
267,267,Lukić,Ipswich Town,M,5.0,2,2.63,80.4,1.0,72.0,1.0
309,309,Núñez,Ipswich Town,M,5.0,2,2.23,61.05,2.0,61.0,1.0
310,310,Matusiwa,Ipswich Town,M,5.0,2,0.77,6.78,0.0,0.0,0.0
311,311,Burns,Ipswich Town,M,5.0,2,0.0,0.0,0.0,0.0,0.0
312,312,Taylor,Ipswich Town,M,4.5,2,0.77,7.12,0.0,0.0,0.0
313,313,Clarke,Ipswich Town,M,5.5,2,1.29,18.48,0.0,0.0,0.0
314,314,Ogbene,Ipswich Town,M,5.0,2,0.0,0.0,0.0,0.0,0.0
315,315,Fatawu,Ipswich Town,M,5.5,2,2.68,71.25,4.0,82.0,1.0
318,318,Philogene,Ipswich Town,M,5.5,2,1.24,19.93,0.0,0.0,0.0
319,319,Szmodics,Ipswich Town,M,5.0,2,0.0,0.0,0.0,0.0,0.0
323,323,McAteer,Ipswich Town,M,4.5,2,0.0,0.0,1.0,7.0,1.0
324,324,Mehmeti,Ipswich Town,M,5.0,2,1.1,17.71,0.0,0.0,0.0
562,562,Maeda,Ipswich Town,M,5.5,2,2.47,62.85,2.0,72.0,1.0
571,571,Florentino,Ipswich Town,M,5.0,2,1.07,28.55,0.0,0.0,0.0
591,591,Enciso,Ipswich Town,M,5.5,2,3.01,75.3,5.0,90.0,1.0
602,602,Humphreys,Ipswich Town,M,4.5,2,0.0,0.0,0.0,0.0,0.0
260,260,Wilson,Leeds,M,6.5,2,3.94,73.5,1.0,45.0,1.0
335,335,Stach,Leeds,M,6.0,2,3.75,80.25,4.0,90.0,1.0
336,336,Okafor,Leeds,M,6.0,2,2.25,42.15,2.0,68.0,1.0
337,337,Aaronson,Leeds,M,5.5,2,2.53,51.3,1.0,45.0,1.0
338,338,Ampadu,Leeds,M,5.5,2,3.49,85.4,2.0,90.0,1.0
339,339,Longstaff,Leeds,M,5.0,2,0.91,10.6,0.0,0.0,0.0
341,341,Gnonto,Leeds,M,5.0,2,0.76,3.85,0.0,0.0,0.0
342,342,Harrison,Leeds,M,5.0,2,0.0,0.0,0.0,0.0,0.0
343,343,James,Leeds,M,5.0,2,0.88,6.93,1.0,22.0,1.0
344,344,Gruev,Leeds,M,5.0,2,0.51,4.44,0.0,0.0,0.0
345,345,Tanaka,Leeds,M,5.0,2,0.83,13.52,1.0,45.0,1.0
604,604,Cresswell,Leeds,M,4.5,2,0.0,0.0,0.0,0.0,0.0
366,366,Wirtz,Liverpool,M,7.5,2,4.72,72.6,4.0,90.0,1.0
367,367,Gakpo,Liverpool,M,7.0,2,4.89,76.95,5.0,70.0,1.0
368,368,Szoboszlai,Liverpool,M,7.0,2,5.27,87.9,4.0,90.0,1.0
369,369,Ngumoha,Liverpool,M,6.0,2,3.23,58.05,1.0,19.0,1.0
370,370,Chiesa,Liverpool,M,5.5,2,0.0,0.0,0.0,0.0,0.0
371,371,Gravenberch,Liverpool,M,6.0,2,3.44,80.85,1.0,19.0,1.0
372,372,Mac Allister,Liverpool,M,5.5,2,1.79,36.32,2.0,76.0,1.0
373,373,C.Jones,Liverpool,M,5.5,2,0.99,3.56,0.0,0.0,0.0
374,374,Endo,Liverpool,M,5.0,2,0.18,3.2,0.0,0.0,0.0
375,375,Nyoni,Liverpool,M,5.0,2,0.15,0.98,1.0,13.0,1.0
376,376,Bajcetic,Liverpool,M,5.0,2,0.0,0.0,0.0,0.0,0.0
377,377,Munoz,Liverpool,M,6.5,2,1.51,24.26,6.0,90.0,1.0
378,378,McConnell,Liverpool,M,4.5,2,0.0,0.0,0.0,0.0,0.0
381,381,Koumas,Liverpool,M,5.0,2,0.94,15.62,0.0,0.0,0.0
383,383,Elliott,Liverpool,M,5.5,2,0.12,2.7,0.0,0.0,0.0
238,238,Grealish,Man City,M,6.5,2,0.0,0.0,0.0,0.0,0.0
397,397,Semenyo,Man City,M,8.5,2,4.64,83.95,5.0,90.0,1.0
398,398,Foden,Man City,M,7.0,2,4.46,77.85,9.0,90.0,1.0
399,399,Cherki,Man City,M,7.5,2,4.92,76.2,14.0,81.0,1.0
400,400,Doku,Man City,M,7.5,2,0.0,0.0,0.0,0.0,0.0
402,402,Rodrigo,Man City,M,6.5,2,0.0,0.0,0.0,0.0,0.0
404,404,Reijnders,Man City,M,6.0,2,0.0,0.0,0.0,0.0,0.0
406,406,Kovačić,Man City,M,5.5,2,0.7,16.14,1.0,15.0,1.0
407,407,Echeverri,Man City,M,5.0,2,0.0,0.0,0.0,0.0,0.0
408,408,Phillips,Man City,M,5.0,2,0.0,0.0,0.0,0.0,0.0
409,409,Mukasa,Man City,M,4.5,2,0.0,0.0,0.0,0.0,0.0
410,410,Monga,Man City,M,5.0,2,0.0,0.0,0.0,0.0,0.0
481,481,Anderson,Man City,M,6.4,2,4.54,88.18,3.0,81.0,1.0
616,616,Bouaddi,Man City,M,5.5,2,1.2,31.2,1.0,8.0,1.0
43,43,Tielemans,Man Utd,M,6.0,2,3.68,76.35,4.0,90.0,1.0
131,131,Baleba,Man Utd,M,5.0,2,0.79,16.95,0.0,0.0,0.0
162,162,Andrey Santos,Man Utd,M,5.0,2,2.9,67.65,1.0,10.0,1.0
415,415,Dorgu,Man Utd,M,6.0,2,2.15,36.9,1.0,10.0,1.0
426,426,B.Fernandes,Man Utd,M,12.0,2,7.14,87.84,23.0,90.0,1.0
427,427,Mbeumo,Man Utd,M,8.0,2,5.35,83.0,11.0,90.0,1.0
428,428,Cunha,Man Utd,M,8.0,2,5.58,78.9,9.0,79.0,1.0
429,429,Rashford,Man Utd,M,7.0,2,1.27,18.75,2.0,79.0,1.0
430,430,Mount,Man Utd,M,5.5,2,0.67,5.03,0.0,0.0,0.0
431,431,Amad,Man Utd,M,5.9,2,0.0,0.0,0.0,0.0,0.0
432,432,Mainoo,Man Utd,M,5.5,2,0.97,14.98,4.0,79.0,1.0
433,433,Ugarte,Man Utd,M,5.0,2,0.0,0.0,0.0,0.0,0.0
434,434,J.Fletcher,Man Utd,M,5.0,2,0.0,0.0,0.0,0.0,0.0
435,435,Lacey,Man Utd,M,5.0,2,0.44,2.4,0.0,0.0,0.0
436,436,Collyer,Man Utd,M,5.0,2,0.0,0.0,0.0,0.0,0.0
437,437,Bendito Mantato,Man Utd,M,4.5,2,0.0,0.0,0.0,0.0,0.0
438,438,Fletcher,Man Utd,M,4.5,2,0.07,0.28,0.0,0.0,0.0
405,405,N.Gonzalez,Newcastle,M,5.5,2,0.0,0.0,2.0,70.0,1.0
453,453,Barnes,Newcastle,M,6.0,2,3.83,72.3,3.0,90.0,1.0
454,454,Elanga,Newcastle,M,6.0,2,3.3,68.85,8.0,81.0,1.0
456,456,J.Ramsey,Newcastle,M,5.0,2,1.06,21.06,1.0,8.0,1.0
457,457,J.Murphy,Newcastle,M,6.0,2,1.5,29.55,1.0,8.0,1.0
458,458,Joelinton,Newcastle,M,5.5,2,0.0,0.0,0.0,0.0,0.0
459,459,L.Miley,Newcastle,M,5.5,2,1.55,39.06,3.0,90.0,1.0
460,460,Willock,Newcastle,M,5.0,2,1.18,25.2,3.0,70.0,1.0
461,461,Touré,Newcastle,M,6.0,2,1.18,20.79,1.0,1.0,1.0
462,462,Steur,Newcastle,M,5.0,2,1.42,37.65,1.0,19.0,1.0
559,559,Bamba,Newcastle,M,5.0,2,0.94,20.7,0.0,0.0,0.0
480,480,Gibbs-White,Nott'm Forest,M,8.0,2,3.54,78.15,13.0,90.0,1.0
482,482,Hudson-Odoi,Nott'm Forest,M,6.0,2,1.23,19.21,1.0,1.0,1.0
483,483,Ndoye,Nott'm Forest,M,5.5,2,2.64,64.95,9.0,65.0,1.0
484,484,Hutchinson,Nott'm Forest,M,5.5,2,0.97,16.93,0.0,0.0,0.0
485,485,Bakwa,Nott'm Forest,M,5.5,2,0.0,0.0,0.0,0.0,0.0
486,486,McAtee,Nott'm Forest,M,5.5,2,1.57,37.65,2.0,90.0,1.0
487,487,Dominguez,Nott'm Forest,M,5.0,2,0.88,16.19,1.0,1.0,1.0
488,488,I.Sangaré,Nott'm Forest,M,5.0,2,3.15,80.7,0.0,0.0,0.0
489,489,Yates,Nott'm Forest,M,4.5,2,0.21,2.8,0.0,0.0,0.0
558,558,Schlager,Nott'm Forest,M,5.0,2,1.75,46.95,4.0,90.0,1.0
403,403,Sávio,Spurs,M,6.5,2,3.9,72.0,0.0,0.0,0.0
455,455,Tonali,Spurs,M,5.5,2,3.5,81.9,2.0,74.0,1.0
512,512,Kudus,Spurs,M,6.5,2,0.75,12.9,1.0,22.0,1.0
513,513,Xavi,Spurs,M,6.0,2,0.0,0.0,0.0,0.0,0.0
514,514,Tel,Spurs,M,6.0,2,2.86,51.3,2.0,67.0,1.0
515,515,Maddison,Spurs,M,6.5,2,0.0,0.0,0.0,0.0,0.0
516,516,Bentancur,Spurs,M,5.5,2,0.93,11.63,2.0,90.0,1.0
517,517,Odobert,Spurs,M,5.5,2,0.0,0.0,0.0,0.0,0.0
518,518,P.M.Sarr,Spurs,M,4.9,2,0.27,1.56,0.0,0.0,0.0
519,519,Gallagher,Spurs,M,5.5,2,3.74,81.0,0.0,0.0,0.0
520,520,Bergvall,Spurs,M,5.5,2,0.65,9.12,0.0,0.0,0.0
521,521,Kulusevski,Spurs,M,6.5,2,0.0,0.0,0.0,0.0,0.0
522,522,Gray,Spurs,M,5.0,2,0.44,6.3,2.0,67.0,1.0
523,523,Moore,Spurs,M,5.0,2,0.43,4.38,1.0,22.0,1.0
524,524,Olusesi,Spurs,M,4.5,2,0.0,0.0,0.0,0.0,0.0
525,525,Fernandes,Spurs,M,6.0,2,3.88,78.9,2.0,90.0,1.0
601,601,Williams-Barnett,Spurs,M,4.5,2,0.0,0.0,0.0,0.0,0.0
542,542,E.Le Fée,Sunderland,M,6.0,2,4.3,82.5,3.0,89.0,1.0
543,543,Diarra,Sunderland,M,5.5,2,1.44,23.01,4.0,18.0,1.0
544,544,Xhaka,Sunderland,M,5.5,2,3.7,83.7,3.0,90.0,1.0
545,545,Sadiki,Sunderland,M,5.0,2,3.03,87.1,3.0,90.0,1.0
546,546,Adingra,Sunderland,M,5.0,2,0.12,0.77,0.0,0.0,0.0
547,547,Mundle,Sunderland,M,5.0,2,0.57,1.38,1.0,1.0,1.0
548,548,Rigg,Sunderland,M,5.0,2,0.3,3.12,1.0,7.0,1.0
549,549,Talbi,Sunderland,M,5.5,2,1.71,38.1,0.0,0.0,0.0
550,550,Jocelin.T,Sunderland,M,5.0,2,0.08,1.8,0.0,0.0,0.0
551,551,Angulo,Sunderland,M,5.0,2,2.89,62.55,3.0,64.0,1.0
613,613,Ahoka,Sunderland,M,4.5,2,0.71,4.9,0.0,0.0,0.0
25,25,Gyökeres,Arsenal,F,7.4,2,1.37,18.0,0.0,0.0,0.0
26,26,Havertz,Arsenal,F,7.5,2,4.4,75.75,0.0,0.0,0.0
27,27,G.Jesus,Arsenal,F,6.0,2,0.0,0.0,0.0,0.0,0.0
55,55,Watkins,Aston Villa,F,7.9,2,0.0,0.0,0.0,0.0,0.0
56,56,Abraham,Aston Villa,F,5.5,2,0.86,14.45,0.0,0.0,0.0
582,582,Madjo,Aston Villa,F,5.5,2,0.28,5.56,0.0,0.0,0.0
79,79,Evanilson,Bournemouth,F,6.0,2,4.28,78.0,5.0,80.0,1.0
80,80,Enes Ünal,Bournemouth,F,5.5,2,0.0,0.0,0.0,0.0,0.0
81,81,Rodríguez,Bournemouth,F,6.0,2,0.97,11.29,1.0,9.0,1.0
608,608,Jebbison,Bournemouth,F,5.0,2,0.0,0.0,0.0,0.0,0.0
106,106,Thiago,Brentford,F,8.0,2,4.27,86.23,2.0,90.0,1.0
107,107,Furo,Brentford,F,4.5,2,0.0,0.0,0.0,0.0,0.0
108,108,Wilson,Brentford,F,5.5,2,0.73,4.34,1.0,2.0,1.0
125,125,Georginio,Brighton,F,5.5,2,1.67,39.45,0.0,0.0,0.0
137,137,Tzimas,Brighton,F,5.5,2,0.0,0.0,0.0,0.0,0.0
138,138,Kostoulas,Brighton,F,5.5,2,1.99,46.5,5.0,79.0,1.0
139,139,Ferguson,Brighton,F,5.0,2,0.0,0.0,0.0,0.0,0.0
594,594,David,Brighton,F,6.0,2,2.49,48.3,1.0,10.0,1.0
136,136,Welbeck,Chelsea,F,6.0,2,1.35,10.13,0.0,0.0,0.0
165,165,João Pedro,Chelsea,F,7.6,2,5.19,81.75,9.0,90.0,1.0
166,166,N.Jackson,Chelsea,F,6.5,2,0.25,0.25,0.0,0.0,0.0
168,168,Marc Guiu,Chelsea,F,5.0,2,0.0,0.0,0.0,0.0,0.0
169,169,Mheuka,Chelsea,F,4.5,2,0.0,0.0,0.0,0.0,0.0
170,170,Emegha,Chelsea,F,5.0,2,0.0,0.0,0.0,0.0,0.0
193,193,Wright,Coventry City,F,5.5,2,0.0,0.0,0.0,0.0,0.0
194,194,Thomas-Asante,Coventry City,F,5.0,2,2.5,43.5,1.0,32.0,1.0
195,195,Simms,Coventry City,F,5.0,2,2.41,38.4,0.0,0.0,0.0
196,196,Markelo,Coventry City,F,5.0,2,0.0,0.0,0.0,0.0,0.0
197,197,Bassette,Coventry City,F,4.5,2,0.0,0.0,0.0,0.0,0.0
492,492,Awoniyi,Coventry City,F,5.5,2,2.85,40.2,2.0,90.0,1.0
599,599,Cherif,Coventry City,F,5.0,2,0.95,4.56,0.0,0.0,0.0
222,222,Strand Larsen,Crystal Palace,F,6.0,2,1.33,25.47,2.0,62.0,1.0
223,223,Mateta,Crystal Palace,F,6.5,2,3.27,63.75,0.0,0.0,0.0
224,224,Nketiah,Crystal Palace,F,5.5,2,1.95,42.6,2.0,67.0,1.0
225,225,Uche,Crystal Palace,F,5.0,2,0.0,0.0,0.0,0.0,0.0
248,248,Beto,Everton,F,5.5,2,1.55,23.07,1.0,20.0,1.0
249,249,Barry,Everton,F,5.5,2,3.09,66.6,2.0,69.0,1.0
271,271,Muniz,Fulham,F,5.5,2,1.22,11.1,0.0,0.0,0.0
272,272,Kusi-Asare,Fulham,F,4.5,2,0.23,0.77,0.0,0.0,0.0
569,569,Gonzalo,Fulham,F,6.0,2,3.81,72.9,2.0,90.0,1.0
295,295,McBurnie,Hull City,F,5.5,2,3.99,86.88,1.0,90.0,1.0
298,298,Destan,Hull City,F,4.5,2,0.0,0.0,0.0,0.0,0.0
299,299,Burstow,Hull City,F,4.5,2,0.0,0.0,0.0,0.0,0.0
316,316,Emersonn,Ipswich Town,F,5.5,2,3.12,74.7,1.0,45.0,1.0
317,317,Hirst,Ipswich Town,F,5.0,2,0.0,0.0,0.0,0.0,0.0
320,320,Akpom,Ipswich Town,F,5.0,2,0.73,5.2,5.0,45.0,1.0
321,321,Walle Egeli,Ipswich Town,F,4.5,2,0.56,9.4,0.0,0.0,0.0
322,322,Al-Hamadi,Ipswich Town,F,5.0,2,0.0,0.0,0.0,0.0,0.0
346,346,Calvert-Lewin,Leeds,F,6.0,2,4.42,82.8,8.0,90.0,1.0
347,347,Nmecha,Leeds,F,5.5,2,1.1,7.5,4.0,21.0,1.0
348,348,Piroe,Leeds,F,5.0,2,0.0,0.0,0.0,0.0,0.0
349,349,Mateo Joseph,Leeds,F,4.5,2,0.0,0.0,0.0,0.0,0.0
379,379,Isak,Liverpool,F,9.0,2,5.29,78.45,8.0,90.0,1.0
380,380,Ekitiké,Liverpool,F,7.5,2,0.0,0.0,0.0,0.0,0.0
382,382,Danns,Liverpool,F,4.5,2,0.0,0.0,0.0,0.0,0.0
411,411,Haaland,Man City,F,15.5,2,6.46,86.2,13.0,90.0,1.0
439,439,Šeško,Man Utd,F,7.0,2,3.33,46.95,1.0,10.0,1.0
440,440,Zirkzee,Man Utd,F,5.5,2,0.44,4.8,0.0,0.0,0.0
441,441,Obi,Man Utd,F,4.5,2,0.0,0.0,0.0,0.0,0.0
463,463,Woltemade,Newcastle,F,6.0,2,2.79,54.6,4.0,19.0,1.0
464,464,Wissa,Newcastle,F,6.0,2,4.25,78.9,8.0,81.0,1.0
465,465,Osula,Newcastle,F,6.0,2,0.0,0.0,0.0,0.0,0.0
466,466,Neave,Newcastle,F,4.5,2,0.16,4.2,0.0,0.0,0.0
167,167,Delap,Nott'm Forest,F,5.5,2,0.56,0.81,1.0,24.0,1.0
490,490,Wood,Nott'm Forest,F,6.0,2,1.34,14.27,0.0,0.0,0.0
491,491,Igor Jesus,Nott'm Forest,F,6.0,2,3.19,73.35,1.0,90.0,1.0
493,493,Kalimuendo,Nott'm Forest,F,5.5,2,0.49,2.3,0.0,0.0,0.0
401,401,Marmoush,Spurs,F,7.0,2,0.0,0.0,2.0,90.0,1.0
526,526,Solanke,Spurs,F,6.0,2,4.24,68.4,1.0,15.0,1.0
527,527,Richarlison,Spurs,F,6.0,2,2.1,32.53,0.0,0.0,0.0
528,528,Scarlett,Spurs,F,4.5,2,0.0,0.0,0.0,0.0,0.0
552,552,Brobbey,Sunderland,F,6.0,2,4.22,74.4,2.0,63.0,1.0
553,553,Isidor,Sunderland,F,5.5,2,1.26,14.76,8.0,26.0,1.0
