Pos,Name,BV,SV,Team,11_xMins,11_Pts,12_xMins,12_Pts,13_xMins,13_Pts,14_xMins,14_Pts,15_xMins,15_Pts,16_xMins,16_Pts,17_xMins,17_Pts,18_xMins,18_Pts
M,Özil,6.8,6.8,Arsenal,0,0,0,0,0,0,0,0,0,0,0,0,0,0,0,0
D,Sokratis,4.9,4.9,Arsenal,0,0,0,0,0,0,0,0,0,0,0,0,0,0,0,0
D,David Luiz,5.5,5.5,Arsenal,32,0.886,60,2.874,52,2.085,46,1.424,51,1.44,48,1.795,51,2.195,50,2.309
M,Aubameyang,11.6,11.6,Arsenal,84,4.165,82,5.858,79,5.222,79,4.638,77,4.315,77,4.788,75,5.206,73,5.067
D,Cédric,4.7,4.7,Arsenal,1,0.03,2,0.102,3,0.13,1,0.034,1,0.031,3,0.122,2,0.092,4,0.197
F,Lacazette,8.3,8.3,Arsenal,55,2.538,53,3.299,51,3.002,53,2.832,53,2.726,54,2.989,47,2.886,44,2.691
D,Mustafi,5.0,5.0,Arsenal,5,0.142,2,0.097,1,0.041,0,0,1,0.03,1,0.038,1,0.044,1,0.047
G,Leno,5.0,5.0,Arsenal,89,3.402,88,4.23,87,3.8,87,3.453,86,3.28,88,3.746,85,3.838,85,4.009
M,Xhaka,5.3,5.3,Arsenal,60,1.671,61,2.091,50,1.618,49,1.457,49,1.428,48,1.504,51,1.699,49,1.668
D,Marí,4.4,4.4,Arsenal,0,0,4,0.178,9,0.338,8,0.235,10,0.269,10,0.349,12,0.483,9,0.389
D,Bellerín,5.2,5.2,Arsenal,87,2.485,84,4.248,80,3.367,81,2.625,81,2.397,80,3.145,79,3.566,77,3.726
G,Martínez,4.8,4.7,Aston Villa,89,3.89,86,3.402,84,3.719,80,3.323,83,3.595,82,2.872,83,2.956,81,2.984
D,Chambers,4.5,4.5,Arsenal,0,0,8,0.4,20,0.845,23,0.756,20,0.604,20,0.789,25,1.138,21,1.019
D,Kolasinac,4.8,4.8,Arsenal,0,0,5,0.234,3,0.119,7,0.217,7,0.2,6,0.224,6,0.254,7,0.319
D,Maitland-Niles,4.7,4.7,Arsenal,13,0.394,11,0.566,8,0.348,7,0.24,7,0.222,7,0.285,8,0.368,8,0.394
D,Holding,4.4,4.4,Arsenal,72,1.964,52,2.489,50,2.006,50,1.552,47,1.338,51,1.912,47,2.022,48,2.216
D,Tierney,5.4,5.4,Arsenal,82,2.376,76,3.862,76,3.227,75,2.48,75,2.268,74,2.947,70,3.193,73,3.562
M,Pépé,7.6,7.6,Arsenal,0,0,0,0,38,2.188,36,1.867,37,1.853,36,1.969,34,2.053,33,1.999
M,Torreira,4.7,4.7,Arsenal,0,0,0,0,0,0,0,0,0,0,0,0,0,0,0,0
M,Willock,4.8,4.8,Arsenal,26,1.128,26,1.499,23,1.25,23,1.132,22,1.039,22,1.139,23,1.297,21,1.176
M,Nelson,5.2,5.2,Arsenal,13,0.589,14,0.842,8,0.449,7,0.358,7,0.346,8,0.428,7,0.408,7,0.409
F,Nketiah,5.6,5.6,Arsenal,31,1.577,31,2.084,27,1.734,29,1.696,26,1.472,27,1.642,24,1.599,26,1.707
M,Smith Rowe,4.4,4.4,Arsenal,1,0.034,2,0.082,0,0,0,0,0,0,0,0,0,0,0,0
M,Saka,5.2,5.2,Arsenal,63,2.4,59,3.007,57,2.707,56,2.404,51,2.126,54,2.45,56,2.76,52,2.594
M,Guendouzi,4.7,4.7,Arsenal,0,0,0,0,0,0,0,0,0,0,0,0,0,0,0,0
M,Martinelli,4.9,4.9,Arsenal,0,0,0,0,0,0,0,0,0,0,0,0,16,0.914,24,1.372
D,Saliba,4.1,4.1,Arsenal,0,0,0,0,0,0,0,0,0,0,0,0,0,0,0,0
G,Heaton,4.5,4.5,Aston Villa,0,0,3,0.118,7,0.308,12,0.496,10,0.43,12,0.423,12,0.427,13,0.478
D,El Mohamady,4.3,4.3,Aston Villa,8,0.388,8,0.294,8,0.392,7,0.308,9,0.423,12,0.29,10,0.271,12,0.377
M,Lansbury,4.3,4.3,Aston Villa,0,0,0,0,0,0,0,0,0,0,0,0,0,0,0,0
D,Taylor,4.3,4.3,Aston Villa,1,0.04,2,0.063,2,0.081,2,0.073,3,0.117,4,0.082,5,0.115,3,0.081
G,Steer,4.0,4.0,Aston Villa,0,0,0,0,0,0,0,0,0,0,0,0,0,0,0,0
M,Hourihane,6.0,6.0,Aston Villa,38,1.893,30,1.21,31,1.523,27,1.279,30,1.423,28,1.062,30,1.15,32,1.281
M,Jota,5.9,5.9,Aston Villa,0,0,0,0,0,0,0,0,0,0,0,0,0,0,0,0
G,Nyland,4.0,4.0,Aston Villa,0,0,0,0,0,0,0,0,0,0,0,0,0,0,0,0
D,Engels,4.4,4.4,Aston Villa,0,0,0,0,0,0,0,0,0,0,0,0,0,0,0,0
M,Grealish,7.7,7.3,Aston Villa,85,5.441,81,3.851,79,4.838,78,4.533,78,4.549,76,3.243,77,3.34,75,3.492
M,McGinn,5.5,5.5,Aston Villa,84,3.187,80,2.519,79,2.973,78,2.799,73,2.684,75,2.212,75,2.251,73,2.289
D,Hause,4.4,4.4,Aston Villa,4,0.179,8,0.277,12,0.546,11,0.449,15,0.656,19,0.429,17,0.431,17,0.502
M,Trézéguet,5.3,5.3,Aston Villa,66,3.733,61,2.686,61,3.341,55,2.91,56,2.974,54,2.225,55,2.289,53,2.325
D,Mings,5.3,5.3,Aston Villa,88,3.941,85,2.818,84,3.807,82,3.288,80,3.466,78,1.586,80,1.861,78,2.162
D,Targett,4.5,4.5,Aston Villa,87,3.776,84,2.767,82,3.619,82,3.214,79,3.34,79,1.611,78,1.817,78,2.149
D,Bree,4.5,4.5,Aston Villa,0,0,0,0,0,0,0,0,0,0,0,0,0,0,0,0
M,Nakamba,4.4,4.4,Aston Villa,10,0.347,7,0.221,5,0.173,6,0.201,5,0.169,6,0.181,6,0.183,8,0.249
M,El Ghazi,5.7,5.7,Aston Villa,20,1.272,17,0.851,17,1.048,15,0.892,16,0.949,21,0.964,16,0.747,20,0.985
D,Konsa,4.7,4.7,Aston Villa,87,3.948,84,2.805,82,3.738,83,3.353,81,3.529,78,1.609,78,1.838,78,2.186
D,Guilbert,4.4,4.4,Aston Villa,0,0,2,0.064,6,0.253,9,0.335,9,0.364,12,0.237,10,0.226,12,0.319
F,Wesley,6.0,6.0,Aston Villa,0,0,0,0,0,0,0,0,0,0,0,0,0,0,0,0
F,Samatta,5.9,5.9,Aston Villa,0,0,0,0,0,0,0,0,0,0,0,0,0,0,0,0
F,Davis,4.3,4.3,Aston Villa,5,0.34,15,0.775,15,0.942,15,0.92,19,1.149,17,0.824,16,0.783,22,1.116
F,Vassilev,4.4,4.4,Aston Villa,0,0,0,0,0,0,0,0,0,0,0,0,0,0,0,0
M,Douglas Luiz,4.9,4.9,Aston Villa,84,2.803,79,2.294,77,2.611,76,2.455,75,2.483,77,2.075,73,2.02,72,2.076
F,Murray,4.8,4.8,Brighton,0,0,0,0,0,0,0,0,0,0,0,0,0,0,0,0
M,Lallana,6.2,6.2,Brighton,42,1.822,63,2.385,61,2.681,60,2.712,59,2.373,58,2.302,56,2.283,58,1.934
M,Stephens,4.3,4.3,Burnley,6,0.192,21,0.632,24,0.74,28,0.888,18,0.562,20,0.669,22,0.747,21,0.609
G,Button,4.0,4.0,West Brom,0,0,1,0.039,1,0.036,1,0.037,1,0.035,2,0.075,2,0.073,3,0.11
M,Groß,5.8,5.8,Brighton,78,3.538,71,2.701,73,3.254,70,3.231,69,2.814,66,2.659,66,2.718,69,2.279
D,Duffy,4.4,4.4,Brighton,0,0,0,0,0,0,0,0,0,0,0,0,0,0,0,0
M,Pröpper,4.8,4.8,Brighton,9,0.327,5,0.17,6,0.222,4,0.15,5,0.176,6,0.21,5,0.178,6,0.191
M,Mooy,5.0,5.0,Brighton,0,0,0,0,0,0,0,0,0,0,0,0,0,0,0,0
D,Burn,4.3,4.3,Brighton,23,0.833,27,0.723,25,0.961,29,1.24,31,0.947,32,0.984,30,1.126,34,0.48
D,Dunk,4.8,4.8,Brighton,88,3.15,84,2.166,83,3.193,83,3.593,82,2.457,80,2.42,79,2.962,79,0.986
D,Montoya,4.5,4.5,Brighton,0,0,0,0,0,0,0,0,0,0,0,0,0,0,0,0
F,Andone,4.8,4.8,Brighton,0,0,0,0,0,0,0,0,0,0,0,0,0,0,0,0
M,March,5.0,5.0,Brighton,61,2.54,59,2.201,57,2.445,58,2.564,56,2.21,56,2.182,55,2.194,56,1.844
D,Webster,4.4,4.4,Brighton,80,2.845,78,2.054,77,2.921,73,3.087,73,2.206,73,2.225,75,2.798,73,1.014
D,Veltman,4.3,4.3,Brighton,34,1.154,38,0.951,39,1.409,38,1.544,43,1.232,42,1.217,42,1.496,41,0.526
F,Maupay,6.3,6.3,Brighton,51,2.89,77,3.615,75,4.247,73,4.188,73,3.739,70,3.502,70,3.534,69,2.756
M,Trossard,6.0,6.0,Brighton,70,3.619,61,2.753,59,3.209,55,3.06,57,2.791,58,2.759,60,2.947,58,2.235
G,Ryan,4.5,4.5,Brighton,89,3.597,89,3.252,88,3.62,88,3.824,87,3.293,87,3.308,85,3.53,88,3.069
M,Jahanbakhsh,5.4,5.4,Brighton,25,1.176,18,0.758,14,0.687,14,0.698,13,0.583,15,0.659,15,0.67,14,0.523
M,Izquierdo,5.5,5.5,Brighton,0,0,2,0.086,4,0.198,5,0.25,7,0.316,6,0.267,9,0.405,7,0.266
D,Clarke,4.4,4.4,Brighton,0,0,0,0,0,0,0,0,0,0,0,0,0,0,0,0
D,White,4.4,4.4,Brighton,71,2.459,67,1.72,68,2.514,68,2.824,66,1.942,68,2.022,64,2.347,64,0.856
D,Bernardo,3.9,3.9,Brighton,0,0,2,0.058,1,0.041,2,0.09,2,0.066,3,0.099,4,0.16,3,0.05
M,Bissouma,4.5,4.5,Brighton,82,2.463,78,2.158,77,2.403,76,2.451,74,2.16,74,2.154,73,2.219,74,1.873
D,Lamptey,4.8,4.8,Brighton,52,2.194,47,1.449,49,2.216,45,2.236,48,1.692,48,1.7,44,1.902,49,0.822
F,Connolly,5.3,5.3,Brighton,44,2.031,30,1.276,30,1.511,32,1.563,32,1.485,33,1.45,33,1.505,31,1.205
M,Alzate,4.4,4.4,Brighton,24,0.885,21,0.719,17,0.643,19,0.734,18,0.641,22,0.775,21,0.76,18,0.57
M,Mac Allister,5.3,5.3,Brighton,0,0,22,0.873,38,1.695,45,2.047,45,1.82,42,1.684,46,1.873,46,1.542
D,Tarkowski,5.4,5.4,Burnley,88,2.528,85,2.008,85,2.252,84,2.922,81,2.148,80,3.229,78,3.197,78,1.156
D,Bardsley,4.5,4.5,Burnley,5,0.134,18,0.392,20,0.484,21,0.675,22,0.531,22,0.806,25,0.923,26,0.341
D,Pieters,4.3,4.3,Burnley,31,0.923,22,0.541,20,0.546,21,0.742,19,0.519,22,0.896,23,0.949,21,0.335
M,Cork,5.0,5.0,Burnley,0,0,0,0,32,1.021,42,1.354,60,1.819,57,1.882,59,1.974,61,1.696
D,Long,4.4,4.4,Burnley,7,0.203,13,0.311,15,0.395,16,0.543,23,0.6,23,0.885,24,0.935,26,0.396
F,Rodriguez,5.8,5.8,Burnley,55,2.36,53,2.073,50,2.164,52,2.214,51,2.241,51,2.455,47,2.425,50,1.904
F,Barnes,6.0,6.0,Burnley,43,2.066,39,1.662,38,1.795,36,1.663,33,1.589,39,2.049,39,2.188,38,1.542
D,Mee,4.9,4.9,Burnley,88,2.406,85,1.915,83,2.087,82,2.755,80,2.011,80,3.076,79,3.079,80,1.106
M,Westwood,5.3,5.3,Burnley,86,2.594,83,2.343,77,2.326,74,2.326,74,2.261,69,2.355,70,2.457,70,1.924
M,Gudmundsson,5.4,5.4,Burnley,46,1.811,36,1.325,29,1.15,24,0.961,23,0.924,24,1.043,24,1.085,25,0.89
F,Wood,6.2,6.2,Burnley,72,3.455,69,2.918,67,3.173,66,3.062,67,3.199,63,3.324,65,3.647,63,2.56
D,Lowton,4.4,4.4,Burnley,80,2.169,68,1.537,67,1.68,63,2.101,63,1.581,62,2.34,60,2.292,60,0.849
F,Vydra,4.9,4.9,Burnley,11,0.575,10,0.465,11,0.556,11,0.544,11,0.562,13,0.722,14,0.824,12,0.53
D,Gibson,3.9,3.9,Burnley,0,0,0,0,0,0,0,0,0,0,0,0,0,0,0,0
M,Brady,5.0,5.0,Burnley,3,0.125,25,0.935,33,1.306,40,1.576,46,1.791,45,1.947,43,1.96,44,1.498
G,Pope,5.4,5.4,Burnley,66,2.552,88,3.251,88,3.319,88,3.661,87,3.287,86,3.795,86,3.77,86,3.062
D,Taylor,4.4,4.4,Burnley,85,2.271,82,1.826,81,1.989,82,2.714,78,1.914,76,2.83,77,2.877,74,1.015
M,Brownhill,5.0,5.0,Burnley,66,2.013,78,2.186,66,2.017,62,1.982,56,1.759,57,1.954,53,1.872,57,1.62
G,Peacock-Farrell,4.0,4.0,Burnley,22,0.833,1,0.036,1,0.037,1,0.041,1,0.037,3,0.13,3,0.129,3,0.105
M,McNeil,5.8,5.8,Burnley,85,3.025,82,2.679,82,2.872,78,2.794,79,2.795,78,3.062,77,3.167,75,2.34
G,Caballero,4.7,4.7,Chelsea,0,0,0,0,0,0,0,0,0,0,0,0,0,0,0,0
D,Azpilicueta,5.8,5.8,Chelsea,8,0.368,17,0.656,17,0.762,20,0.945,21,0.782,25,1.155,27,0.734,26,0.976
F,Giroud,6.7,6.7,Chelsea,6,0.459,8,0.537,8,0.506,9,0.678,10,0.633,9,0.683,11,0.65,11,0.718
D,Alonso,5.7,5.7,Chelsea,1,0.05,2,0.083,2,0.095,2,0.102,3,0.12,4,0.2,5,0.148,4,0.161
M,Jorginho,5.1,5.1,Chelsea,18,0.889,21,0.919,22,0.946,23,1.127,23,0.958,23,1.129,21,0.821,25,1.062
M,Barkley,5.9,5.9,Aston Villa,0,0,35,1.637,50,2.877,65,3.545,65,3.572,63,2.598,66,2.759,63,2.792
M,Kovacic,5.3,5.3,Chelsea,50,1.876,47,1.623,48,1.663,48,1.805,50,1.665,49,1.837,50,1.555,50,1.684
F,Batshuayi,5.8,5.8,Crystal Palace,47,2.237,44,1.809,37,1.662,34,1.432,35,1.591,35,1.583,32,1.604,35,1.458
D,Rüdiger,4.5,4.5,Chelsea,5,0.201,7,0.236,8,0.318,11,0.456,9,0.297,11,0.446,8,0.191,14,0.462
D,Zouma,5.5,5.5,Chelsea,89,3.865,84,3.017,85,3.623,83,3.692,82,2.871,79,3.43,82,2.031,79,2.767
D,Emerson,4.8,4.8,Chelsea,0,0,1,0.04,1,0.045,1,0.048,1,0.038,3,0.142,3,0.087,2,0.077
G,Arrizabalaga,4.8,4.8,Chelsea,3,0.126,2,0.078,4,0.172,4,0.171,4,0.156,4,0.168,3,0.106,6,0.233
M,Kanté,4.9,4.9,Chelsea,83,2.856,83,2.566,80,2.534,79,2.738,77,2.353,77,2.671,78,2.202,74,2.304
M,Ziyech,8.3,8.3,Chelsea,64,3.84,59,3.08,63,3.158,61,3.632,62,3.062,60,3.591,62,2.795,60,3.056
M,Loftus-Cheek,5.9,5.9,Fulham,37,1.216,40,1.404,39,1.561,41,1.634,42,1.652,40,1.364,40,1.582,38,1.378
D,Christensen,4.8,4.8,Chelsea,1,0.04,2,0.068,3,0.119,6,0.247,3,0.1,8,0.322,5,0.122,8,0.266
F,Werner,9.5,9.5,Chelsea,62,4.694,60,3.96,61,3.725,59,4.389,61,3.738,63,4.682,58,3.313,60,3.808
F,Abraham,7.2,7.2,Chelsea,45,3.133,48,2.917,46,2.622,48,3.261,44,2.536,43,2.968,46,2.465,46,2.72
M,Pulisic,8.2,8.2,Chelsea,58,3.922,58,3.414,55,3.115,54,3.613,56,3.105,55,3.673,57,2.863,54,3.085
M,Mount,6.8,6.8,Chelsea,68,3.501,67,3.026,68,3.002,69,3.508,66,2.845,65,3.341,65,2.585,64,2.823
D,Tomori,4.7,4.7,Chelsea,0,0,0,0,0,0,0,0,0,0,0,0,0,0,1,0.036
M,Hudson-Odoi,5.7,5.7,Chelsea,11,0.668,14,0.754,11,0.57,10,0.604,14,0.721,14,0.854,13,0.624,14,0.74
D,James,5.1,5.0,Chelsea,86,4.44,83,3.507,83,4.056,79,4.155,80,3.258,79,4.054,77,2.271,75,3.085
M,Gilmour,4.4,4.4,Chelsea,1,0.042,3,0.115,2,0.076,3,0.124,4,0.148,4,0.166,6,0.211,6,0.226
D,Cahill,4.5,4.5,Crystal Palace,31,1.241,30,0.854,39,1.215,34,0.755,33,0.997,35,1.1,40,1.755,37,1.008
G,Hennessey,4.4,4.4,Crystal Palace,0,0,0,0,0,0,0,0,0,0,0,0,0,0,0,0
D,Sakho,4.5,4.5,Crystal Palace,0,0,1,0.027,0,0,1,0.021,1,0.028,2,0.058,2,0.078,3,0.076
G,Guaita,5.0,5.0,Crystal Palace,90,3.687,89,3.25,87,3.243,87,3.021,87,3.207,87,3.246,85,3.659,87,3.141
D,Tomkins,4.5,4.5,Crystal Palace,10,0.372,11,0.3,10,0.299,11,0.233,14,0.404,15,0.452,16,0.674,16,0.416
M,McArthur,5.3,5.3,Crystal Palace,55,1.871,53,1.624,53,1.69,52,1.56,53,1.686,53,1.699,54,1.891,55,1.662
M,McCarthy,4.5,4.5,Crystal Palace,32,1.066,35,1.063,36,1.125,35,1.041,34,1.066,33,1.044,39,1.324,36,1.08
F,Benteke,5.5,5.5,Crystal Palace,29,1.56,22,1.013,19,0.958,14,0.655,16,0.815,15,0.765,17,0.945,19,0.872
M,Kouyaté,5.0,5.0,Crystal Palace,75,2.395,75,2.158,71,2.138,75,2.097,73,2.18,74,2.22,67,2.237,70,2.017
D,Ward,4.4,4.4,Crystal Palace,30,1.052,28,0.724,31,0.87,32,0.63,34,0.919,32,0.905,31,1.22,30,0.743
D,Kelly,4.2,4.2,Crystal Palace,0,0,0,0,0,0,0,0,0,0,0,0,0,0,0,0
F,Wickham,4.5,4.5,Crystal Palace,0,0,0,0,0,0,0,0,0,0,0,0,0,0,0,0
M,Townsend,5.9,5.9,Crystal Palace,79,3.393,76,2.787,75,2.948,74,2.66,70,2.765,71,2.803,73,3.237,71,2.603
M,Milivojevic,5.6,5.6,Crystal Palace,42,1.653,43,1.48,42,1.523,41,1.383,42,1.526,43,1.566,39,1.582,41,1.392
D,van Aanholt,5.4,5.4,Crystal Palace,75,3.569,72,2.348,72,2.615,72,1.871,69,2.429,70,2.538,68,3.437,72,2.241
F,Ayew,5.7,5.7,Crystal Palace,66,2.9,58,2.22,56,2.311,57,2.187,54,2.252,56,2.319,54,2.469,52,2.002
M,Zaha,7.3,7.3,Crystal Palace,12,0.672,39,1.736,56,2.65,72,3.007,72,3.342,72,3.335,70,3.751,70,2.94
M,Schlupp,5.4,5.4,Crystal Palace,46,1.924,42,1.555,39,1.534,40,1.458,43,1.682,40,1.577,39,1.704,38,1.402
M,Meyer,4.8,4.8,Crystal Palace,6,0.241,6,0.219,6,0.226,5,0.179,4,0.151,5,0.189,6,0.243,4,0.144
M,Riedewald,4.4,4.4,Crystal Palace,45,1.58,43,1.366,43,1.417,42,1.306,44,1.444,44,1.452,42,1.511,42,1.328
D,Ferguson,3.9,3.9,Crystal Palace,0,0,0,0,0,0,0,0,0,0,0,0,0,0,0,0
D,Mitchell,4.1,4.1,Crystal Palace,15,0.533,17,0.447,18,0.514,15,0.305,19,0.524,17,0.49,20,0.801,17,0.428
M,Pierrick,4.4,4.4,Crystal Palace,2,0.072,3,0.1,3,0.103,2,0.066,3,0.103,2,0.069,3,0.11,3,0.1
M,Walcott,5.8,5.8,Southampton,52,2.626,43,2.389,36,1.603,40,1.674,35,1.889,39,2.066,44,1.934,45,2.197
M,Delph,4.9,4.9,Everton,44,1.333,38,1.066,41,1.15,37,1.083,37,1.131,40,1.073,36,1.099,36,1.054
M,Sigurdsson,6.8,6.8,Everton,35,1.831,33,1.496,33,1.548,30,1.475,30,1.571,30,1.276,32,1.744,31,1.451
G,Lössl,4.4,4.4,Everton,0,0,0,0,0,0,0,0,0,0,0,0,0,0,0,0
D,Coleman,4.9,4.9,Everton,0,0,35,0.987,57,1.705,77,2.666,75,3.17,75,1.547,74,2.914,75,2.773
F,Tosun,6.0,6.0,Everton,7,0.429,7,0.386,8,0.443,8,0.461,11,0.667,9,0.454,10,0.635,11,0.595
M,Bernard,5.8,5.8,Everton,9,0.438,12,0.521,13,0.57,11,0.506,13,0.631,14,0.565,15,0.755,13,0.565
D,Digne,6.2,6.2,Everton,0,0,0,0,0,0,0,0,0,0,0,0,0,0,0,0
D,Keane,5.1,5.1,Everton,88,3.749,84,2.297,82,2.412,84,2.849,80,3.312,78,1.574,78,2.998,80,2.899
G,Pickford,4.9,4.9,Everton,89,3.829,88,3.201,88,3.261,88,3.425,87,3.679,86,2.999,87,3.499,87,3.542
M,André Gomes,5.4,5.4,Everton,20,0.688,17,0.541,17,0.544,14,0.467,18,0.625,19,0.577,18,0.631,18,0.588
M,Iwobi,5.9,5.9,Everton,40,1.805,39,1.561,36,1.471,35,1.499,38,1.717,34,1.29,38,1.763,37,1.512
D,Kenny,4.3,4.3,Everton,50,2.213,35,1.008,24,0.742,16,0.569,17,0.732,16,0.349,20,0.807,17,0.642
M,Gbamin,5.0,5.0,Everton,0,0,10,0.317,16,0.505,22,0.712,25,0.84,27,0.797,25,0.844,28,0.889
D,Mina,5.5,5.5,Everton,47,1.977,53,1.425,49,1.415,48,1.606,48,1.967,46,0.909,46,1.757,46,1.632
M,Davies,5.3,5.3,Everton,13,0.435,11,0.343,11,0.345,9,0.291,11,0.37,10,0.301,12,0.412,13,0.417
F,Calvert-Lewin,7.9,7.4,Everton,83,4.388,79,3.752,76,3.651,78,3.921,73,3.928,73,3.178,74,4.201,74,3.492
D,Holgate,4.8,4.8,Everton,67,2.719,63,1.601,63,1.726,62,1.968,60,2.363,60,1.101,62,2.242,62,2.12
F,Richarlison,7.8,7.8,Everton,72,3.629,71,3.2,68,3.1,68,3.25,66,3.36,68,2.821,62,3.358,64,2.882
G,Virgínia,4.4,4.4,Everton,0,0,0,0,0,0,0,0,0,0,0,0,0,0,0,0
M,Gordon,4.3,4.3,Everton,0,0,0,0,1,0.044,1,0.046,1,0.049,1,0.041,1,0.051,1,0.045
F,Kean,5.8,5.8,Everton,0,0,0,0,0,0,0,0,0,0,0,0,0,0,0,0
D,Branthwaite,3.9,3.9,Everton,10,0.373,12,0.288,8,0.208,8,0.238,10,0.362,10,0.178,11,0.365,12,0.388
G,Fabri,4.0,4.0,Fulham,0,0,0,0,0,0,0,0,0,0,0,0,0,0,0,0
M,McDonald,4.7,4.7,Fulham,0,0,0,0,0,0,0,0,0,0,0,0,0,0,0,0
D,Le Marchand,4.2,4.2,Fulham,0,0,1,0.017,1,0.031,1,0.031,1,0.029,1,0.02,2,0.064,3,0.067
M,Johansen,4.7,4.7,Fulham,0,0,0,0,0,0,0,0,0,0,0,0,0,0,0,0
M,Cairney,5.3,5.3,Fulham,74,2.27,74,2.466,70,2.741,69,2.696,73,2.807,71,2.303,69,2.679,69,2.402
D,Ream,4.3,4.3,Fulham,44,0.4,51,0.791,43,1.285,44,1.335,40,1.13,39,0.716,42,1.326,43,0.92
M,Knockaert,5.1,5.1,Fulham,0,0,0,0,0,0,0,0,0,0,0,0,0,0,11,0.438
D,Hector,4.3,4.3,Fulham,3,0.033,4,0.07,3,0.094,4,0.126,3,0.089,4,0.078,5,0.163,5,0.114
D,Christie,4.3,4.3,Fulham,0,0,0,0,0,0,0,0,0,0,0,0,0,0,0,0
M,Kebano,4.8,4.8,Fulham,7,0.267,6,0.251,7,0.336,8,0.385,7,0.331,8,0.321,9,0.428,8,0.342
F,Decordova-Reid,5.3,5.3,Fulham,43,1.515,44,1.704,45,1.991,44,1.957,43,1.894,43,1.593,46,2.003,44,1.731
D,Bryan,4.7,4.7,Fulham,25,0.307,32,0.625,30,1.071,32,1.153,34,1.148,31,0.665,32,1.19,31,0.791
G,Bettinelli,4.4,4.4,Fulham,0,0,0,0,0,0,0,0,0,0,0,0,0,0,0,0
F,Mitrović,5.6,5.6,Fulham,80,2.996,78,3.313,77,3.973,77,3.957,74,3.778,76,3.007,73,3.682,72,3.18
D,Mawson,4.3,4.3,Fulham,0,0,0,0,0,0,0,0,0,0,0,0,0,0,0,0
G,Rodák,4.4,4.4,Fulham,0,0,1,0.035,0,0,1,0.039,1,0.038,2,0.07,1,0.04,2,0.071
M,Cavaleiro,5.3,5.3,Fulham,35,1.235,37,1.433,38,1.71,37,1.669,38,1.702,37,1.378,38,1.706,36,1.449
M,Onomah,4.7,4.7,Fulham,0,0,0,0,0,0,0,0,0,0,0,0,0,0,0,0
M,Seri,4.6,4.6,Fulham,0,0,0,0,0,0,0,0,0,0,0,0,0,0,0,0
M,Kamara,4.8,4.8,Fulham,26,0.996,21,0.894,24,1.221,25,1.268,24,1.198,24,0.962,26,1.297,21,0.92
M,Anguissa,4.5,4.5,Fulham,63,1.717,60,1.715,61,1.95,61,1.948,59,1.868,62,1.741,60,1.919,59,1.745
D,Sessegnon,4.3,4.3,Fulham,0,0,0,0,0,0,0,0,0,0,0,0,0,0,0,0
M,Hernández,5.7,5.7,Leeds,0,0,0,0,0,0,0,0,0,0,0,0,0,0,0,0
G,Casilla,4.3,4.3,Leeds,0,0,1,0.039,1,0.043,2,0.072,2,0.088,1,0.041,1,0.036,3,0.12
D,Cooper,4.4,4.4,Leeds,87,1.674,82,2.736,78,3.233,79,1.735,74,3.153,75,2.797,75,1.669,73,2.494
D,Douglas,3.8,3.8,Leeds,0,0,0,0,0,0,0,0,0,0,0,0,0,0,0,0
D,Ayling,4.5,4.5,Leeds,86,1.805,82,2.97,80,3.596,79,1.868,80,3.69,77,3.133,75,1.788,74,2.752
M,Klich,5.5,5.5,Leeds,85,3.026,82,3.697,81,3.981,75,2.752,76,3.723,77,3.628,77,2.773,72,3.301
M,Forshaw,4.8,4.8,Leeds,0,0,0,0,0,0,0,0,0,0,0,0,0,0,0,0
D,Dallas,4.5,4.5,Leeds,82,1.867,78,3.034,73,3.502,74,1.878,72,3.501,72,3.135,74,1.906,72,2.87
D,Alioski,4.4,4.4,Leeds,50,1.313,40,1.793,42,2.297,39,1.13,41,2.276,42,2.074,42,1.211,42,1.911
F,Bamford,6.1,6.1,Leeds,81,3.577,78,4.492,77,4.795,76,3.474,76,4.623,74,4.408,72,3.233,75,4.313
M,Harrison,5.5,5.5,Leeds,58,2.175,76,3.376,74,3.554,76,2.788,72,3.428,73,3.361,71,2.596,74,3.288
M,Phillips,4.9,4.9,Leeds,83,2.347,79,2.625,75,2.733,76,2.174,74,2.695,69,2.417,73,2.089,73,2.45
M,Costa,5.5,5.5,Leeds,46,1.653,44,1.893,41,1.902,43,1.576,44,2.015,43,1.896,41,1.487,41,1.759
M,Roberts,4.8,4.8,Leeds,19,0.781,20,0.996,15,0.802,15,0.626,15,0.788,14,0.716,17,0.698,21,1.036
M,Grot,4.8,4.8,Leeds,0,0,0,0,0,0,0,0,0,0,0,0,0,0,0,0
G,Miazek,4.0,4.0,Leeds,0,0,0,0,0,0,0,0,0,0,0,0,0,0,0,0
M,Poveda-Ocampo,4.4,4.4,Leeds,9,0.366,9,0.437,10,0.517,9,0.367,9,0.459,12,0.595,10,0.402,12,0.578
M,Shackleton,4.8,4.8,Leeds,0,0,25,0.943,42,1.654,51,1.614,53,2.058,53,1.971,50,1.572,50,1.808
D,Struijk,4.0,4.0,Leeds,22,0.433,17,0.56,17,0.688,13,0.29,17,0.706,14,0.51,16,0.36,18,0.606
M,Stevens,4.4,4.4,Leeds,0,0,0,0,0,0,0,0,0,0,0,0,0,0,0,0
G,Meslier,4.5,4.5,Leeds,89,3.282,88,3.635,88,3.989,87,3.248,87,4.014,87,3.781,86,3.218,85,3.585
D,Davis,4.0,4.0,Leeds,2,0.041,2,0.065,2,0.079,1,0.023,2,0.081,4,0.144,3,0.069,3,0.1
D,Casey,3.9,3.9,Leeds,1,0.021,0,0,1,0.04,1,0.023,1,0.041,1,0.036,2,0.046,1,0.034
D,Morgan,4.4,4.4,Leicester,9,0.369,7,0.294,4,0.144,3,0.084,3,0.095,5,0.208,5,0.212,6,0.173
G,Schmeichel,5.5,5.5,Leicester,90,3.889,88,3.795,87,3.488,88,3.257,87,3.35,87,3.779,87,3.787,87,3.228
D,Fuchs,4.5,4.5,Leicester,74,2.874,61,2.435,51,1.72,51,1.326,53,1.574,49,1.951,52,2.105,51,1.366
D,Evans,5.5,5.5,Leicester,87,3.464,84,3.45,83,2.862,82,2.144,81,2.442,78,3.166,78,3.23,75,2.035
M,Silva,4.4,4.4,Leicester,0,0,0,0,0,0,0,0,0,0,0,0,0,0,0,0
M,Albrighton,5.3,5.3,Leicester,21,0.884,19,0.841,15,0.638,16,0.598,18,0.709,18,0.77,19,0.846,20,0.789
M,James,4.3,4.3,Leicester,0,0,0,0,0,0,0,0,0,0,0,0,0,0,0,0
G,Ward,4.4,4.4,Leicester,0,0,1,0.043,1,0.04,1,0.037,1,0.038,1,0.043,1,0.043,2,0.073
F,Vardy,10.2,10.2,Leicester,85,5.161,82,5.293,79,4.922,79,3.903,79,4.392,75,4.562,78,5.045,75,4.129
M,Praet,5.5,5.5,Leicester,50,2.098,46,2.031,44,1.848,41,1.517,43,1.676,44,1.878,44,1.958,44,1.703
D,Pereira,5.9,5.9,Leicester,0,0,40,1.82,54,2.105,73,2.149,74,2.518,70,3.176,69,3.208,70,2.158
D,Amartey,3.9,3.9,Leicester,0,0,0,0,0,0,0,0,0,0,0,0,0,0,0,0
M,Tielemans,6.4,6.4,Leicester,84,3.272,80,3.302,74,2.92,73,2.499,75,2.729,72,2.924,73,3.087,73,2.662
M,Pérez,6.0,6.0,Leicester,11,0.613,8,0.467,9,0.503,10,0.466,11,0.561,10,0.557,11,0.64,10,0.503
M,Gray,5.2,5.2,Leicester,0,0,0,0,0,0,0,0,1,0.049,0,0,1,0.057,1,0.05
M,Maddison,7.0,7.0,Leicester,75,3.87,71,3.887,71,3.685,68,2.876,69,3.234,66,3.46,66,3.64,67,3.093
D,Chilwell,6.2,6.2,Chelsea,86,4.294,82,3.389,81,3.873,82,4.189,82,3.273,79,3.952,77,2.229,77,3.089
F,Iheanacho,5.6,5.6,Leicester,3,0.188,5,0.33,8,0.508,5,0.264,6,0.348,10,0.616,7,0.457,9,0.515
M,Choudhury,4.8,4.8,Leicester,1,0.035,1,0.036,1,0.035,0,0,1,0.033,1,0.035,1,0.036,1,0.033
M,Barnes,6.9,6.9,Leicester,50,2.864,48,2.887,48,2.744,47,2.195,43,2.231,48,2.728,45,2.699,47,2.388
M,Ndidi,4.8,4.8,Leicester,0,0,39,1.293,55,1.699,76,2.045,74,2.095,75,2.289,73,2.29,71,1.986
D,Benkovic,4.3,4.3,Leicester,0,0,0,0,0,0,0,0,0,0,0,0,0,0,0,0
D,Söyüncü,5.3,5.3,Leicester,0,0,0,0,0,0,0,0,0,0,0,0,0,0,0,0
D,Justin,4.9,4.9,Leicester,69,2.9,60,2.587,55,2.03,47,1.336,50,1.618,51,2.18,50,2.179,51,1.496
D,Thomas,4.3,4.3,Leicester,44,2.001,28,1.307,24,0.964,14,0.428,15,0.526,21,0.965,18,0.846,19,0.605
M,Milner,5.3,5.3,Liverpool,37,1.793,49,2.545,46,2.015,44,2.157,45,2.52,40,2.048,43,2.037,45,2.443
D,Tsimikas,4.9,4.9,Liverpool,4,0.197,5,0.25,9,0.351,8,0.39,11,0.606,12,0.598,12,0.516,11,0.605
M,Wijnaldum,5.3,5.3,Liverpool,69,2.583,62,2.43,64,2.224,62,2.345,61,2.526,62,2.409,63,2.285,62,2.518
M,Henderson,5.4,5.4,Liverpool,65,2.589,63,2.638,60,2.197,60,2.414,58,2.598,60,2.496,59,2.276,56,2.46
G,Adrián,4.4,4.4,Liverpool,0,0,0,0,1,0.04,2,0.09,2,0.094,2,0.09,2,0.083,5,0.239
D,Matip,5.4,5.4,Liverpool,75,3.514,73,3.416,68,2.447,67,3.09,68,3.501,68,3.175,66,2.636,66,3.424
M,Shaqiri,6.4,6.4,Liverpool,0,0,5,0.323,7,0.382,9,0.539,8,0.552,11,0.692,13,0.753,11,0.729
M,Chamberlain,6.3,6.3,Liverpool,0,0,0,0,0,0,0,0,0,0,0,0,0,0,0,0
F,Firmino,9.2,9.2,Liverpool,75,4.471,74,4.907,71,3.948,71,4.355,73,5.259,70,4.571,69,4.163,67,4.625
D,van Dijk,6.3,6.3,Liverpool,0,0,0,0,0,0,0,0,0,0,0,0,0,0,0,0
M,Mané,12.1,12.1,Liverpool,76,5.204,74,5.639,72,4.419,71,4.965,69,5.773,70,5.21,70,4.687,68,5.409
G,Alisson,5.9,5.9,Liverpool,89,4.185,89,4.11,87,3.58,87,4.029,87,4.229,86,3.968,86,3.683,84,4.128
M,Fabinho,5.4,5.4,Liverpool,77,2.384,74,2.344,75,2.124,72,2.241,73,2.439,73,2.3,70,2.089,70,2.342
M,Salah,12.2,12.2,Liverpool,80,6.562,79,7.207,77,5.659,76,6.377,75,7.616,72,6.475,72,5.836,71,6.824
D,Robertson,7.2,7.2,Liverpool,88,5.05,85,4.915,83,3.637,82,4.537,79,5.023,80,4.55,78,3.787,77,4.856
F,Origi,5.2,5.2,Liverpool,4,0.263,3,0.216,5,0.308,4,0.267,5,0.382,5,0.351,6,0.396,7,0.509
M,Harry Wilson,5.1,5.1,Liverpool,0,0,0,0,0,0,0,0,0,0,0,0,0,0,0,0
M,Minamino,6.0,6.0,Liverpool,21,1.14,15,0.883,16,0.804,17,0.936,18,1.134,20,1.153,19,1.012,21,1.269
D,Alexander-Arnold,7.2,7.2,Liverpool,0,0,45,2.615,62,2.741,82,4.569,79,5.087,78,4.483,76,3.728,78,4.972
D,Gomez,5.3,5.3,Liverpool,0,0,0,0,0,0,0,0,0,0,0,0,0,0,0,0
M,Keita,5.2,5.2,Liverpool,29,1.273,48,2.208,46,1.82,48,2.088,44,2.172,46,2.085,46,1.929,47,2.244
F,Brewster,4.5,4.5,Sheffield Utd,37,1.698,39,1.725,38,1.612,39,1.745,39,1.812,38,1.793,39,1.773,36,1.858
M,Jones,4.4,4.4,Liverpool,29,1.393,20,1.033,21,0.935,21,1.027,23,1.265,20,1.016,21,0.992,21,1.119
D,Neco Williams,3.9,3.9,Liverpool,64,2.848,28,1.24,17,0.586,6,0.26,8,0.383,9,0.394,11,0.417,13,0.632
M,Elliott,4.3,4.3,Liverpool,0,0,0,0,0,0,0,0,0,0,0,0,0,0,0,0
D,Fernandinho,5.4,5.4,Man City,44,2.489,39,1.39,40,2.273,40,1.782,39,2.184,39,1.579,42,1.358,39,2
G,Bravo,4.5,4.5,Man City,0,0,0,0,0,0,0,0,0,0,0,0,0,0,0,0
F,Agüero,10.3,10.3,Man City,14,1.339,30,2.033,32,2.958,30,2.294,27,2.449,30,2.258,32,2.143,32,2.692
D,Otamendi,4.9,4.9,Man City,0,0,0,0,0,0,0,0,0,0,0,0,0,0,0,0
D,Walker,6.2,6.2,Man City,80,4.443,79,2.842,75,4.212,75,3.327,75,4.155,74,2.97,73,2.382,72,3.668
M,Gündogan,5.4,5.4,Man City,39,2.023,42,1.645,41,2.105,39,1.716,41,2.106,36,1.548,44,1.695,43,2.052
M,De Bruyne,11.7,11.6,Man City,82,7.659,79,5.031,76,6.976,76,5.624,74,6.61,74,5.317,72,4.528,75,6.21
D,Stones,4.8,4.8,Man City,4,0.209,1,0.036,2,0.105,2,0.086,2,0.104,3,0.118,3,0.099,4,0.193
D,Mendy,5.9,5.9,Man City,55,3.119,55,1.991,56,3.199,53,2.392,56,3.156,55,2.239,53,1.74,51,2.637
M,Mahrez,8.3,8.3,Man City,54,4.798,54,3.36,52,4.557,53,3.788,51,4.374,54,3.767,54,3.297,51,4.059
M,Sterling,11.4,11.4,Man City,76,6.642,71,4.271,71,6.123,73,5.066,70,5.902,71,4.796,69,4.069,72,5.591
D,Cancelo,5.6,5.6,Man City,31,1.886,34,1.303,31,1.892,32,1.537,33,1.984,36,1.567,37,1.288,37,2.037
G,Ederson,6.0,6.0,Man City,89,4.454,88,3.574,88,4.432,88,3.907,87,4.358,86,3.613,86,3.352,87,4.131
D,Aké,5.4,5.4,Man City,10,0.643,41,1.73,52,3.402,50,2.595,51,3.29,51,2.423,50,1.93,50,2.953
D,Laporte,6.0,6.0,Man City,66,3.786,54,1.997,53,3.067,53,2.434,51,2.913,53,2.201,53,1.781,50,2.623
M,Bernardo Silva,7.4,7.4,Man City,39,2.326,39,1.755,41,2.443,42,2.108,43,2.523,43,2.095,42,1.865,43,2.356
F,Jesus,9.3,9.3,Man City,77,6.605,63,3.87,63,5.413,65,4.539,65,5.413,61,4.201,60,3.67,59,4.598
D,Zinchenko,5.5,5.5,Man City,0,0,1,0.039,1,0.057,1,0.047,0,0,1,0.043,1,0.036,1,0.052
M,Foden,6.5,6.5,Man City,31,2.416,31,1.747,34,2.61,34,2.166,33,2.47,32,1.987,36,1.983,34,2.375
M,Doyle,4.4,4.4,Man City,0,0,0,0,0,0,0,0,0,0,0,0,1,0.042,0,0
M,Rodrigo,5.4,5.4,Man City,77,3.103,76,2.424,74,2.987,75,2.634,75,2.986,76,2.578,73,2.276,74,2.803
M,Torres,6.9,6.9,Man City,23,1.689,24,1.283,26,1.89,26,1.57,26,1.844,27,1.587,23,1.213,24,1.59
D,Garcia,4.8,4.8,Man City,5,0.284,4,0.154,3,0.171,3,0.139,4,0.225,4,0.17,4,0.141,6,0.313
G,Romero,4.9,4.9,Man Utd,0,0,0,0,0,0,0,0,0,0,0,0,0,0,0,0
M,Mata,5.9,5.9,Man Utd,32,1.596,28,1.197,28,1.463,24,1.31,26,1.232,28,1.409,25,1.36,26,1.427
G,de Gea,5.4,5.4,Man Utd,64,2.589,88,3.117,88,3.95,86,3.62,87,3.389,87,3.929,87,3.667,85,3.795
D,Smalling,4.9,4.9,Man Utd,0,0,0,0,0,0,0,0,0,0,0,0,0,0,0,0
F,Ighalo,6.2,6.2,Man Utd,1,0.055,0,0,1,0.056,1,0.06,1,0.052,1,0.054,2,0.119,2,0.118
D,Rojo,4.8,4.8,Man Utd,0,0,1,0.022,1,0.041,1,0.038,0,0,0,0,0,0,0,0
M,Matic,4.8,4.8,Man Utd,68,2,44,1.232,35,1.162,30,0.999,28,0.861,32,1.052,35,1.158,33,1.117
M,Pogba,7.7,7.7,Man Utd,10,0.423,31,1.125,46,1.978,57,2.483,59,2.232,57,2.349,54,2.353,54,2.41
D,Jones,4.9,4.9,Man Utd,0,0,0,0,0,0,0,0,6,0.2,8,0.358,7,0.29,8,0.362
D,Maguire,5.4,5.4,Man Utd,88,3.307,85,2.027,83,3.832,80,3.392,79,2.671,81,3.737,78,3.302,79,3.691
M,Fred,5.3,5.3,Man Utd,80,2.543,73,2.081,63,2.234,56,2.019,54,1.738,53,1.868,57,2.05,54,1.992
D,Shaw,4.8,4.8,Man Utd,0,0,27,0.646,41,1.888,54,2.28,60,1.989,56,2.565,54,2.283,51,2.371
M,Lingard,5.9,5.9,Man Utd,3,0.148,2,0.086,1,0.051,1,0.054,1,0.047,1,0.049,1,0.054,2,0.108
M,Fernandes,10.9,10.8,Man Utd,82,5.107,79,3.946,77,5.082,75,5.247,75,4.322,72,4.525,74,5.174,74,5.252
F,Martial,8.7,8.7,Man Utd,44,2.521,71,3.297,69,3.871,69,4.147,65,3.366,66,3.531,65,3.92,68,4.082
M,Pereira,4.8,4.8,Man Utd,0,0,0,0,0,0,0,0,0,0,0,0,0,0,0,0
G,Henderson,5.3,5.3,Man Utd,25,1.03,1,0.036,1,0.046,3,0.129,2,0.08,2,0.092,2,0.086,4,0.182
M,Rashford,9.5,9.5,Man Utd,78,4.877,71,3.641,68,4.52,68,4.807,69,4.06,67,4.239,65,4.605,66,4.734
D,Tuanzebe,4.4,4.4,Man Utd,7,0.248,2,0.048,1,0.043,1,0.039,0,0,0,0,1,0.039,1,0.043
D,Lindelöf,4.8,4.8,Man Utd,88,2.992,81,1.73,78,3.279,78,2.955,76,2.327,75,3.186,74,2.797,76,3.207
M,McTominay,4.9,4.9,Man Utd,7,0.26,29,0.953,43,1.634,50,1.896,51,1.731,53,1.952,51,1.928,52,2.007
D,Bailly,4.9,4.9,Man Utd,1,0.033,13,0.278,22,0.912,24,0.903,22,0.663,22,0.917,26,0.976,25,1.045
M,James,6.2,6.2,Man Utd,9,0.436,11,0.464,11,0.554,7,0.368,9,0.414,8,0.388,11,0.575,10,0.528
D,Fosu-Mensah,4.3,4.3,Man Utd,0,0,0,0,0,0,0,0,0,0,0,0,0,0,0,0
D,Wan-Bissaka,5.4,5.4,Man Utd,88,3.193,86,1.962,83,3.719,82,3.349,81,2.636,80,3.584,79,3.228,77,3.471
D,Dalot,4.8,4.8,Man Utd,0,0,0,0,0,0,0,0,0,0,0,0,0,0,0,0
M,Greenwood,7.1,7.1,Man Utd,33,1.801,31,1.417,30,1.708,33,1.96,31,1.596,30,1.633,30,1.78,32,1.921
M,Chong,4.5,4.5,Man Utd,0,0,0,0,0,0,0,0,0,0,0,0,0,0,0,0
M,Garner,4.4,4.4,Man Utd,0,0,0,0,0,0,0,0,0,0,0,0,0,0,0,0
D,Williams,4.3,4.3,Man Utd,17,0.643,3,0.076,0,0,1,0.043,0,0,1,0.046,0,0,1,0.047
D,Mengi,3.9,3.9,Man Utd,1,0.038,0,0,0,0,0,0,0,0,0,0,0,0,0,0
F,Carroll,5.2,5.2,Newcastle,1,0.047,9,0.495,13,0.628,20,1.079,21,0.808,19,0.815,21,0.987,21,1.003
M,Shelvey,5.3,5.3,Newcastle,79,2.842,74,3.174,72,2.632,74,3.165,72,2.163,69,2.321,67,2.479,69,2.635
M,Ritchie,4.9,4.9,Newcastle,34,1.282,29,1.269,32,1.222,29,1.27,30,0.968,29,1.034,29,1.109,30,1.18
D,Fernández,4.9,4.9,Newcastle,86,1.978,82,2.986,80,1.85,81,2.898,79,0.692,77,1.217,77,1.889,77,2.384
D,Clark,4.5,4.5,Newcastle,54,1.397,45,1.864,47,1.238,47,1.914,48,0.518,49,0.9,48,1.329,51,1.756
G,Darlow,5.0,5.0,Newcastle,89,3.368,47,2.085,32,1.218,11,0.482,11,0.398,11,0.397,12,0.46,11,0.46
G,Dubravka,4.9,4.9,Newcastle,0,0,42,1.808,57,2.131,78,3.323,78,2.792,78,2.772,76,2.851,78,3.186
D,Lejeune,4.3,4.3,Newcastle,0,0,0,0,0,0,0,0,0,0,0,0,0,0,0,0
D,Lascelles,4.4,4.4,Newcastle,60,1.393,81,2.925,80,1.842,79,2.809,76,0.661,78,1.222,75,1.833,74,2.286
F,Gayle,5.9,5.9,Newcastle,15,0.733,23,1.324,17,0.852,17,0.99,19,0.778,16,0.736,15,0.747,17,0.888
M,Atsu,5.2,5.2,Newcastle,0,0,0,0,0,0,0,0,0,0,0,0,0,0,0,0
D,Dummett,4.4,4.4,Newcastle,0,0,0,0,0,0,0,0,0,0,0,0,0,0,0,0
D,Manquillo,4.4,4.4,Newcastle,55,1.31,56,2.074,53,1.275,54,1.967,54,0.532,55,0.92,52,1.321,54,1.717
D,Krafth,4.3,4.3,Newcastle,2,0.054,1,0.04,2,0.055,3,0.119,2,0.027,3,0.06,3,0.085,4,0.138
D,Schär,4.9,4.9,Newcastle,42,1.032,39,1.515,37,0.914,39,1.483,40,0.391,40,0.686,41,1.067,42,1.358
D,Yedlin,4.3,4.3,Newcastle,0,0,0,0,0,0,1,0.039,0,0,1,0.02,1,0.028,2,0.067
M,Hayden,4.8,4.8,Newcastle,36,1.102,32,1.094,32,0.978,28,0.96,32,0.874,31,0.904,35,1.069,33,1.044
M,Aarons,4.8,4.8,Newcastle,0,0,0,0,0,0,0,0,0,0,0,0,0,0,0,0
M,Saint-Maximin,5.3,5.3,Newcastle,9,0.387,29,1.428,46,1.9,56,2.687,53,1.798,52,1.943,58,2.352,56,2.378
M,Almirón,5.7,5.7,Newcastle,56,2.297,47,2.289,47,1.94,42,2.052,42,1.446,41,1.569,44,1.825,44,1.898
F,Joelinton,5.7,5.7,Newcastle,58,2.206,44,1.999,40,1.605,33,1.549,35,1.211,38,1.432,35,1.415,31,1.294
F,Muto,4.8,4.8,Newcastle,0,0,0,0,0,0,0,0,0,0,0,0,0,0,0,0
D,Watts,4.0,4.0,Newcastle,0,0,0,0,0,0,0,0,0,0,0,0,0,0,0,0
F,Sharp,5.6,5.6,Sheffield Utd,0,0,1,0.048,1,0.046,1,0.049,2,0.108,2,0.114,3,0.16,3,0.184
F,McGoldrick,5.3,5.3,Sheffield Utd,44,2.087,47,2.124,46,1.985,47,2.157,45,2.146,46,2.22,46,2.137,50,2.618
D,Basham,4.8,4.8,Sheffield Utd,82,2.229,80,2.177,77,1.838,77,2.233,76,2.082,73,2.548,72,2.386,71,2.756
M,Fleck,5.6,5.6,Sheffield Utd,73,2.469,72,2.396,70,2.268,69,2.349,71,2.438,68,2.444,69,2.408,68,2.63
D,Stevens,5.2,5.2,Sheffield Utd,62,1.851,84,2.501,84,2.2,81,2.57,78,2.35,79,3.012,75,2.69,76,3.208
G,Moore,4.4,4.4,Sheffield Utd,0,0,0,0,0,0,0,0,0,0,0,0,0,0,0,0
M,Norwood,4.7,4.7,Sheffield Utd,53,1.966,53,1.926,51,1.792,53,1.946,53,1.989,53,2.058,53,1.99,52,2.187
G,Foderingham,4.4,4.4,Sheffield Utd,0,0,0,0,0,0,0,0,0,0,0,0,1,0.041,0,0
D,Baldock,5.2,5.2,Sheffield Utd,88,2.583,85,2.491,82,2.113,81,2.532,80,2.377,78,2.926,79,2.791,79,3.296
D,Jack Robinson,4.3,4.3,Sheffield Utd,40,1.2,26,0.773,29,0.764,29,0.915,34,1.019,34,1.281,31,1.103,33,1.38
D,Egan,4.8,4.8,Sheffield Utd,88,2.525,83,2.386,83,2.099,81,2.481,81,2.343,80,2.935,75,2.602,79,3.198
D,O'Connell,4.8,4.8,Sheffield Utd,0,0,0,0,0,0,0,0,0,0,0,0,0,0,0,0
M,Lundstram,5.1,5.1,Sheffield Utd,59,2.335,57,2.208,56,2.083,60,2.354,59,2.355,58,2.396,58,2.319,62,2.788
M,Osborn,4.8,4.8,Sheffield Utd,19,0.708,15,0.551,20,0.712,17,0.629,19,0.711,23,0.879,23,0.861,22,0.89
F,McBurnie,5.6,5.6,Sheffield Utd,72,3.095,69,2.886,69,2.747,68,2.888,65,2.885,67,3.002,67,2.894,66,3.249
F,Callum Robinson,5.5,5.5,West Brom,39,1.961,43,2.108,45,1.686,41,1.979,40,1.589,43,2.086,40,1.761,42,1.87
F,Mousset,5.8,5.8,Sheffield Utd,3,0.16,3,0.157,3,0.148,4,0.211,5,0.271,6,0.33,6,0.318,5,0.3
M,Berge,5.0,5.0,Sheffield Utd,79,2.683,76,2.514,76,2.441,75,2.538,73,2.51,70,2.516,74,2.569,71,2.726
F,Long,5.2,5.2,Southampton,27,1.349,21,1.17,15,0.705,15,0.669,17,0.942,17,0.932,16,0.758,17,0.887
D,Bertrand,5.0,5.0,Southampton,88,3.124,84,3.852,84,2.406,82,1.592,82,3.417,79,3.009,77,1.819,79,2.525
G,McCarthy,4.6,4.6,Southampton,90,3.647,89,4.013,88,3.309,87,3.077,88,3.754,87,3.558,86,3.086,87,3.369
M,Oriol Romeu,4.5,4.5,Southampton,84,2.305,82,2.493,79,2.065,78,1.936,77,2.292,77,2.243,75,1.945,74,2.049
M,Redmond,6.4,6.4,Southampton,9,0.4,29,1.402,38,1.522,36,1.359,41,1.93,38,1.76,40,1.584,39,1.69
F,Ings,8.3,8.3,Southampton,40,2.256,60,3.662,77,3.66,76,3.332,74,4.387,74,4.324,72,3.481,73,3.99
D,Stephens,4.8,4.8,Southampton,4,0.131,10,0.418,8,0.215,7,0.13,8,0.3,10,0.345,11,0.241,12,0.351
M,Armstrong,5.5,5.5,Southampton,69,2.753,68,3.066,64,2.382,61,2.125,64,2.783,61,2.61,63,2.329,59,2.374
D,Vestergaard,4.7,4.7,Southampton,88,3.114,81,3.746,77,2.192,77,1.465,75,3.13,76,2.861,75,1.734,75,2.365
M,Ward-Prowse,6.1,6.1,Southampton,86,3.818,84,4.103,82,3.087,80,2.795,80,3.722,79,3.617,77,2.917,79,3.324
G,Gunn,4.3,4.3,Southampton,0,0,0,0,0,0,0,0,0,0,0,0,0,0,0,0
M,Boufal,5.4,5.4,Southampton,0,0,0,0,0,0,0,0,0,0,0,0,0,0,0,0
M,Reed,4.5,4.5,Fulham,50,1.371,48,1.366,50,1.576,52,1.628,52,1.612,50,1.398,48,1.516,51,1.482
M,Sims,4.3,4.3,Southampton,0,0,0,0,0,0,0,0,0,0,0,0,0,0,0,0
D,Walker-Peters,4.6,4.5,Southampton,87,2.896,84,3.648,83,2.218,81,1.423,81,3.141,80,2.817,79,1.696,79,2.328
D,Bednarek,4.5,4.5,Southampton,87,2.773,81,3.387,80,2.034,75,1.23,78,2.889,77,2.595,74,1.495,73,2.049
F,Adams,5.9,5.9,Southampton,74,3.747,70,3.967,70,3.211,68,2.903,67,3.786,67,3.724,64,2.974,63,3.316
D,Valery,4.7,4.7,Southampton,0,0,1,0.043,1,0.029,1,0.021,1,0.04,1,0.037,3,0.072,1,0.031
M,Smallbone,4.5,4.5,Southampton,5,0.195,4,0.169,5,0.185,6,0.212,7,0.29,7,0.285,8,0.294,8,0.312
D,Vokins,4.0,4.0,Southampton,0,0,1,0.043,0,0,0,0,0,0,1,0.036,0,0,2,0.062
F,Obafemi,4.7,4.7,Southampton,1,0.055,1,0.061,0,0,1,0.048,0,0,0,0,1,0.051,1,0.056
M,Djenepo,5.4,5.4,Southampton,66,2.565,52,2.347,48,1.78,50,1.728,48,2.112,51,2.188,49,1.798,48,1.931
G,Lloris,5.5,5.5,Spurs,89,3.883,88,4.143,87,3.214,87,3.73,86,3.902,87,4.259,87,3.844,85,3.576
D,Rose,4.7,4.7,Spurs,0,0,0,0,0,0,0,0,0,0,0,0,0,0,0,0
M,Sissoko,4.8,4.8,Spurs,51,1.657,53,1.795,54,1.554,55,1.787,55,1.762,55,1.998,54,1.834,54,1.734
D,Alderweireld,5.4,5.4,Spurs,0,0,0,0,0,0,40,1.507,61,2.48,79,3.849,77,3.108,76,2.72
M,Lamela,5.8,5.8,Spurs,0,0,0,0,0,0,0,0,0,0,0,0,0,0,0,0
F,Kane,10.9,10.9,Spurs,86,5.666,82,5.606,82,4.612,80,5.507,78,4.73,76,6.29,79,6.012,78,5.418
D,Aurier,5.2,5.2,Spurs,29,1.26,31,1.534,32,0.865,30,1.281,33,1.483,33,1.832,33,1.53,35,1.44
M,Son,9.5,9.2,Spurs,75,4.509,70,4.431,72,3.607,70,4.375,70,3.995,69,5.184,69,4.75,69,4.343
D,Dier,4.9,4.9,Spurs,88,3.451,84,3.811,84,1.996,81,3.113,82,3.38,80,4.028,79,3.299,79,2.91
M,Lucas Moura,6.8,6.8,Spurs,52,2.491,49,2.454,54,2.212,51,2.506,47,2.155,50,2.881,48,2.57,51,2.522
G,Gazzaniga,4.4,4.4,Spurs,0,0,1,0.046,1,0.036,1,0.042,1,0.044,1,0.048,1,0.043,1,0.041
M,Alli,7.4,7.4,Spurs,7,0.407,8,0.487,7,0.35,9,0.544,8,0.441,10,0.724,10,0.661,10,0.602
D,Davies,4.7,4.7,Spurs,3,0.12,7,0.316,7,0.181,7,0.275,9,0.373,8,0.401,11,0.466,9,0.341
M,Højbjerg,4.9,4.9,Spurs,80,2.48,77,2.52,74,2.031,76,2.389,72,2.242,73,2.627,73,2.431,73,2.285
M,Winks,5.2,5.2,Spurs,8,0.266,9,0.308,11,0.334,10,0.333,14,0.459,13,0.472,13,0.449,12,0.397
D,Sánchez,5.3,5.3,Spurs,35,1.401,32,1.461,34,0.857,20,0.783,12,0.497,5,0.247,8,0.336,7,0.263
D,Sessegnon,4.7,4.7,Spurs,0,0,0,0,0,0,0,0,0,0,0,0,0,0,0,0
M,Bergwijn,7.0,7.0,Spurs,28,1.351,31,1.557,29,1.207,32,1.577,31,1.421,32,1.834,33,1.745,35,1.715
M,Fernandes,4.8,4.8,Spurs,0,0,0,0,0,0,0,0,0,0,1,0.047,0,0,1,0.042
D,Tanganga,4.9,4.9,Spurs,6,0.243,9,0.412,7,0.179,7,0.276,5,0.21,5,0.254,5,0.214,7,0.267
M,Lo Celso,6.9,6.9,Spurs,51,2.266,55,2.543,52,1.976,52,2.353,55,2.34,52,2.822,53,2.587,51,2.296
M,Skipp,4.4,4.4,Spurs,0,0,0,0,0,0,0,0,0,0,0,0,0,0,0,0
M,Ndombele,5.9,5.9,Spurs,62,2.706,60,2.747,60,2.249,58,2.583,55,2.319,58,3.024,57,2.735,57,2.52
D,Foyth,4.3,4.3,Spurs,0,0,0,0,0,0,0,0,0,0,0,0,0,0,0,0
D,Gibbs,4.3,4.3,West Brom,1,0.038,5,0.173,5,0.063,10,0.308,10,0.157,11,0.338,11,0.306,11,0.304
F,Robson-Kanu,5.2,5.2,West Brom,32,1.556,34,1.636,33,1.252,37,1.773,35,1.385,34,1.657,33,1.452,37,1.645
M,Livermore,4.8,4.8,West Brom,39,1.216,63,1.824,64,1.569,65,1.847,61,1.544,63,1.798,64,1.752,62,1.705
M,Grosicki,5.3,5.3,West Brom,2,0.096,1,0.047,2,0.075,1,0.047,2,0.078,1,0.047,1,0.043,2,0.088
M,Phillips,5.1,5.1,West Brom,21,0.996,18,0.834,19,0.697,19,0.878,20,0.766,21,0.972,21,0.894,23,0.992
D,Bartley,4.4,4.4,West Brom,70,2.544,69,2.239,65,0.613,71,2.034,67,0.875,69,1.976,66,1.697,68,1.727
M,Sawyers,4.8,4.8,West Brom,63,1.876,62,1.799,55,1.397,55,1.591,54,1.405,56,1.619,53,1.491,54,1.515
D,Hegazi,4.2,4.2,West Brom,0,0,0,0,0,0,0,0,0,0,0,0,0,0,0,0
F,Austin,5.1,5.1,West Brom,11,0.598,10,0.536,11,0.46,14,0.751,12,0.525,13,0.706,12,0.583,14,0.693
F,Zohore,4.8,4.8,West Brom,0,0,0,0,0,0,0,0,0,0,0,0,0,0,0,0
G,Johnstone,4.5,4.5,West Brom,89,3.864,88,3.605,88,3.221,87,3.381,87,3.145,87,3.386,86,3.28,86,3.272
D,Townsend,4.5,4.5,West Brom,65,2.539,59,2.057,60,0.654,54,1.676,56,0.83,56,1.74,58,1.612,50,1.387
D,Ajayi,4.8,4.8,West Brom,87,2.816,85,2.45,86,0.657,82,2.039,81,0.891,80,1.985,78,1.778,78,1.743
M,Leko,4.5,4.5,West Brom,0,0,0,0,0,0,0,0,0,0,0,0,0,0,0,0
M,Edwards,4.8,4.8,West Brom,7,0.282,6,0.238,6,0.201,6,0.239,7,0.242,7,0.279,8,0.3,8,0.303
D,Furlong,4.5,4.5,West Brom,58,2.147,53,1.755,54,0.542,55,1.612,53,0.728,54,1.583,54,1.422,49,1.281
M,Field,4.8,4.8,West Brom,0,0,4,0.136,7,0.207,10,0.337,10,0.302,9,0.304,10,0.324,12,0.389
M,Burke,4.4,4.4,Sheffield Utd,21,0.919,19,0.814,21,0.864,21,0.911,23,1.014,21,0.954,20,0.885,21,1.037
D,O'Shea,4.3,4.3,West Brom,24,0.847,31,0.986,31,0.293,30,0.838,32,0.416,35,0.975,39,0.979,36,0.897
M,Harper,4.4,4.4,West Brom,0,0,0,0,1,0.032,0,0,1,0.032,1,0.036,1,0.035,1,0.035
M,Noble,4.7,4.7,West Ham,28,1.206,24,1.092,24,1.193,27,1.056,26,1.273,29,1.277,25,1.074,30,1.593
M,Snodgrass,5.7,5.7,West Ham,9,0.402,7,0.334,6,0.306,7,0.289,9,0.456,8,0.373,8,0.362,10,0.552
G,Martin,4.0,4.0,West Ham,0,0,0,0,0,0,1,0.034,0,0,0,0,1,0.036,1,0.043
G,Randolph,4.4,4.4,West Ham,0,0,0,0,0,0,0,0,1,0.041,1,0.039,0,0,1,0.044
G,Fabianski,5.1,5.1,West Ham,89,3.379,87,3.36,87,3.878,87,3.15,86,3.642,87,3.458,86,3.243,85,3.808
D,Ogbonna,4.9,4.9,West Ham,88,2.263,85,2.303,84,3.339,82,1.533,80,2.822,80,2.318,79,1.98,75,3.078
G,Roberto,4.5,4.5,West Ham,0,0,0,0,0,0,0,0,0,0,0,0,0,0,0,0
M,Wilshere,4.9,4.9,West Ham,0,0,0,0,0,0,0,0,0,0,0,0,0,0,0,0
D,Cresswell,5.2,5.2,West Ham,88,2.626,85,2.709,85,3.959,81,1.777,81,3.376,82,2.781,78,2.282,78,3.769
M,Yarmolenko,5.6,5.6,West Ham,14,0.721,34,1.811,31,1.809,34,1.496,37,2.074,36,1.838,39,1.913,36,2.24
F,Antonio,6.2,6.2,West Ham,30,1.721,52,3.133,69,4.341,68,3.264,69,4.295,67,3.771,65,3.576,66,4.55
D,Fredericks,4.3,4.3,West Ham,12,0.317,13,0.362,14,0.556,14,0.275,16,0.571,19,0.559,21,0.538,18,0.744
M,Lanzini,6.4,6.4,West Ham,17,0.829,17,0.879,17,0.944,22,0.942,20,1.093,20,0.998,24,1.141,19,1.132
M,Felipe Anderson,6.1,6.1,West Ham,0,0,0,0,0,0,0,0,0,0,0,0,0,0,0,0
F,Haller,6.1,6.1,West Ham,53,2.607,30,1.656,20,1.175,18,0.86,18,1.053,20,1.076,23,1.212,21,1.332
D,Masuaku,4.5,4.5,West Ham,79,2.296,74,2.296,75,3.397,71,1.527,71,2.87,73,2.394,71,2.025,71,3.344
D,Balbuena,4.4,4.4,West Ham,88,2.358,86,2.432,82,3.4,82,1.607,80,2.951,78,2.352,78,2.041,80,3.427
F,Hugill,5.5,5.5,West Ham,0,0,0,0,0,0,0,0,0,0,0,0,0,0,0,0
M,Bowen,6.3,6.3,West Ham,56,2.442,52,2.425,52,2.651,54,2.141,53,2.657,53,2.42,50,2.201,52,2.853
M,Diangana,5.4,5.4,West Brom,60,2.462,56,2.273,54,1.746,55,2.222,57,1.905,55,2.23,51,1.926,58,2.199
F,Ajeti,5.5,5.5,West Ham,0,0,0,0,0,0,0,0,0,0,0,0,0,0,0,0
M,Rice,4.8,4.8,West Ham,82,2.406,80,2.428,82,2.733,77,2.153,76,2.491,79,2.403,74,2.215,76,2.668
M,Soucek,4.9,4.9,West Ham,82,2.794,78,2.797,77,3.059,75,2.389,75,2.908,71,2.545,75,2.599,72,3.067
M,Fornals,6.5,6.5,West Ham,67,2.654,66,2.787,64,2.992,62,2.26,61,2.789,62,2.588,61,2.454,60,3.01
D,Diop,4.4,4.4,West Ham,9,0.239,18,0.497,20,0.801,24,0.462,25,0.891,25,0.733,28,0.712,29,1.207
D,Johnson,3.9,3.9,West Ham,1,0.028,2,0.058,3,0.121,4,0.084,4,0.146,5,0.152,5,0.134,6,0.251
G,Ruddy,4.4,4.4,Wolves,0,0,1,0.042,1,0.038,0,0,1,0.039,2,0.075,3,0.127,3,0.124
M,Moutinho,5.2,5.2,Wolves,70,2.082,68,2.394,67,2.121,70,2.484,65,2.093,67,2.064,67,2.276,67,2.291
G,Patrício,5.5,5.5,Wolves,90,3.242,88,3.773,88,3.39,89,4.157,88,3.54,87,3.341,86,3.701,86,3.622
D,Bennett,4.4,4.4,Wolves,0,0,0,0,0,0,0,0,0,0,0,0,0,0,0,0
D,Doherty,5.8,5.8,Spurs,60,2.711,57,2.938,57,1.62,57,2.542,54,2.534,55,3.173,54,2.624,53,2.292
D,Boly,5.5,5.5,Wolves,86,1.786,82,3.103,81,2.293,76,3.311,76,2.406,76,2.085,73,2.713,75,2.644
D,Coady,5.0,5.0,Wolves,85,1.562,80,2.707,78,1.997,77,3.096,77,2.237,75,1.878,73,2.461,74,2.352
F,Jiménez,8.3,8.3,Wolves,0,0,0,0,0,0,0,0,0,0,0,0,0,0,0,0
D,Saïss,5.1,5.1,Wolves,0,0,23,0.925,33,0.971,45,2.05,52,1.684,51,1.421,55,2.107,48,1.759
D,Jonny,5.4,5.4,Wolves,0,0,0,0,0,0,0,0,0,0,0,0,0,0,0,0
F,Bonatini,4.8,4.8,Wolves,0,0,0,0,0,0,0,0,0,0,0,0,0,0,0,0
M,Dendoncker,4.8,4.8,Wolves,74,2.176,71,2.479,72,2.25,71,2.51,71,2.252,70,2.135,65,2.21,70,2.37
M,Traoré,6.2,6.2,Wolves,75,2.608,73,3.187,75,2.828,71,3.11,73,2.769,70,2.547,71,2.888,69,2.892
M,Neves,5.2,5.2,Wolves,69,2.307,69,2.872,67,2.425,65,2.732,65,2.361,62,2.168,64,2.507,66,2.623
D,Buur,3.9,3.9,Wolves,1,0.022,1,0.038,2,0.058,2,0.086,3,0.096,3,0.084,5,0.184,4,0.14
M,Jota,6.8,6.8,Liverpool,37,2.555,34,2.628,36,2.281,34,2.411,37,3.115,36,2.709,36,2.455,39,3.136
M,Podence,5.4,5.4,Wolves,63,2.588,66,3.589,63,2.833,61,3.252,59,2.67,59,2.516,61,3.076,60,3.099
D,Kilman,4.3,4.2,Wolves,48,1.068,46,1.849,36,1.076,38,1.741,37,1.229,38,1.094,39,1.52,37,1.379
D,Vinagre,4.1,4.1,Wolves,0,0,0,0,0,0,0,0,0,0,0,0,0,0,0,0
G,Sarkic,4.4,4.4,Wolves,0,0,0,0,0,0,0,0,0,0,0,0,0,0,0,0
M,Gibbs-White,4.9,4.9,Wolves,0,0,0,0,0,0,0,0,0,0,0,0,0,0,0,0
M,Neto,5.6,5.6,Wolves,69,2.71,64,3.364,66,2.874,66,3.37,65,2.834,65,2.685,65,3.157,63,3.141
M,Jordao,4.4,4.4,Wolves,0,0,0,0,0,0,0,0,0,0,0,0,0,0,0,0
F,Campana,4.8,4.8,Wolves,19,0.782,18,0.892,20,0.869,24,1.125,18,0.779,24,0.993,24,1.1,23,1.087
M,Freeman,5.0,5.0,Sheffield Utd,0,0,0,0,0,0,0,0,0,0,0,0,0,0,0,0
M,Willian,7.6,7.6,Arsenal,67,2.765,68,3.84,57,3.033,54,2.607,56,2.578,55,2.803,53,2.975,53,2.955
D,Salisu,4.3,4.3,Southampton,0,0,10,0.412,18,0.473,27,0.472,27,1.002,27,0.919,31,0.653,29,0.83
M,Sean Longstaff,4.8,4.8,Newcastle,67,2.441,63,2.66,59,2.158,57,2.406,56,1.745,61,2.052,55,2.04,57,2.168
M,Pereira,5.8,5.8,West Brom,72,3.103,65,2.725,67,2.121,65,2.723,69,2.293,62,2.615,64,2.459,63,2.453
G,Hart,4.4,4.4,Spurs,0,0,0,0,1,0.036,0,0,2,0.089,1,0.048,1,0.043,2,0.082
G,Ramsdale,4.8,4.8,Sheffield Utd,90,3.404,88,3.357,88,3.233,88,3.419,88,3.346,87,3.675,87,3.562,87,3.774
D,Robinson,4.4,4.4,Fulham,63,0.595,57,0.936,59,1.849,57,1.811,54,1.602,56,1.052,56,1.843,55,1.225
M,Hendrick,4.8,4.8,Newcastle,50,1.606,47,1.701,40,1.314,40,1.46,41,1.182,41,1.264,42,1.372,42,1.419
D,Dann,4.4,4.4,Crystal Palace,69,2.554,69,1.843,63,1.849,66,1.35,66,1.867,62,1.836,63,2.618,61,1.567
M,Matty Longstaff,4.9,4.9,Newcastle,1,0.037,1,0.04,1,0.037,0,0,0,0,0,0,0,0,0,0
G,Gillespie,4.4,4.4,Newcastle,0,0,0,0,0,0,0,0,0,0,0,0,0,0,0,0
M,Eze,5.8,5.8,Crystal Palace,62,2.946,60,2.394,61,2.612,56,2.206,54,2.339,55,2.383,55,2.688,58,2.299
D,Thiago Silva,5.5,5.5,Chelsea,87,3.545,84,2.848,83,3.387,81,3.402,81,2.704,78,3.193,78,1.833,76,2.53
D,Koch,4.5,4.5,Leeds,88,1.749,81,2.782,74,3.147,75,1.696,75,3.279,73,2.806,70,1.602,74,2.601
F,Rodrigo,5.7,5.7,Leeds,35,1.53,31,1.674,29,1.671,27,1.206,28,1.579,31,1.702,30,1.306,28,1.496
M,Lemina,4.5,4.5,Fulham,35,0.991,37,1.073,37,1.186,37,1.183,35,1.113,38,1.083,40,1.272,40,1.182
D,Gabriel,5.1,5.1,Arsenal,86,2.495,78,4.015,78,3.341,80,2.632,74,2.227,76,3.036,72,3.316,77,3.802
M,van de Beek,6.7,6.7,Man Utd,44,2.013,35,1.385,33,1.597,32,1.608,31,1.354,33,1.542,33,1.648,32,1.627
D,Cash,5.0,5.0,Aston Villa,82,3.151,79,2.293,75,2.935,74,2.51,74,2.766,69,1.164,74,1.452,71,1.687
M,Murphy,4.9,4.9,Newcastle,28,1.073,25,1.091,28,1.076,26,1.131,27,0.893,27,0.968,28,1.075,26,1.028
D,Castagne,5.7,5.7,Leicester,58,2.615,72,3.343,69,2.744,68,2.035,64,2.216,62,2.851,62,2.911,66,2.064
D,Kipre,4.3,4.3,West Brom,0,0,2,0.061,1,0.01,1,0.027,1,0.013,1,0.027,2,0.05,4,0.097
M,Havertz,8.3,8.3,Chelsea,60,3.47,60,3.033,60,2.941,60,3.475,59,2.828,60,3.473,59,2.608,59,2.907
M,Ceballos,4.8,4.8,Arsenal,53,1.718,50,2.066,44,1.702,37,1.316,38,1.32,36,1.342,34,1.371,37,1.509
M,Allan,5.3,5.3,Everton,82,2.27,79,1.991,75,1.937,73,1.956,73,2.054,71,1.751,73,2.024,72,1.958
G,Walton,4.0,4.0,Brighton,0,0,0,0,1,0.041,1,0.044,1,0.038,2,0.076,3,0.125,1,0.035
F,Fabio Silva,5.2,5.2,Wolves,40,1.605,42,2.066,45,1.901,40,1.892,41,1.734,40,1.63,40,1.839,41,1.933
D,Marçal,4.8,4.8,Wolves,53,1.18,51,2.07,51,1.546,49,2.268,47,1.585,52,1.524,50,1.995,50,1.897
F,Wilson,6.5,6.5,Newcastle,83,3.967,78,4.563,78,3.83,76,4.465,72,2.746,74,3.226,73,3.574,73,3.69
M,Fraser,5.6,5.6,Newcastle,0,0,12,0.609,20,0.864,21,1.059,25,0.903,24,0.952,23,0.988,22,0.983
M,Rodríguez,7.8,7.8,Everton,75,4.776,72,3.892,72,3.988,69,4.041,69,4.385,69,3.35,69,4.673,67,3.717
D,Ampadu,4.4,4.4,Sheffield Utd,40,1.134,69,1.929,67,1.648,68,2.025,64,1.806,66,2.363,69,2.336,67,2.666
D,Bogle,4.3,4.3,Sheffield Utd,1,0.031,2,0.061,3,0.082,4,0.129,4,0.124,6,0.23,5,0.18,6,0.254
D,Lowe,4.4,4.4,Sheffield Utd,27,0.796,10,0.298,12,0.318,15,0.472,16,0.478,17,0.636,21,0.744,20,0.823
M,Doucouré,5.3,5.3,Everton,74,2.876,70,2.398,68,2.352,69,2.495,67,2.613,67,2.144,64,2.55,63,2.237
D,Lewis,4.3,4.3,Newcastle,69,1.662,71,2.662,67,1.632,65,2.396,64,0.645,63,1.076,65,1.67,63,2.021
F,Watkins,6.1,6.1,Aston Villa,84,4.873,81,3.62,80,4.458,80,4.325,77,4.145,76,3.177,77,3.262,74,3.333
M,Vitinha,4.8,4.8,Wolves,5,0.181,7,0.295,7,0.266,9,0.379,7,0.266,11,0.404,9,0.361,11,0.447
G,Areola,4.5,4.5,Fulham,89,3.228,88,3.121,89,3.513,87,3.466,87,3.369,87,3.093,88,3.594,86,3.123
D,Tete,4.3,4.3,Fulham,0,0,0,0,27,0.852,41,1.306,56,1.651,58,1.075,57,1.866,57,1.257
M,Mendy,4.5,4.5,Leicester,61,1.831,46,1.445,47,1.415,42,1.188,40,1.175,43,1.339,43,1.355,39,1.131
D,Dunne,4.0,4.0,Burnley,0,0,1,0.025,1,0.027,1,0.034,1,0.027,2,0.077,2,0.078,2,0.033
D,Thomas,4.0,4.0,Burnley,0,0,0,0,0,0,0,0,0,0,1,0.039,1,0.039,0,0
D,Carter-Vickers,3.9,3.9,Spurs,0,0,0,0,0,0,0,0,0,0,0,0,0,0,0,0
D,Woods,4.0,4.0,Crystal Palace,0,0,0,0,0,0,0,0,0,0,0,0,0,0,0,0
G,Forster,4.0,4.0,Southampton,0,0,0,0,1,0.037,2,0.07,1,0.042,2,0.081,2,0.071,1,0.038
M,Tella,4.4,4.4,Southampton,1,0.041,1,0.045,1,0.039,1,0.037,1,0.044,1,0.043,2,0.077,2,0.082
D,Odoi,4.3,4.3,Fulham,8,0.081,12,0.194,8,0.241,6,0.182,5,0.142,5,0.093,5,0.157,6,0.13
M,Elneny,4.4,4.4,Arsenal,55,1.675,58,2.171,49,1.735,44,1.443,42,1.353,40,1.379,40,1.469,43,1.598
G,Macey,4.0,4.0,Arsenal,0,0,0,0,1,0.043,1,0.039,1,0.037,1,0.042,2,0.089,1,0.046
G,Steele,4.0,4.0,Brighton,0,0,0,0,0,0,0,0,0,0,0,0,0,0,0,0
D,Jagielka,4.0,4.0,Sheffield Utd,0,0,0,0,1,0.028,2,0.065,3,0.093,3,0.115,4,0.145,3,0.126
D,Ivanovic,4.5,4.5,West Brom,63,2.3,63,2.051,64,0.612,63,1.808,63,0.833,61,1.751,61,1.579,63,1.609
M,Thiago,5.8,5.8,Liverpool,0,0,0,0,0,0,0,0,0,0,0,0,0,0,0,0
G,Caprile,4.0,4.0,Leeds,0,0,0,0,0,0,0,0,0,0,0,0,1,0.036,0,0
M,Bogusz,4.4,4.4,Leeds,0,0,0,0,0,0,0,0,0,0,0,0,0,0,0,0
D,Inniss,4.0,4.0,Crystal Palace,0,0,0,0,0,0,0,0,0,0,0,0,0,0,0,0
M,Benson,4.5,4.5,Burnley,25,0.922,14,0.489,6,0.222,3,0.111,2,0.074,2,0.079,3,0.123,3,0.101
D,Driscoll-Glennon,4.0,4.0,Burnley,0,0,0,0,0,0,0,0,0,0,1,0.039,0,0,0,0
M,Bernabé,4.5,4.5,Man City,0,0,0,0,0,0,0,0,1,0.057,1,0.049,0,0,1,0.054
G,Steffen,4.5,4.5,Man City,0,0,1,0.04,1,0.05,1,0.044,1,0.05,3,0.125,2,0.078,2,0.094
F,Delap,4.4,4.4,Man City,3,0.242,1,0.06,2,0.159,1,0.067,1,0.077,1,0.066,2,0.118,2,0.145
M,Traoré,5.9,5.9,Aston Villa,51,2.656,44,1.844,39,2.005,39,1.946,38,1.896,40,1.57,38,1.519,40,1.669
M,Ünder,5.9,5.9,Leicester,25,1.242,23,1.195,25,1.246,25,1.048,26,1.185,24,1.187,26,1.339,27,1.202
D,Reguilón,5.6,5.6,Spurs,86,3.597,81,3.903,82,2.086,80,3.307,79,3.426,79,4.297,76,3.426,76,3.022
M,Bale,9.5,9.5,Spurs,33,1.838,35,2.02,34,1.602,36,2.042,40,2.078,37,2.482,35,2.159,34,1.934
M,Gallagher,5.5,5.5,West Brom,72,2.416,66,2.171,65,1.738,63,2.064,65,1.802,64,2.1,64,1.976,59,1.851
D,Hoever,4.5,4.5,Wolves,2,0.044,2,0.074,1,0.029,2,0.085,2,0.063,3,0.084,5,0.182,4,0.139
D,Semedo,5.6,5.6,Wolves,82,1.826,79,3.266,79,2.417,77,3.634,76,2.592,75,2.215,69,2.795,73,2.812
G,Rúnarsson,4.5,4.5,Arsenal,0,0,0,0,1,0.043,1,0.039,1,0.037,0,0,2,0.089,2,0.093
G,Mendy,5.1,5.1,Chelsea,86,3.802,86,3.552,85,3.831,84,3.775,84,3.432,85,3.767,85,3.168,83,3.377
D,Llorente,4.4,4.4,Leeds,0,0,13,0.398,22,0.835,29,0.591,31,1.216,31,1.06,35,0.722,33,1.035
M,Molumby,4.5,4.5,Brighton,6,0.215,3,0.1,3,0.109,3,0.111,2,0.069,3,0.103,4,0.14,3,0.093
M,Goodridge,4.5,4.5,Burnley,7,0.263,4,0.141,2,0.074,1,0.037,0,0,1,0.039,1,0.041,1,0.034
M,Palmer,4.5,4.5,Man City,0,0,0,0,0,0,0,0,1,0.052,1,0.044,0,0,0,0
M,Shabani,4.5,4.5,Wolves,4,0.145,5,0.212,5,0.191,5,0.212,7,0.267,7,0.259,7,0.282,7,0.286
M,Ramsey,4.5,4.5,Aston Villa,5,0.208,4,0.144,3,0.124,3,0.12,2,0.08,2,0.069,3,0.105,3,0.108
M,Krovinovic,5.0,5.0,West Brom,51,1.89,42,1.544,44,1.335,44,1.606,44,1.381,44,1.608,47,1.612,44,1.531
D,Dias,5.6,5.6,Man City,80,4.683,71,2.628,64,3.76,64,2.959,67,3.879,66,2.758,64,2.155,65,3.446
M,Lookman,5.0,5.0,Fulham,48,1.628,51,1.88,49,2.11,46,1.986,49,2.081,49,1.758,46,1.973,45,1.734
D,Coufal,4.6,4.6,West Ham,78,2.292,78,2.439,76,3.439,76,1.649,75,3.046,73,2.404,71,2.047,74,3.488
D,Nkounkou,4.0,4.0,Everton,21,0.839,23,0.588,21,0.577,20,0.632,21,0.813,20,0.376,22,0.786,21,0.712
G,Kelleher,4.5,4.5,Liverpool,0,0,0,0,0,0,0,0,0,0,0,0,0,0,0,0
D,Fofana,5.0,5.0,Leicester,81,3.104,68,2.694,70,2.311,65,1.633,63,1.827,64,2.508,63,2.519,66,1.711
D,Aina,4.5,4.5,Fulham,85,0.747,81,1.284,67,2.083,59,1.861,53,1.558,51,0.948,50,1.645,54,1.188
D,Ait Nouri,5.0,5.0,Wolves,38,0.784,35,1.333,32,0.913,30,1.314,34,1.079,29,0.799,32,1.197,32,1.132
F,Carlos Vinicius,7.0,7.0,Spurs,2,0.113,3,0.173,3,0.149,3,0.173,4,0.21,5,0.328,4,0.247,4,0.231
M,Diallo,4.5,4.5,Southampton,17,0.551,18,0.621,19,0.584,21,0.619,20,0.673,21,0.696,23,0.695,24,0.758
D,Godfrey,5.0,5.0,Everton,55,2.256,47,1.224,49,1.371,47,1.516,46,1.823,49,0.929,44,1.616,45,1.558
M,Partey,5.0,5.0,Arsenal,0,0,0,0,26,0.905,42,1.304,53,1.578,55,1.757,53,1.828,50,1.761
D,Telles,5.5,5.5,Man Utd,65,3.047,59,1.778,47,2.616,36,1.913,30,1.267,32,1.752,35,1.857,37,2.121
F,Cavani,8.0,8.0,Man Utd,40,2.268,25,1.253,26,1.542,28,1.772,28,1.522,31,1.735,29,1.823,25,1.579
M,Raphinha,5.4,5.4,Leeds,57,2.355,52,2.783,53,3.063,50,2.123,49,2.792,52,2.844,56,2.309,53,2.79
D,Andersen,4.5,4.5,Fulham,82,0.705,78,1.196,77,2.332,73,2.242,74,2.112,71,1.267,72,2.294,69,1.469
D,Adarabioyo,4.5,4.5,Fulham,80,0.76,77,1.277,74,2.347,73,2.349,75,2.245,74,1.409,72,2.398,71,1.599
G,Olsen,4.5,4.5,Everton,0,0,0,0,1,0.037,1,0.039,1,0.043,2,0.07,2,0.081,2,0.082
F,Zeqiri,5.0,5.0,Brighton,2,0.104,1,0.046,1,0.054,1,0.054,1,0.049,1,0.048,1,0.049,1,0.041
M,Pellistri,5.3,5.3,Man Utd,1,0.044,0,0,0,0,0,0,0,0,0,0,0,0,0,0
D,Dawson,4.5,4.5,West Ham,2,0.059,2,0.062,3,0.128,4,0.089,4,0.155,5,0.161,7,0.199,7,0.311
D,Clyne,4.5,4.5,Crystal Palace,58,2.061,60,1.548,57,1.606,58,1.135,55,1.494,58,1.646,57,2.275,58,1.434
G,Henderson,4.0,4.0,Crystal Palace,0,0,0,0,0,0,0,0,0,0,0,0,1,0.044,0,0
F,Slimani,5.0,5.0,Leicester,0,0,1,0.072,1,0.069,2,0.113,2,0.126,3,0.201,2,0.142,1,0.062
G,Verrips,4.0,4.0,Sheffield Utd,0,0,0,0,1,0.037,0,0,1,0.038,1,0.042,1,0.041,1,0.043
M,Otasowie,4.5,4.5,Wolves,4,0.125,6,0.205,6,0.192,6,0.206,7,0.225,6,0.188,8,0.266,8,0.267
F,Grant,5.9,5.9,West Brom,52,2.729,51,2.617,50,1.951,49,2.556,49,2.025,47,2.491,48,2.258,49,2.355
G,Norris,4.0,4.0,Burnley,0,0,0,0,0,0,0,0,0,0,0,0,0,0,0,0
D,Rodon,5.0,5.0,Spurs,49,1.901,55,2.454,55,1.32,34,1.29,22,0.9,13,0.628,15,0.61,17,0.618
D,Kongolo,4.3,4.3,Fulham,0,0,0,0,0,0,0,0,0,0,0,0,0,0,0,0
G,Butland,4.5,4.5,Crystal Palace,0,0,0,0,1,0.038,1,0.035,1,0.037,1,0.038,3,0.131,1,0.037
M,Benrahma,6.0,6.0,West Ham,7,0.352,7,0.379,6,0.352,7,0.323,9,0.52,8,0.424,8,0.41,9,0.569
F,Welbeck,5.5,5.5,Brighton,46,2.316,33,1.516,34,1.814,36,1.929,33,1.628,33,1.591,37,1.777,34,1.374
D,Phillips,4.0,4.0,Liverpool,59,2.65,54,2.41,54,1.86,55,2.427,56,2.756,56,2.494,57,2.169,59,2.928
F,N'Lundulu,4.5,4.5,Southampton,4,0.217,5,0.296,4,0.199,4,0.188,5,0.295,6,0.348,6,0.298,6,0.33
