index,ID,Name,Team,Pos,1_Val,1_Pts,1_xMins,1_rp,1_rmin,1_games,2_Val,2_Pts,2_xMins,2_rp,2_rmin,2_games
1,1.0,Fábio Vieira,ARS,3.0,5.5,0.345,4.14,0.0,0.0,0.0,5.5,0.204,2.52,0.0,0.0,0.0
2,2.0,G.Jesus,ARS,4.0,7.0,2.8560000000000003,41.97,0.0,5.0,1.0,6.9,1.569,24.84,0.0,0.0,0.0
3,3.0,Gabriel,ARS,2.0,6.0,4.382,91.55,6.0,90.0,1.0,6.0,3.268,90.98,5.0,90.0,1.0
4,4.0,Havertz,ARS,4.0,8.0,5.349,85.22,12.0,90.0,1.0,8.1,4.117,83.51,2.0,90.0,1.0
5,5.0,Hein,ARS,1.0,4.0,0.0,0.0,0.0,0.0,0.0,4.0,0.0,0.0,0.0,0.0,0.0
6,6.0,J.Timber,ARS,2.0,5.5,0.474,10.91,1.0,21.0,1.0,5.5,1.475,37.29,6.0,79.0,1.0
7,7.0,Jorginho,ARS,3.0,5.0,1.126,25.72,0.0,0.0,0.0,5.0,0.982,24.12,0.0,0.0,0.0
8,8.0,Kiwior,ARS,2.0,5.0,0.172,3.61,0.0,0.0,0.0,5.0,0.309,7.67,0.0,0.0,0.0
9,9.0,Martinelli,ARS,3.0,7.0,3.789,52.23,3.0,90.0,1.0,7.0,3.168,56.05,3.0,64.0,1.0
10,10.0,Nelson,ARS,3.0,5.0,0.266,2.81,0.0,0.0,0.0,5.0,0.163,1.85,1.0,2.0,1.0
11,11.0,Nketiah,NFO,4.0,6.0,0.491,5.18,0.0,0.0,0.0,5.9,0.287,3.15,0.0,0.0,0.0
12,12.0,Nwaneri,ARS,3.0,4.5,0.338,5.35,0.0,0.0,0.0,4.5,0.264,4.17,0.0,0.0,0.0
13,13.0,Ødegaard,ARS,3.0,8.5,5.778,90.66,3.0,90.0,1.0,8.5,4.62,90.44,2.0,90.0,1.0
14,14.0,Ramsdale,ARS,1.0,4.5,0.093,2.08,0.0,0.0,0.0,4.5,0.133,3.36,0.0,0.0,0.0
15,15.0,Raya,ARS,1.0,5.5,4.065,93.28,8.0,90.0,1.0,5.5,3.539,91.4,9.0,90.0,1.0
16,16.0,Rice,ARS,3.0,6.5,3.4,75.95,3.0,84.0,1.0,6.5,3.1860000000000004,85.62,2.0,90.0,1.0
17,17.0,Saka,ARS,3.0,10.0,6.244,79.03,12.0,79.0,1.0,10.0,5.225,87.03,6.0,87.0,1.0
18,18.0,Saliba,ARS,2.0,6.0,4.099,92.04,6.0,90.0,1.0,6.0,3.104,93.85,6.0,90.0,1.0
19,19.0,Smith Rowe,FUL,3.0,5.5,2.789,70.39,3.0,63.0,1.0,5.5,3.622,72.36,10.0,68.0,1.0
20,20.0,Thomas,ARS,3.0,5.0,1.904,46.12,3.0,90.0,1.0,5.0,1.882,53.85,11.0,90.0,1.0
21,21.0,Tierney,ARS,2.0,4.5,0.0,0.0,0.0,0.0,0.0,4.5,0.0,0.0,0.0,0.0,0.0
22,22.0,Tomiyasu,ARS,2.0,5.0,0.0,0.0,0.0,0.0,0.0,4.9,0.0,0.0,0.0,0.0,0.0
23,23.0,Trossard,ARS,3.0,7.0,3.844,51.12,1.0,10.0,1.0,6.9,2.905,47.74,7.0,25.0,1.0
24,24.0,White,ARS,2.0,6.5,4.03,82.94,6.0,90.0,1.0,6.5,3.111,84.81,6.0,90.0,1.0
25,25.0,Zinchenko,ARS,2.0,5.0,3.974,70.12,6.0,68.0,1.0,5.0,2.426,54.34,0.0,0.0,0.0
26,26.0,Alex Moreno,AVL,2.0,4.5,0.879,22.27,0.0,0.0,0.0,4.5,1.41,34.74,0.0,0.0,0.0
27,27.0,Archer,SOU,4.0,5.0,0.919,14.59,1.0,19.0,1.0,5.0,1.746,29.05,1.0,18.0,1.0
28,28.0,Bailey,AVL,3.0,6.5,3.3760000000000003,69.81,1.0,73.0,1.0,6.5,3.429,81.68,2.0,90.0,1.0
29,29.0,Barkley,AVL,3.0,5.5,1.285,27.2,0.0,0.0,0.0,5.4,0.845,18.77,1.0,14.0,1.0
30,30.0,Barrenechea,AVL,3.0,5.0,0.17,4.74,0.0,0.0,0.0,5.0,0.134,3.82,0.0,0.0,0.0
31,31.0,Buendia,AVL,3.0,5.5,0.534,8.7,0.0,0.0,0.0,5.5,0.383,5.92,0.0,0.0,0.0
32,32.0,Cash,AVL,2.0,4.5,2.168,66.18,2.0,81.0,1.0,4.5,1.636,59.36,1.0,15.0,1.0
33,33.0,Dendoncker,AVL,3.0,4.5,0.235,4.62,0.0,0.0,0.0,4.5,0.314,6.7,0.0,0.0,0.0
34,34.0,Diaby,AVL,3.0,6.5,0.0,0.0,0.0,0.0,0.0,6.5,0.0,0.0,0.0,0.0,0.0
35,35.0,Diego Carlos,AVL,2.0,4.5,0.96,32.44,0.0,0.0,0.0,4.5,1.294,56.44,0.0,0.0,0.0
36,36.0,Digne,AVL,2.0,4.5,1.497,39.92,2.0,73.0,1.0,4.5,1.919,64.0,2.0,75.0,1.0
37,37.0,Dobbin,AVL,3.0,5.0,0.0,0.0,0.0,0.0,0.0,5.0,0.0,0.0,0.0,0.0,0.0
38,38.0,Duran,AVL,4.0,6.0,2.153,40.81,6.0,28.0,1.0,6.0,1.166,21.82,1.0,25.0,1.0
39,39.0,Gauci,AVL,1.0,4.0,0.054000000000000006,1.49,0.0,0.0,0.0,4.0,0.0,0.0,0.0,0.0,0.0
40,40.0,Hause,AVL,2.0,4.0,0.0,0.0,0.0,0.0,0.0,4.0,0.036000000000000004,1.49,0.0,0.0,0.0
41,41.0,Iling Jr,AVL,3.0,5.5,0.412,6.84,0.0,0.0,0.0,5.5,0.461,8.47,0.0,0.0,0.0
42,42.0,Kamara,AVL,3.0,5.0,0.0,0.0,0.0,0.0,0.0,5.0,0.0,0.0,0.0,0.0,0.0
43,43.0,Kesler-Hayden,AVL,2.0,4.0,0.0,0.0,0.0,0.0,0.0,4.0,0.0,0.0,0.0,0.0,0.0
44,44.0,Konsa,AVL,2.0,4.5,2.513,92.03,2.0,90.0,1.0,4.5,1.99,85.9,1.0,90.0,1.0
45,45.0,Maatsen,AVL,2.0,5.0,1.23,33.7,1.0,16.0,1.0,5.0,0.861,26.99,1.0,14.0,1.0
46,46.0,Marschall,AVL,1.0,4.0,0.0,0.0,0.0,0.0,0.0,4.0,0.0,0.0,0.0,0.0,0.0
47,47.0,Martinez,AVL,1.0,5.0,3.427,94.7,3.0,90.0,1.0,5.0,3.181,94.08,1.0,90.0,1.0
48,48.0,McGinn,AVL,3.0,5.5,3.149,90.9,2.0,61.0,1.0,5.5,2.7710000000000004,82.54,3.0,64.0,1.0
49,49.0,Mings,AVL,2.0,4.5,0.0,0.0,0.0,0.0,0.0,4.5,0.0,0.0,0.0,0.0,0.0
50,50.0,Nedeljkovic,AVL,2.0,4.0,0.376,10.68,1.0,8.0,1.0,4.0,0.289,9.01,1.0,74.0,1.0
51,51.0,Olsen,AVL,1.0,4.5,0.0,0.0,0.0,0.0,0.0,4.5,0.0,0.0,0.0,0.0,0.0
52,52.0,Pau,AVL,2.0,4.5,2.157,75.09,2.0,90.0,1.0,4.5,1.843,76.22,1.0,90.0,1.0
53,53.0,Ramsey,AVL,3.0,5.5,1.822,39.81,4.0,28.0,1.0,5.5,1.374,30.27,1.0,25.0,1.0
54,54.0,Rogers,AVL,3.0,5.0,3.12,71.07,2.0,90.0,1.0,5.0,3.03,76.44,2.0,90.0,1.0
55,55.0,Sinisalo,AVL,1.0,4.0,0.0,0.0,0.0,0.0,0.0,4.0,0.0,0.0,0.0,0.0,0.0
56,56.0,Sousa,AVL,2.0,4.0,0.0,0.0,0.0,0.0,0.0,4.0,0.0,0.0,0.0,0.0,0.0
57,57.0,Tielemans,AVL,3.0,5.5,2.738,65.4,7.0,90.0,1.0,5.5,2.502,65.39,2.0,90.0,1.0
58,58.0,Watkins,AVL,4.0,9.0,2.81,55.02,2.0,61.0,1.0,9.0,4.119,88.85,2.0,64.0,1.0
59,59.0,Aarons,BOU,2.0,4.5,1.008,28.54,0.0,0.0,0.0,4.5,0.904,27.04,0.0,0.0,0.0
60,60.0,Adams,BOU,3.0,5.0,0.0,0.0,0.0,0.0,0.0,5.0,0.0,0.0,0.0,0.0,0.0
61,61.0,Anthony,BOU,3.0,4.5,0.392,5.76,0.0,0.0,0.0,4.5,0.237,3.13,0.0,0.0,0.0
62,62.0,Brooks,BOU,3.0,5.0,0.0,0.0,0.0,0.0,0.0,5.0,0.0,0.0,0.0,0.0,0.0
63,63.0,Christie,BOU,3.0,5.0,2.571,73.74,1.0,27.0,1.0,5.0,1.928,52.88,2.0,63.0,1.0
64,64.0,Cook,BOU,3.0,5.0,2.591,87.25,1.0,83.0,1.0,5.0,2.627,91.27,2.0,90.0,1.0
65,65.0,Enes Ünal,BOU,4.0,5.5,0.0,0.0,0.0,0.0,0.0,5.5,0.0,0.0,0.0,0.0,0.0
66,66.0,Faivre,BOU,3.0,5.0,0.743,13.39,0.0,0.0,0.0,5.0,0.0,0.0,0.0,0.0,0.0
67,67.0,H.Traorè,BOU,3.0,4.5,0.659,11.51,0.0,0.0,0.0,4.5,0.47,7.7,0.0,0.0,0.0
68,68.0,Hill,BOU,2.0,4.0,0.059,2.15,0.0,0.0,0.0,4.0,0.0,0.0,0.0,0.0,0.0
69,69.0,Jebbison,BOU,4.0,4.5,1.054,17.66,1.0,21.0,1.0,4.5,0.628,10.34,1.0,5.0,1.0
70,70.0,Kerkez,BOU,2.0,4.5,2.67,80.98,1.0,90.0,1.0,4.5,2.362,74.88,2.0,90.0,1.0
71,71.0,Kluivert,BOU,3.0,5.5,3.621,66.87,0.0,26.0,1.0,5.4,2.74,50.92,3.0,71.0,1.0
72,72.0,Mepham,BOU,2.0,4.5,0.174,6.63,0.0,0.0,0.0,4.5,0.04,1.64,0.0,0.0,0.0
73,73.0,Neto,BOU,1.0,4.5,1.422,39.06,4.0,90.0,1.0,4.5,3.1860000000000004,91.2,3.0,90.0,1.0
74,74.0,O.Dango,BOU,3.0,5.0,1.895,39.08,2.0,68.0,1.0,5.0,2.037,42.46,1.0,18.0,1.0
75,75.0,Paulsen,BOU,1.0,4.0,0.0,0.0,0.0,0.0,0.0,4.0,0.0,0.0,0.0,0.0,0.0
76,76.0,Philip,BOU,3.0,5.0,1.011,20.61,1.0,6.0,1.0,5.0,0.9,18.89,0.0,0.0,0.0
77,77.0,Scott,BOU,3.0,5.0,1.811,45.96,2.0,62.0,1.0,5.0,2.235,61.88,1.0,26.0,1.0
78,78.0,Semenyo,BOU,3.0,5.5,3.77,75.21,8.0,90.0,1.0,5.5,3.539,71.62,5.0,90.0,1.0
79,79.0,Senesi,BOU,2.0,5.0,2.6,88.34,0.0,0.0,0.0,5.0,1.269,41.62,1.0,90.0,1.0
80,80.0,Sinisterra,BOU,3.0,5.0,2.55,52.06,2.0,63.0,1.0,5.0,2.225,45.75,1.0,18.0,1.0
81,81.0,Smith,BOU,2.0,4.5,2.119,66.63,2.0,62.0,1.0,4.5,1.406,44.79,1.0,4.0,1.0
82,82.0,Solanke,TOT,4.0,7.5,4.347,79.09,2.0,90.0,1.0,7.5,0.0,0.0,0.0,0.0,0.0
83,83.0,Tavernier,BOU,3.0,5.5,3.4360000000000004,69.77,2.0,90.0,1.0,5.5,2.886,60.22,7.0,84.0,1.0
84,84.0,Travers,BOU,1.0,4.5,1.946,53.2,0.0,0.0,0.0,4.5,0.131,3.63,0.0,0.0,0.0
85,85.0,Zabarnyi,BOU,2.0,4.5,2.366,88.64,2.0,90.0,1.0,4.5,2.14,84.7,2.0,90.0,1.0
86,86.0,Ajer,BRE,2.0,4.5,2.367,70.4,2.0,90.0,1.0,4.5,1.265,67.12,1.0,45.0,1.0
87,87.0,Brierley,BRE,3.0,4.5,0.0,0.0,0.0,0.0,0.0,4.5,0.0,0.0,0.0,0.0,0.0
88,88.0,Collins,BRE,2.0,4.5,2.336,74.51,6.0,90.0,1.0,4.5,1.327,78.32,1.0,45.0,1.0
89,89.0,Damsgaard,BRE,3.0,5.0,2.084,53.25,1.0,16.0,1.0,5.0,1.44,40.31,0.0,0.0,0.0
90,90.0,Dasilva,BRE,3.0,5.0,0.609,13.22,0.0,0.0,0.0,5.0,0.0,0.0,0.0,0.0,0.0
91,91.0,Flekken,BRE,1.0,4.5,3.437,93.14,4.0,90.0,1.0,4.5,3.136,94.42,1.0,45.0,1.0
92,92.0,Henry,BRE,2.0,4.5,0.938,25.44,0.0,0.0,0.0,4.5,0.487,22.73,0.0,0.0,0.0
93,93.0,Hickey,BRE,2.0,4.5,0.0,0.0,0.0,0.0,0.0,4.5,0.0,0.0,0.0,0.0,0.0
94,94.0,Janelt,BRE,3.0,5.0,2.478,73.13,2.0,73.0,1.0,5.0,2.224,81.28,1.0,45.0,1.0
95,95.0,Jensen,BRE,3.0,5.5,2.843,74.44,2.0,83.0,1.0,5.5,2.2,69.67,0.0,45.0,1.0
96,96.0,Ji-soo,BRE,2.0,4.0,0.05,1.77,0.0,0.0,0.0,4.0,0.0,0.0,0.0,0.0,0.0
97,97.0,Konak,BRE,3.0,4.5,0.0,0.0,0.0,0.0,0.0,4.5,0.0,0.0,0.0,0.0,0.0
98,98.0,Lewis-Potter,BRE,3.0,5.0,1.334,28.21,1.0,16.0,1.0,5.0,1.445,35.73,1.0,45.0,1.0
99,99.0,Mbeumo,BRE,3.0,7.0,4.301,77.84,9.0,89.0,1.0,7.0,3.363,80.24,1.0,45.0,1.0
100,100.0,Mee,BRE,2.0,4.5,1.413,38.36,1.0,1.0,1.0,4.5,0.428,19.06,0.0,0.0,0.0
101,101.0,Nørgaard,BRE,3.0,5.0,2.594,82.09,2.0,90.0,1.0,5.0,2.2230000000000003,87.79,0.0,45.0,1.0
102,102.0,Onyeka,BRE,3.0,5.0,0.935,21.23,1.0,6.0,1.0,5.0,0.917,23.67,0.0,0.0,0.0
103,103.0,Peart-Harris,BRE,3.0,4.5,0.0,0.0,0.0,0.0,0.0,4.5,0.0,0.0,0.0,0.0,0.0
104,104.0,Pinnock,BRE,2.0,4.5,2.822,86.12,0.0,90.0,1.0,4.5,1.588,91.51,1.0,45.0,1.0
105,105.0,Roerslev,BRE,2.0,4.5,1.714,44.14,2.0,90.0,1.0,4.5,1.43,68.19,1.0,45.0,1.0
106,106.0,Schade,BRE,3.0,5.5,0.919,16.05,2.0,73.0,1.0,5.5,1.2819999999999998,28.18,0.0,0.0,0.0
107,107.0,Thiago,BRE,4.0,6.0,0.0,0.0,0.0,0.0,0.0,6.0,0.0,0.0,0.0,0.0,0.0
108,108.0,Toney,BRE,4.0,7.5,3.869,66.19,0.0,0.0,0.0,7.4,2.189,49.68,0.0,0.0,0.0
109,109.0,Valdimarsson,BRE,1.0,4.0,0.077,2.07,0.0,0.0,0.0,4.0,0.056,1.7,0.0,0.0,0.0
110,110.0,Wissa,BRE,4.0,6.0,2.432,47.0,11.0,83.0,1.0,6.0,2.471,61.3,1.0,45.0,1.0
111,111.0,Yarmoliuk,BRE,3.0,4.5,0.482,10.43,0.0,0.0,0.0,4.5,0.341,6.62,0.0,0.0,0.0
112,112.0,Zanka,BRE,2.0,4.5,0.0,0.0,0.0,0.0,0.0,4.5,0.0,0.0,0.0,0.0,0.0
113,113.0,Adingra,BHA,3.0,5.5,1.005,18.27,6.0,45.0,1.0,5.5,1.452,26.25,4.0,1.0,1.0
114,114.0,Baker-Boaitey,BHA,3.0,4.5,0.0,0.0,0.0,0.0,0.0,4.5,0.0,0.0,0.0,0.0,0.0
115,115.0,Baleba,BHA,3.0,5.0,1.271,36.76,0.0,0.0,0.0,5.0,1.504,44.46,1.0,17.0,1.0
116,116.0,Barco,BHA,2.0,4.0,2.475,73.63,0.0,0.0,0.0,4.0,0.0,0.0,0.0,0.0,0.0
117,117.0,Buonanotte,LEI,3.0,5.0,1.761,40.09,2.0,78.0,1.0,5.0,1.877,46.31,5.0,70.0,1.0
118,118.0,Cozier-Duberry,BHA,3.0,4.5,0.0,0.0,0.0,0.0,0.0,4.5,0.0,0.0,0.0,0.0,0.0
119,119.0,Dahoud,BHA,3.0,5.0,0.0,0.0,0.0,0.0,0.0,5.0,0.101,1.35,0.0,0.0,0.0
120,120.0,Dunk,BHA,2.0,4.5,2.695,92.12,6.0,75.0,1.0,4.5,2.928,90.36,2.0,90.0,1.0
121,121.0,Enciso,BHA,3.0,5.5,0.0,0.0,0.0,0.0,0.0,5.4,0.117,1.48,1.0,11.0,1.0
122,122.0,Estupiñan,BHA,2.0,5.0,0.904,22.74,0.0,0.0,0.0,5.0,0.8340000000000001,19.29,0.0,0.0,0.0
123,123.0,Ferguson,BHA,4.0,5.5,0.465,7.54,0.0,0.0,0.0,5.5,0.35700000000000004,4.91,0.0,0.0,0.0
124,124.0,Gilmour,BHA,3.0,5.0,0.138,2.65,1.0,8.0,1.0,5.0,0.26,5.25,2.0,89.0,1.0
125,125.0,Gross,BHA,3.0,6.5,0.0,0.0,0.0,0.0,0.0,6.5,0.0,0.0,0.0,0.0,0.0
126,126.0,Hinshelwood,BHA,3.0,5.0,1.499,36.7,3.0,90.0,1.0,5.0,2.521,66.94,2.0,90.0,1.0
127,127.0,I.Osman,BHA,3.0,5.0,0.0,0.0,0.0,0.0,0.0,5.0,0.0,0.0,0.0,0.0,0.0
128,128.0,Igor,BHA,2.0,4.5,0.479,15.51,0.0,0.0,0.0,4.5,1.219,37.99,0.0,0.0,0.0
129,129.0,João Pedro,BHA,4.0,5.5,3.245,61.97,2.0,81.0,1.0,5.5,4.1,74.11,8.0,90.0,1.0
130,130.0,Kozlowski,BHA,3.0,4.5,0.0,0.0,0.0,0.0,0.0,4.5,0.0,0.0,0.0,0.0,0.0
131,131.0,Lamptey,BHA,2.0,4.5,0.29600000000000004,7.91,0.0,0.0,0.0,4.5,0.484,11.37,0.0,0.0,0.0
132,132.0,March,BHA,3.0,6.5,0.0,0.0,0.0,0.0,0.0,6.5,0.0,0.0,0.0,0.0,0.0
133,133.0,Mazilu,BHA,3.0,4.5,0.0,0.0,0.0,0.0,0.0,4.5,0.0,0.0,0.0,0.0,0.0
134,134.0,Milner,BHA,3.0,5.0,1.275,34.76,2.0,81.0,1.0,5.0,2.018,58.43,2.0,72.0,1.0
135,135.0,Minteh,BHA,3.0,5.5,3.448,75.81,4.0,45.0,1.0,5.5,3.2030000000000003,65.9,2.0,89.0,1.0
136,136.0,Mitoma,BHA,3.0,6.5,3.524,83.61,8.0,88.0,1.0,6.5,3.597,80.87,5.0,89.0,1.0
137,137.0,Moder,BHA,3.0,4.5,0.542,12.36,0.0,0.0,0.0,4.5,0.261,4.1,0.0,0.0,0.0
138,138.0,O’Mahony,BHA,4.0,4.5,0.211,3.52,0.0,0.0,0.0,4.5,0.134,2.04,0.0,0.0,0.0
139,139.0,Offiah,BHA,2.0,4.0,0.0,0.0,0.0,0.0,0.0,4.0,0.0,0.0,0.0,0.0,0.0
140,140.0,Peupion,BHA,3.0,4.5,0.0,0.0,0.0,0.0,0.0,4.5,0.0,0.0,0.0,0.0,0.0
141,141.0,Sarmiento,BHA,3.0,5.0,0.4920000000000001,8.37,1.0,8.0,1.0,5.0,0.264,3.54,0.0,0.0,0.0
142,142.0,Steele,BHA,1.0,4.5,3.39,93.1,7.0,90.0,1.0,4.5,3.298,89.31,2.0,90.0,1.0
143,143.0,Undav,BHA,4.0,5.5,0.0,0.0,0.0,0.0,0.0,5.5,0.0,0.0,0.0,0.0,0.0
144,144.0,Van Hecke,BHA,2.0,4.5,2.369,88.5,6.0,90.0,1.0,4.5,2.564,88.85,1.0,90.0,1.0
145,145.0,Veltman,BHA,2.0,4.5,1.994,62.39,8.0,90.0,1.0,4.5,2.226,68.02,2.0,90.0,1.0
146,146.0,Verbruggen,BHA,1.0,4.5,0.0,0.0,0.0,0.0,0.0,4.5,0.0,0.0,0.0,0.0,0.0
147,147.0,Webster,BHA,2.0,4.5,0.094,3.03,1.0,14.0,1.0,4.5,0.238,7.1,0.0,0.0,0.0
148,148.0,Welbeck,BHA,4.0,5.5,3.05,62.76,12.0,90.0,1.0,5.5,2.139,36.89,9.0,78.0,1.0
149,149.0,Wieffer,BHA,3.0,5.0,2.55,89.28,6.0,90.0,1.0,5.0,2.695,88.35,0.0,0.0,0.0
150,150.0,Andrey Santos,CHE,3.0,4.5,0.0,0.0,0.0,0.0,0.0,4.5,0.0,0.0,0.0,0.0,0.0
151,151.0,Ângelo,CHE,3.0,4.5,0.0,0.0,0.0,0.0,0.0,4.5,0.0,0.0,0.0,0.0,0.0
152,152.0,Arrizabalaga,CHE,1.0,4.5,0.0,0.0,0.0,0.0,0.0,4.5,0.0,0.0,0.0,0.0,0.0
153,153.0,B.Badiashile,CHE,2.0,4.5,1.1,54.32,0.0,0.0,0.0,4.5,1.1,30.94,0.0,0.0,0.0
154,154.0,Bergström,CHE,1.0,4.0,0.0,0.0,0.0,0.0,0.0,4.0,0.0,0.0,0.0,0.0,0.0
155,155.0,Bettinelli,CHE,1.0,4.0,0.0,0.0,0.0,0.0,0.0,4.0,0.0,0.0,0.0,0.0,0.0
156,156.0,Broja,CHE,4.0,5.5,0.436,6.7,0.0,0.0,0.0,5.5,0.0,0.0,0.0,0.0,0.0
157,157.0,Caicedo,CHE,3.0,5.0,1.92,72.73,1.0,90.0,1.0,5.0,1.4169999999999998,45.81,2.0,75.0,1.0
158,158.0,Casadei,CHE,3.0,4.5,0.0,0.0,0.0,0.0,0.0,4.5,0.0,0.0,0.0,0.0,0.0
159,159.0,Chalobah,CHE,2.0,4.5,0.623,28.72,0.0,0.0,0.0,4.5,0.0,0.0,0.0,0.0,0.0
160,160.0,Chilwell,CHE,2.0,5.0,0.46,14.62,0.0,0.0,0.0,5.0,0.0,0.0,0.0,0.0,0.0
161,161.0,Chukwuemeka,CHE,3.0,5.0,0.237,3.66,0.0,0.0,0.0,5.0,0.438,7.54,0.0,0.0,0.0
162,162.0,Colwill,CHE,2.0,4.5,1.193,53.68,1.0,90.0,1.0,4.5,2.547,73.76,1.0,90.0,1.0
163,163.0,Cucurella,CHE,2.0,5.0,1.487,72.56,2.0,79.0,1.0,5.0,3.073,86.86,0.0,82.0,1.0
164,164.0,D.D.Fofana,CHE,4.0,5.5,0.0,0.0,0.0,0.0,0.0,5.5,0.0,0.0,0.0,0.0,0.0
165,165.0,Deivid,CHE,4.0,5.0,0.0,0.0,0.0,0.0,0.0,5.0,0.0,0.0,0.0,0.0,0.0
166,166.0,Dewsbury-Hall,CHE,3.0,6.0,0.615,15.31,1.0,24.0,1.0,6.0,1.327,29.94,1.0,14.0,1.0
167,167.0,Disasi,CHE,2.0,4.5,0.4970000000000001,23.07,0.0,0.0,0.0,4.5,0.557,16.15,0.0,0.0,0.0
168,168.0,Enzo,CHE,3.0,5.0,2.509,85.93,2.0,90.0,1.0,5.0,3.015,87.62,2.0,90.0,1.0
169,169.0,Gallagher,CHE,3.0,6.0,0.325,8.4,0.0,0.0,0.0,5.9,0.0,0.0,0.0,0.0,0.0
170,170.0,Gilchrist,CHE,2.0,4.0,0.0,0.0,0.0,0.0,0.0,4.0,0.0,0.0,0.0,0.0,0.0
171,171.0,Gusto,CHE,2.0,5.0,1.838,81.69,1.0,90.0,1.0,5.0,3.3310000000000004,90.59,0.0,90.0,1.0
172,172.0,James,CHE,2.0,5.0,0.0,0.0,0.0,0.0,0.0,5.0,0.0,0.0,0.0,0.0,0.0
173,173.0,Kellyman,CHE,3.0,4.5,0.0,0.0,0.0,0.0,0.0,4.5,0.0,0.0,0.0,0.0,0.0
174,174.0,Lavia,CHE,3.0,4.5,1.129,34.42,2.0,65.0,1.0,4.5,1.6880000000000002,50.1,0.0,0.0,0.0
175,175.0,Lukaku,CHE,4.0,6.5,0.0,0.0,0.0,0.0,0.0,6.4,0.0,0.0,0.0,0.0,0.0
176,176.0,M.Sarr,CHE,2.0,4.5,0.0,0.0,0.0,0.0,0.0,4.5,0.0,0.0,0.0,0.0,0.0
177,177.0,Madueke,CHE,3.0,6.5,1.5719999999999998,33.34,0.0,0.0,0.0,6.4,1.414,24.27,17.0,90.0,1.0
178,178.0,Marc Guiu,CHE,4.0,5.0,0.163,2.04,1.0,24.0,1.0,5.0,0.35200000000000004,4.36,0.0,0.0,0.0
179,179.0,Mudryk,CHE,3.0,6.5,1.4580000000000002,31.33,0.0,0.0,0.0,6.5,1.431,25.34,1.0,45.0,1.0
180,180.0,N.Jackson,CHE,4.0,7.5,1.982,45.82,2.0,65.0,1.0,7.5,2.852,55.07,9.0,67.0,1.0
181,181.0,Nkunku,CHE,3.0,6.5,3.63,78.47,1.0,57.0,1.0,6.5,3.889,65.22,1.0,7.0,1.0
182,182.0,Palmer,CHE,3.0,10.5,4.303,81.05,2.0,90.0,1.0,10.5,5.6560000000000015,84.23,15.0,82.0,1.0
183,183.0,Petrović,CHE,1.0,4.5,0.0,0.0,0.0,0.0,0.0,4.5,0.0,0.0,0.0,0.0,0.0
184,184.0,Renato Veiga,CHE,3.0,4.5,0.0,0.0,1.0,10.0,1.0,4.5,0.123,2.28,1.0,7.0,1.0
185,185.0,Sánchez,CHE,1.0,4.5,2.29,69.35,2.0,90.0,1.0,4.5,3.468,92.92,1.0,90.0,1.0
186,186.0,Sterling,CHE,3.0,7.0,1.342,27.75,0.0,0.0,0.0,6.9,0.0,0.0,0.0,0.0,0.0
187,187.0,Tosin,CHE,2.0,4.5,0.608,27.65,0.0,0.0,0.0,4.5,0.5379999999999999,15.7,0.0,0.0,0.0
188,188.0,Ugochukwu,SOU,3.0,4.5,0.114,1.76,0.0,0.0,0.0,4.5,1.364,40.47,0.0,0.0,0.0
189,189.0,W.Fofana,CHE,2.0,4.5,1.036,50.97,1.0,90.0,1.0,4.5,2.508,75.46,1.0,90.0,1.0
190,190.0,Ahamada,CRY,3.0,4.5,0.154,2.77,0.0,0.0,0.0,4.5,0.119,2.02,0.0,0.0,0.0
191,191.0,Andersen,CRY,2.0,4.5,2.633,89.08,0.0,90.0,1.0,4.5,0.0,0.0,0.0,0.0,0.0
192,192.0,J.Ayew,CRY,3.0,5.5,1.609,29.75,0.0,20.0,1.0,5.5,1.5730000000000002,27.25,1.0,27.0,1.0
193,193.0,C.Doucouré,CRY,3.0,5.0,1.161,30.33,1.0,6.0,1.0,5.0,1.274,32.57,0.0,0.0,0.0
194,194.0,C.Richards,CRY,2.0,4.5,1.855,64.05,0.0,83.0,1.0,4.5,2.718,77.4,1.0,81.0,1.0
195,195.0,Chadi Riad,CRY,2.0,4.5,0.173,6.2,0.0,0.0,0.0,4.5,1.683,45.42,1.0,90.0,1.0
196,196.0,Clyne,CRY,2.0,4.5,0.487,14.11,0.0,0.0,0.0,4.5,0.925,23.59,0.0,0.0,0.0
197,197.0,Ebiowei,CRY,3.0,4.5,0.0,0.0,0.0,0.0,0.0,4.5,0.0,0.0,0.0,0.0,0.0
198,198.0,Edouard,CRY,4.0,5.5,3.626,70.09,1.0,45.0,1.0,5.5,1.88,29.96,2.0,70.0,1.0
199,199.0,Eze,CRY,3.0,7.0,4.8610000000000015,85.5,2.0,90.0,1.0,7.0,5.2860000000000005,83.06,2.0,90.0,1.0
200,200.0,Guéhi,CRY,2.0,4.5,2.64,91.82,0.0,90.0,1.0,4.5,3.18,91.77,1.0,90.0,1.0
201,201.0,Henderson,CRY,1.0,4.5,3.205,88.35,2.0,90.0,1.0,4.5,3.52,92.91,1.0,90.0,1.0
202,202.0,Holding,CRY,2.0,4.5,0.099,3.61,0.0,0.0,0.0,4.5,0.215,6.71,0.0,0.0,0.0
203,203.0,Hughes,CRY,3.0,5.0,0.6809999999999999,16.18,2.0,83.0,1.0,5.0,0.693,15.86,0.0,0.0,0.0
204,204.0,Johnstone,CRY,1.0,4.5,0.243,6.65,0.0,0.0,0.0,4.5,0.131,3.33,0.0,0.0,0.0
205,205.0,Kamada,CRY,3.0,5.5,2.749,57.62,1.0,69.0,1.0,5.5,3.205,61.46,1.0,27.0,1.0
206,206.0,Lerma,CRY,3.0,5.0,1.76,54.98,1.0,16.0,1.0,5.0,1.971,57.29,2.0,62.0,1.0
207,207.0,Mateta,CRY,4.0,7.5,1.2,18.2,1.0,45.0,1.0,7.5,4.455,76.75,2.0,90.0,1.0
208,208.0,M.França,CRY,3.0,4.5,0.0,0.0,0.0,0.0,0.0,4.5,0.0,0.0,0.0,0.0,0.0
209,209.0,Matthews,CRY,1.0,4.0,0.0,0.0,0.0,0.0,0.0,4.0,0.0,0.0,0.0,0.0,0.0
210,210.0,Mitchell,CRY,2.0,5.0,2.676,86.03,1.0,90.0,1.0,5.0,3.069,82.94,1.0,90.0,1.0
211,211.0,Muñoz,CRY,2.0,5.0,2.8680000000000003,89.6,4.0,90.0,1.0,5.0,3.377,86.89,1.0,90.0,1.0
212,212.0,Ozoh,CRY,3.0,4.5,0.0,0.0,0.0,0.0,0.0,4.5,0.0,0.0,0.0,0.0,0.0
213,213.0,Rak-Sakyi,CRY,3.0,4.5,0.306,4.21,0.0,0.0,0.0,4.5,0.0,0.0,0.0,0.0,0.0
214,214.0,Schlupp,CRY,3.0,5.0,0.344,5.39,0.0,0.0,0.0,5.0,0.416,6.82,1.0,8.0,1.0
215,215.0,Ward,CRY,2.0,4.5,0.127,4.82,0.0,0.0,0.0,4.5,0.299,8.22,0.0,0.0,0.0
216,216.0,Wharton,CRY,3.0,5.0,2.5,74.72,2.0,73.0,1.0,5.0,2.9530000000000003,80.56,2.0,90.0,1.0
217,217.0,A.Doucoure,EVE,3.0,5.5,3.393,83.63,2.0,62.0,1.0,5.5,2.81,83.54,1.0,56.0,1.0
218,218.0,Beto,EVE,4.0,5.0,1.7619999999999998,28.21,1.0,14.0,1.0,5.0,1.263,23.3,1.0,18.0,1.0
219,219.0,Branthwaite,EVE,2.0,5.0,0.0,0.0,0.0,0.0,0.0,5.0,0.0,0.0,0.0,0.0,0.0
220,220.0,Calvert-Lewin,EVE,4.0,6.0,3.934,66.74,2.0,75.0,1.0,6.0,3.092,66.77,2.0,71.0,1.0
221,221.0,Coleman,EVE,2.0,4.5,0.0,0.0,0.0,0.0,0.0,4.5,0.0,0.0,0.0,0.0,0.0
222,222.0,Gana,EVE,3.0,5.0,2.575,85.28,2.0,90.0,1.0,5.0,2.306,88.46,2.0,90.0,1.0
223,223.0,Garner,EVE,3.0,5.0,0.0,0.0,0.0,0.0,0.0,5.0,0.0,0.0,0.0,0.0,0.0
224,224.0,Harrison,EVE,3.0,5.5,3.488,72.47,2.0,84.0,1.0,5.5,2.849,73.05,1.0,56.0,1.0
225,225.0,Holgate,EVE,2.0,4.0,0.8859999999999999,24.1,1.0,5.0,1.0,4.0,1.839,90.08,0.0,0.0,0.0
226,226.0,Iroegbunam,EVE,3.0,4.5,2.115,60.55,2.0,90.0,1.0,4.5,2.222,77.4,2.0,90.0,1.0
227,227.0,J.Virginia,EVE,1.0,4.0,0.0,0.0,0.0,0.0,0.0,4.0,0.0,0.0,0.0,0.0,0.0
228,228.0,Keane,EVE,2.0,4.0,0.616,16.83,1.0,90.0,1.0,4.0,1.496,61.84,0.0,90.0,1.0
229,229.0,Maupay,EVE,4.0,5.0,1.329,22.59,0.0,0.0,0.0,5.0,1.3159999999999998,28.15,0.0,0.0,0.0
230,230.0,McNeil,EVE,3.0,5.5,4.1,86.09,2.0,90.0,1.0,5.5,3.182,84.37,2.0,90.0,1.0
231,231.0,Mykolenko,EVE,2.0,4.5,3.198,90.87,1.0,90.0,1.0,4.5,2.082,92.93,0.0,90.0,1.0
232,232.0,Ndiaye,EVE,4.0,5.5,2.479,53.43,1.0,27.0,1.0,5.5,1.938,47.1,1.0,33.0,1.0
233,233.0,Onana,AVL,3.0,5.0,1.737,51.03,10.0,90.0,1.0,5.0,2.062,67.56,1.0,75.0,1.0
234,234.0,Patterson,EVE,2.0,4.5,0.0,0.0,0.0,0.0,0.0,4.5,0.0,0.0,0.0,0.0,0.0
235,235.0,Pickford,EVE,1.0,5.0,3.44,91.27,1.0,90.0,1.0,5.0,3.104,93.3,1.0,90.0,1.0
236,236.0,Tarkowski,EVE,2.0,5.0,2.997,94.89,0.0,90.0,1.0,5.0,1.272,62.65,0.0,90.0,1.0
237,237.0,Y. Chermiti,EVE,4.0,5.0,0.0,0.0,0.0,0.0,0.0,5.0,0.0,0.0,0.0,0.0,0.0
238,238.0,Young,EVE,2.0,4.5,2.801,74.66,-2.0,65.0,1.0,4.5,0.0,0.0,0.0,0.0,0.0
239,239.0,Adama,FUL,3.0,5.0,2.572,60.93,3.0,77.0,1.0,5.0,3.483,65.44,5.0,68.0,1.0
240,240.0,Andreas,FUL,3.0,5.5,3.325,80.99,1.0,90.0,1.0,5.5,3.983,73.52,2.0,85.0,1.0
241,241.0,Bassey,FUL,2.0,4.5,1.906,88.18,1.0,90.0,1.0,4.5,3.158,89.57,2.0,90.0,1.0
242,242.0,Benda,FUL,1.0,4.0,0.04,1.13,0.0,0.0,0.0,4.0,0.0,0.0,0.0,0.0,0.0
243,243.0,Cairney,FUL,3.0,5.0,1.404,34.59,0.0,26.0,1.0,5.0,0.63,12.28,0.0,21.0,1.0
244,244.0,Castagne,FUL,2.0,4.5,2.124,82.84,0.0,0.0,0.0,4.5,2.337,56.03,0.0,0.0,0.0
245,245.0,Diop,FUL,2.0,4.5,1.905,89.32,2.0,90.0,1.0,4.5,3.138,89.27,2.0,90.0,1.0
246,246.0,Harris,FUL,3.0,4.5,0.0,0.0,0.0,0.0,0.0,4.5,0.0,0.0,0.0,0.0,0.0
247,247.0,Iwobi,FUL,3.0,5.5,3.269,87.6,2.0,90.0,1.0,5.5,4.022,83.22,9.0,90.0,1.0
248,248.0,Leno,FUL,1.0,5.0,3.253,94.24,3.0,90.0,1.0,5.0,3.69,93.75,3.0,90.0,1.0
249,249.0,Lukić,FUL,3.0,5.0,2.28,71.03,2.0,90.0,1.0,5.0,2.317,59.36,2.0,90.0,1.0
250,250.0,Mbabu,FUL,2.0,4.0,0.14,5.84,0.0,0.0,0.0,4.0,0.199,5.87,0.0,0.0,0.0
251,251.0,Muniz,FUL,4.0,6.0,3.597,78.03,2.0,77.0,1.0,6.1,4.532,78.23,2.0,79.0,1.0
252,252.0,Raúl,FUL,4.0,5.5,1.371,24.13,1.0,12.0,1.0,5.5,1.487,20.5,1.0,10.0,1.0
253,253.0,Ream,FUL,2.0,4.5,0.0,0.0,0.0,0.0,0.0,4.5,0.0,0.0,0.0,0.0,0.0
254,254.0,Reed,FUL,3.0,5.0,1.077,29.5,1.0,1.0,1.0,5.0,0.8009999999999999,18.41,1.0,4.0,1.0
255,255.0,Robinson,FUL,2.0,4.5,2.084,83.98,2.0,90.0,1.0,4.5,3.48,86.95,6.0,90.0,1.0
256,256.0,Stansfield,FUL,4.0,5.0,0.0,0.0,1.0,1.0,1.0,5.0,0.0,0.0,0.0,0.0,0.0
257,257.0,Tete,FUL,2.0,4.5,0.293,9.21,2.0,90.0,1.0,4.5,2.21,53.86,2.0,90.0,1.0
258,258.0,Vinicius,FUL,4.0,5.0,0.21600000000000005,2.77,0.0,0.0,0.0,5.0,0.37,4.54,0.0,0.0,0.0
259,259.0,Wilson,FUL,3.0,5.5,1.624,34.72,1.0,12.0,1.0,5.5,1.753,28.73,0.0,21.0,1.0
260,260.0,Al-Hamadi,IPS,4.0,5.0,0.8029999999999999,14.59,1.0,16.0,1.0,5.0,0.458,8.48,0.0,7.0,1.0
261,261.0,Baggott,IPS,2.0,4.0,0.0,0.0,0.0,0.0,0.0,4.0,0.0,0.0,0.0,0.0,0.0
262,262.0,Broadhead,IPS,3.0,5.0,0.0,0.0,0.0,0.0,0.0,5.0,0.0,0.0,0.0,0.0,0.0
263,263.0,Burgess,IPS,2.0,4.0,0.943,56.67,0.0,0.0,0.0,4.0,0.13699999999999998,33.0,0.0,0.0,0.0
264,264.0,Burns,IPS,3.0,5.0,2.278,60.45,0.0,56.0,1.0,5.0,0.0,0.0,0.0,0.0,0.0
265,265.0,Chaplin,IPS,3.0,5.5,2.531,56.19,2.0,64.0,1.0,5.5,1.943,53.62,1.0,1.0,1.0
266,266.0,Clarke,IPS,2.0,4.0,0.0,0.0,0.0,0.0,0.0,4.0,0.0,0.0,0.0,0.0,0.0
267,267.0,Davis,IPS,2.0,4.5,1.767,83.05,1.0,90.0,1.0,4.5,0.469,87.48,0.0,90.0,1.0
268,268.0,Delap,IPS,4.0,5.5,2.872,73.7,2.0,73.0,1.0,5.5,2.26,66.26,2.0,82.0,1.0
269,269.0,Edmundson,IPS,2.0,4.0,0.255,12.97,0.0,0.0,0.0,4.0,0.069,9.91,1.0,1.0,1.0
270,270.0,Greaves,IPS,2.0,4.0,1.113,69.06,1.0,90.0,1.0,4.0,0.152,87.09,0.0,90.0,1.0
271,271.0,Harness,IPS,3.0,5.0,2.115,54.6,1.0,25.0,1.0,5.0,1.476,42.27,1.0,18.0,1.0
272,272.0,Hirst,IPS,4.0,5.5,0.0,0.0,0.0,0.0,0.0,5.5,0.0,0.0,0.0,0.0,0.0
273,273.0,Humphreys,IPS,3.0,4.5,0.0,0.0,0.0,0.0,0.0,4.5,0.0,0.0,0.0,0.0,0.0
274,274.0,Hutchinson,IPS,3.0,5.5,2.964,80.68,1.0,90.0,1.0,5.5,2.287,76.85,2.0,88.0,1.0
275,275.0,Johnson,IPS,2.0,4.0,1.513,77.03,0.0,33.0,1.0,4.0,0.33,87.32,3.0,90.0,1.0
276,276.0,Ladapo,IPS,4.0,4.5,0.8,15.04,0.0,0.0,0.0,4.5,0.48,9.57,0.0,0.0,0.0
277,277.0,Luongo,IPS,3.0,4.5,1.722,60.58,2.0,64.0,1.0,4.5,1.571,59.5,2.0,71.0,1.0
278,278.0,Morsy,IPS,3.0,5.0,2.005,81.96,2.0,90.0,1.0,5.0,1.818,84.83,1.0,90.0,1.0
279,279.0,Ndaba,IPS,2.0,4.0,0.0,0.0,0.0,0.0,0.0,4.0,0.0,0.0,0.0,0.0,0.0
280,280.0,Slicker,IPS,1.0,4.0,0.0,0.0,0.0,0.0,0.0,4.0,0.056,1.61,0.0,0.0,0.0
281,281.0,Taylor,IPS,3.0,5.0,0.435,9.42,1.0,25.0,1.0,5.0,0.488,12.68,1.0,18.0,1.0
282,282.0,Tuanzebe,IPS,2.0,4.0,0.7340000000000001,35.93,1.0,73.0,1.0,4.0,0.223,71.88,0.0,88.0,1.0
283,283.0,Walton,IPS,1.0,4.5,0.0,0.0,2.0,90.0,1.0,4.5,0.8809999999999999,25.65,0.0,0.0,0.0
284,284.0,Woolfenden,IPS,2.0,4.0,0.726,46.89,0.0,90.0,1.0,4.0,0.113,72.8,0.0,90.0,1.0
285,285.0,B.Soumaré,LEI,3.0,4.5,0.996,34.54,1.0,11.0,1.0,4.5,0.49,15.52,0.0,0.0,0.0
286,286.0,Cannon,LEI,4.0,4.5,2.919,58.44,0.0,0.0,0.0,4.5,0.8740000000000001,14.91,0.0,0.0,0.0
287,287.0,Choudhury,LEI,3.0,4.5,1.347,46.81,0.0,0.0,0.0,4.5,0.743,23.04,0.0,0.0,0.0
288,288.0,Coady,LEI,2.0,4.0,0.0,0.0,0.0,0.0,0.0,4.0,0.0,0.0,0.0,0.0,0.0
289,289.0,Daka,LEI,4.0,5.0,0.0,0.0,0.0,0.0,0.0,5.0,0.0,0.0,0.0,0.0,0.0
290,290.0,De Cordova-Reid,LEI,3.0,5.5,2.508,55.08,2.0,85.0,1.0,5.5,2.8160000000000003,69.9,2.0,62.0,1.0
291,291.0,Faes,LEI,2.0,4.0,2.268,89.37,1.0,90.0,1.0,4.0,2.217,93.7,7.0,90.0,1.0
292,292.0,Golding,LEI,3.0,4.5,0.0,0.0,0.0,0.0,0.0,4.5,0.0,0.0,0.0,0.0,0.0
293,293.0,Hermansen,LEI,1.0,4.5,3.259,93.31,3.0,90.0,1.0,4.5,3.294,94.48,2.0,90.0,1.0
294,294.0,Iversen,LEI,1.0,4.0,0.0,0.0,0.0,0.0,0.0,4.0,0.063,1.78,0.0,0.0,0.0
295,295.0,Justin,LEI,2.0,4.5,1.335,44.76,2.0,90.0,1.0,4.5,1.903,70.84,1.0,90.0,1.0
296,296.0,Kristiansen,LEI,2.0,4.5,1.672,55.53,2.0,90.0,1.0,4.5,1.88,69.91,0.0,84.0,1.0
297,297.0,Marcal,LEI,3.0,4.5,0.392,6.04,0.0,0.0,0.0,4.5,0.35600000000000004,5.53,0.0,0.0,0.0
298,298.0,Mavididi,LEI,3.0,5.5,4.24,78.06,1.0,11.0,1.0,5.5,1.391,25.95,1.0,19.0,1.0
299,299.0,McAteer,LEI,3.0,5.0,1.043,18.46,1.0,4.0,1.0,5.0,0.855,15.88,1.0,5.0,1.0
300,300.0,Ndidi,LEI,3.0,5.0,2.347,75.32,2.0,90.0,1.0,5.0,2.209,71.38,2.0,90.0,1.0
301,301.0,Okoli,LEI,2.0,4.0,1.878,76.14,0.0,0.0,0.0,4.0,0.552,21.74,0.0,0.0,0.0
302,302.0,Ricardo,LEI,2.0,4.5,1.469,48.83,0.0,0.0,0.0,4.5,0.76,24.93,0.0,0.0,0.0
303,303.0,Souttar,LEI,2.0,4.0,0.0,0.0,0.0,0.0,0.0,4.0,0.0,0.0,0.0,0.0,0.0
304,304.0,Stolarczyk,LEI,1.0,4.0,0.0,0.0,0.0,0.0,0.0,4.0,0.0,0.0,0.0,0.0,0.0
305,305.0,Thomas,LEI,2.0,4.0,0.726,22.27,0.0,0.0,0.0,4.0,0.514,16.34,0.0,0.0,0.0
306,306.0,Vardy,LEI,4.0,5.5,0.185,2.87,8.0,78.0,1.0,5.6,3.783,79.09,2.0,70.0,1.0
307,307.0,Vestergaard,LEI,2.0,4.0,0.921,34.43,2.0,90.0,1.0,4.0,1.662,69.93,0.0,90.0,1.0
308,308.0,Ward,LEI,1.0,4.0,0.0,0.0,0.0,0.0,0.0,4.0,0.0,0.0,0.0,0.0,0.0
309,309.0,Winks,LEI,3.0,4.5,2.412,90.62,2.0,90.0,1.0,4.5,2.421,90.66,2.0,90.0,1.0
310,310.0,A.Becker,LIV,1.0,5.5,3.93,92.68,7.0,90.0,1.0,5.5,3.948,94.52,1.0,45.0,1.0
311,311.0,Alexander-Arnold,LIV,2.0,7.0,4.668,80.63,8.0,76.0,1.0,7.0,4.599,80.55,1.0,45.0,1.0
312,312.0,Bajcetic,LIV,3.0,4.5,0.162,3.0,0.0,0.0,0.0,4.5,0.0,0.0,0.0,0.0,0.0
313,313.0,Bradley,LIV,2.0,5.0,0.532,10.38,1.0,13.0,1.0,5.0,0.752,15.38,0.0,0.0,0.0
314,314.0,Carvalho,BRE,3.0,5.0,1.651,30.82,1.0,6.0,1.0,5.0,1.094,23.8,0.0,0.0,0.0
315,315.0,Clark,LIV,3.0,4.5,0.0,0.0,0.0,0.0,0.0,4.5,0.0,0.0,0.0,0.0,0.0
316,316.0,Darwin,LIV,4.0,7.5,2.537,38.64,0.0,0.0,0.0,7.4,2.2430000000000003,33.13,0.0,0.0,0.0
317,317.0,Diogo J.,LIV,3.0,7.5,4.992,73.38,8.0,78.0,1.0,7.6,4.887,70.81,4.0,45.0,1.0
318,318.0,Doak,LIV,3.0,4.5,0.0,0.0,0.0,0.0,0.0,4.5,0.0,0.0,0.0,0.0,0.0
319,319.0,Elliott,LIV,3.0,5.5,1.56,27.17,0.0,0.0,0.0,5.4,1.429,25.22,0.0,0.0,0.0
320,320.0,Endo,LIV,3.0,5.0,1.23,29.19,0.0,0.0,0.0,4.9,0.7859999999999999,17.9,0.0,0.0,0.0
321,321.0,Gakpo,LIV,4.0,7.5,1.827,27.61,0.0,11.0,1.0,7.4,1.868,28.22,0.0,0.0,0.0
322,322.0,Gomez,LIV,2.0,5.0,0.161,4.71,0.0,0.0,0.0,5.0,0.173,5.13,0.0,0.0,0.0
323,323.0,Gravenberch,LIV,3.0,5.0,1.936,44.22,3.0,90.0,1.0,5.0,2.499,59.62,0.0,45.0,1.0
324,324.0,Jones,LIV,3.0,5.5,1.148,22.41,0.0,0.0,0.0,5.5,0.987,19.28,0.0,0.0,0.0
325,325.0,Kelleher,LIV,1.0,4.5,0.065,1.51,0.0,0.0,0.0,4.5,0.12,2.85,0.0,0.0,0.0
326,326.0,Konaté,LIV,2.0,5.0,0.718,17.86,1.0,45.0,1.0,5.0,3.145,76.02,1.0,45.0,1.0
327,327.0,Luis Díaz,LIV,3.0,7.5,3.691,60.35,3.0,90.0,1.0,7.5,3.975,66.08,6.0,45.0,1.0
328,328.0,M.Salah,LIV,3.0,12.5,6.497999999999998,85.45,14.0,90.0,1.0,12.5,6.8870000000000005,90.69,1.0,45.0,1.0
329,329.0,Mac Allister,LIV,3.0,6.5,3.663,88.19,3.0,90.0,1.0,6.5,3.391,83.94,1.0,45.0,1.0
330,330.0,McConnell,LIV,3.0,4.5,0.0,0.0,0.0,0.0,0.0,4.5,0.0,0.0,0.0,0.0,0.0
331,331.0,Morton,LIV,3.0,4.5,0.0,0.0,0.0,0.0,0.0,4.5,0.0,0.0,0.0,0.0,0.0
332,332.0,N.Phillips,LIV,2.0,4.0,0.0,0.0,0.0,0.0,0.0,4.0,0.0,0.0,0.0,0.0,0.0
333,333.0,Quansah,LIV,2.0,4.5,3.1830000000000003,74.04,1.0,45.0,1.0,4.4,0.61,14.04,0.0,0.0,0.0
334,334.0,R.Williams,LIV,2.0,4.0,0.0,0.0,0.0,0.0,0.0,4.0,0.0,0.0,0.0,0.0,0.0
335,335.0,Robertson,LIV,2.0,6.0,1.703,31.44,6.0,78.0,1.0,6.0,4.2810000000000015,78.45,1.0,45.0,1.0
336,336.0,Szoboszlai,LIV,3.0,6.5,3.704,66.17,7.0,90.0,1.0,6.5,3.915,69.27,0.0,45.0,1.0
337,337.0,Tsimikas,LIV,2.0,5.0,3.386,65.0,1.0,11.0,1.0,4.9,0.635,12.8,0.0,0.0,0.0
338,338.0,Van den Berg,BRE,2.0,4.0,0.0,0.0,0.0,0.0,0.0,4.0,0.42,22.24,0.0,0.0,0.0
339,339.0,Virgil,LIV,2.0,6.0,3.916,89.43,6.0,90.0,1.0,6.0,3.909,92.63,1.0,45.0,1.0
340,340.0,Akanji,MCI,2.0,5.5,2.616,68.18,6.0,90.0,1.0,5.5,4.2860000000000005,75.2,2.0,90.0,1.0
341,341.0,Aké,MCI,2.0,5.5,2.491,60.87,0.0,0.0,0.0,5.5,1.6569999999999998,27.73,0.0,0.0,0.0
342,342.0,Bernardo,MCI,3.0,6.5,3.718,83.54,6.0,90.0,1.0,6.6,3.679,60.37,2.0,90.0,1.0
343,343.0,Bobb,MCI,3.0,5.0,0.0,0.0,0.0,0.0,0.0,4.9,0.0,0.0,0.0,0.0,0.0
344,344.0,Carson,MCI,1.0,4.0,0.0,0.0,0.0,0.0,0.0,4.0,0.0,0.0,0.0,0.0,0.0
345,345.0,De Bruyne,MCI,3.0,9.5,3.247,53.6,3.0,90.0,1.0,9.5,6.428,68.92,12.0,89.0,1.0
346,346.0,Doku,MCI,3.0,6.5,3.977,72.81,3.0,90.0,1.0,6.5,5.191,64.06,2.0,70.0,1.0
347,347.0,Ederson M.,MCI,1.0,5.5,3.662,92.51,8.0,90.0,1.0,5.5,4.292,88.19,2.0,90.0,1.0
348,348.0,Foden,MCI,3.0,9.5,2.55,37.12,1.0,45.0,1.0,9.5,7.234,77.04,0.0,0.0,0.0
349,349.0,Grealish,MCI,3.0,6.5,0.7340000000000001,11.97,0.0,0.0,0.0,6.5,2.354,29.44,0.0,19.0,1.0
350,350.0,Gvardiol,MCI,2.0,6.0,3.464,83.57,7.0,90.0,1.0,6.0,5.154,80.89,2.0,90.0,1.0
351,351.0,Haaland,MCI,4.0,15.0,6.723,89.68,7.0,90.0,1.0,15.0,9.835,88.64,17.0,89.0,1.0
352,352.0,J.Alvarez,MCI,4.0,7.0,0.0,0.0,0.0,0.0,0.0,7.0,0.0,0.0,0.0,0.0,0.0
353,353.0,João Cancelo,MCI,2.0,5.5,0.0,0.0,0.0,0.0,0.0,5.4,0.0,0.0,0.0,0.0,0.0
354,354.0,Kovačić,MCI,3.0,5.5,2.769,79.0,11.0,90.0,1.0,5.5,3.185,67.72,1.0,49.0,1.0
355,355.0,Lewis,MCI,2.0,4.5,2.802,64.73,6.0,90.0,1.0,4.5,3.992,62.52,2.0,90.0,1.0
356,356.0,Matheus N.,MCI,3.0,5.0,2.428,54.54,0.0,0.0,0.0,5.0,1.401,22.21,1.0,1.0,1.0
357,357.0,McAtee,MCI,3.0,5.0,1.758,27.39,0.0,0.0,0.0,5.0,0.735,7.6,1.0,1.0,1.0
358,358.0,Ortega Moreno,MCI,1.0,5.5,0.179,4.44,0.0,0.0,0.0,5.5,0.05,1.01,0.0,0.0,0.0
359,359.0,Phillips,IPS,3.0,5.0,1.26,39.18,0.0,0.0,0.0,5.0,0.0,0.0,0.0,0.0,0.0
360,360.0,Rodrigo,MCI,3.0,6.5,0.08199999999999999,1.95,0.0,0.0,0.0,6.4,0.585,10.98,0.0,0.0,0.0
361,361.0,Rúben,MCI,2.0,5.5,2.925,77.14,6.0,90.0,1.0,5.5,4.369,76.59,1.0,90.0,1.0
362,362.0,Stones,MCI,2.0,5.5,0.857,21.59,0.0,0.0,0.0,5.5,0.804,15.27,1.0,40.0,1.0
363,363.0,Walker,MCI,2.0,5.5,0.8740000000000001,21.54,0.0,0.0,0.0,5.5,2.345,38.35,0.0,0.0,0.0
364,364.0,Amad,MUN,3.0,5.0,2.532,42.4,3.0,60.0,1.0,5.0,1.869,35.56,6.0,89.0,1.0
365,365.0,Antony,MUN,3.0,6.0,0.969,15.75,0.0,0.0,0.0,5.9,0.561,9.44,1.0,1.0,1.0
366,366.0,B.Fernandes,MUN,3.0,8.5,5.516,86.74,3.0,90.0,1.0,8.5,4.64,90.1,2.0,78.0,1.0
367,367.0,Bayindir,MUN,1.0,4.5,0.0,0.0,0.0,0.0,0.0,4.5,0.053,1.45,0.0,0.0,0.0
368,368.0,Casemiro,MUN,3.0,5.0,2.689,83.26,3.0,90.0,1.0,5.0,2.423,83.66,2.0,90.0,1.0
369,369.0,Dalot,MUN,2.0,5.0,3.6010000000000004,91.65,7.0,90.0,1.0,5.0,2.819,91.73,2.0,90.0,1.0
370,370.0,Eriksen,MUN,3.0,5.5,0.353,4.9,0.0,0.0,0.0,5.5,0.281,4.06,0.0,0.0,0.0
371,371.0,Evans,MUN,2.0,4.5,0.252,6.96,1.0,9.0,1.0,4.5,0.175,5.64,0.0,0.0,0.0
372,372.0,Garnacho,MUN,3.0,6.5,4.215,81.76,4.0,29.0,1.0,6.5,3.5210000000000004,78.23,1.0,25.0,1.0
373,373.0,Hannibal,MUN,3.0,4.5,0.102,1.21,0.0,0.0,0.0,4.5,0.0,0.0,0.0,0.0,0.0
374,374.0,Heaton,MUN,1.0,4.0,0.0,0.0,0.0,0.0,0.0,4.0,0.0,0.0,0.0,0.0,0.0
375,375.0,Højlund,MUN,4.0,7.0,0.0,0.0,0.0,0.0,0.0,7.0,0.0,0.0,0.0,0.0,0.0
376,376.0,Lindelof,MUN,2.0,4.5,1.2009999999999998,31.19,0.0,0.0,0.0,4.5,0.0,0.0,0.0,0.0,0.0
377,377.0,Maguire,MUN,2.0,5.0,2.7060000000000004,72.37,5.0,80.0,1.0,5.0,1.761,60.1,2.0,78.0,1.0
378,378.0,Mainoo,MUN,3.0,5.5,2.7510000000000003,78.73,3.0,83.0,1.0,5.5,2.518,81.74,1.0,90.0,1.0
379,379.0,Malacia,MUN,2.0,4.5,0.0,0.0,0.0,0.0,0.0,4.5,0.0,0.0,0.0,0.0,0.0
380,380.0,Martinez,MUN,2.0,4.5,2.984,78.1,7.0,90.0,1.0,4.5,2.485,84.23,1.0,90.0,1.0
381,381.0,McTominay,MUN,3.0,5.0,1.295,28.15,1.0,6.0,1.0,5.0,1.063,26.34,1.0,11.0,1.0
382,382.0,Mount,MUN,3.0,6.5,1.99,35.47,2.0,60.0,1.0,6.5,1.49,29.88,1.0,45.0,1.0
383,383.0,Onana,MUN,1.0,5.0,3.642,94.05,6.0,90.0,1.0,5.0,3.411,93.82,1.0,90.0,1.0
384,384.0,Pellistri,MUN,3.0,5.0,0.0,0.0,0.0,0.0,0.0,5.0,0.0,0.0,0.0,0.0,0.0
385,385.0,Rashford,MUN,3.0,7.0,4.591,72.66,3.0,90.0,1.0,7.0,3.609,65.91,2.0,64.0,1.0
386,386.0,Sancho,MUN,3.0,6.5,0.588,10.0,0.0,0.0,0.0,6.4,0.55,9.45,0.0,0.0,0.0
387,387.0,Shaw,MUN,2.0,5.0,0.0,0.0,0.0,0.0,0.0,4.9,0.0,0.0,0.0,0.0,0.0
388,388.0,Wan-Bissaka,WHU,2.0,4.5,1.96,61.18,0.0,0.0,0.0,4.5,1.638,62.12,1.0,28.0,1.0
389,389.0,Zirkzee,MUN,4.0,7.0,2.26,37.52,8.0,29.0,1.0,7.1,2.684,51.17,1.0,45.0,1.0
390,390.0,A.Murphy,NEW,2.0,4.0,0.0,0.0,0.0,0.0,0.0,4.0,0.0,0.0,0.0,0.0,0.0
391,391.0,Almirón,NEW,3.0,6.0,1.098,16.66,0.0,0.0,0.0,5.9,0.922,16.13,1.0,1.0,1.0
392,392.0,Barnes,NEW,3.0,6.5,2.268,32.95,1.0,20.0,1.0,6.5,1.726,30.22,4.0,32.0,1.0
393,393.0,Botman,NEW,2.0,4.5,0.0,0.0,0.0,0.0,0.0,4.5,0.0,0.0,0.0,0.0,0.0
394,394.0,Bruno G.,NEW,3.0,6.5,3.751,90.04,3.0,90.0,1.0,6.5,3.139,90.86,2.0,90.0,1.0
395,395.0,Burn,NEW,2.0,4.5,3.591,80.92,5.0,90.0,1.0,4.5,2.881,89.61,1.0,90.0,1.0
396,396.0,Dúbravka,NEW,1.0,4.5,0.0,0.0,0.0,0.0,0.0,4.4,0.0,0.0,0.0,0.0,0.0
397,397.0,Fraser,NEW,3.0,5.0,0.0,0.0,0.0,0.0,0.0,5.0,0.0,0.0,0.0,0.0,0.0
398,398.0,Gordon,NEW,3.0,7.5,4.839,79.39,3.0,69.0,1.0,7.5,4.2780000000000005,86.22,7.0,88.0,1.0
399,399.0,Hall,NEW,2.0,4.5,3.59,69.26,5.0,69.0,1.0,4.5,2.687,70.28,1.0,21.0,1.0
400,400.0,Hayden,NEW,3.0,4.5,0.464,10.1,0.0,0.0,0.0,4.5,0.8240000000000001,20.78,0.0,0.0,0.0
401,401.0,Isak,NEW,4.0,8.5,6.4689999999999985,89.08,5.0,90.0,1.0,8.5,5.029,87.68,2.0,90.0,1.0
402,402.0,J.Murphy,NEW,3.0,5.5,3.754,62.81,1.0,29.0,1.0,5.5,3.395,71.81,1.0,57.0,1.0
403,403.0,Joelinton,NEW,3.0,6.0,2.905,59.3,11.0,90.0,1.0,6.0,2.68,69.36,1.0,90.0,1.0
404,404.0,Kelly,NEW,2.0,4.5,2.064,47.21,1.0,20.0,1.0,4.5,1.1840000000000002,34.45,2.0,68.0,1.0
405,405.0,Krafth,NEW,2.0,4.5,0.863,20.51,6.0,60.0,1.0,4.5,1.971,62.19,2.0,90.0,1.0
406,406.0,Kuol,NEW,3.0,4.5,0.0,0.0,0.0,0.0,0.0,4.5,0.0,0.0,0.0,0.0,0.0
407,407.0,Lascelles,NEW,2.0,4.5,0.0,0.0,0.0,0.0,0.0,4.5,0.0,0.0,0.0,0.0,0.0
408,408.0,Lewis,NEW,2.0,4.0,0.052000000000000005,1.01,0.0,0.0,0.0,4.0,0.1,2.42,0.0,0.0,0.0
409,409.0,Livramento,NEW,2.0,4.5,2.24,44.91,7.0,90.0,1.0,4.5,2.753,75.85,1.0,57.0,1.0
410,410.0,Longstaff,NEW,3.0,5.0,2.688,70.54,3.0,90.0,1.0,5.0,2.541,78.85,2.0,69.0,1.0
411,411.0,Miley,NEW,3.0,5.0,0.0,0.0,0.0,0.0,0.0,5.0,0.0,0.0,0.0,0.0,0.0
412,412.0,Odysseas,NEW,1.0,4.5,0.056,1.31,0.0,0.0,0.0,4.5,0.052000000000000005,1.37,0.0,0.0,0.0
413,413.0,Pope,NEW,1.0,5.0,3.905,93.02,9.0,90.0,1.0,5.0,3.575,95.0,3.0,90.0,1.0
414,414.0,Ruddy,NEW,1.0,4.0,0.0,0.0,0.0,0.0,0.0,4.0,0.0,0.0,0.0,0.0,0.0
415,415.0,Schär,NEW,2.0,5.5,3.053,64.68,-2.0,27.0,1.0,5.4,0.0,0.0,0.0,0.0,0.0
416,416.0,Targett,NEW,2.0,4.0,0.0,0.0,0.0,0.0,0.0,4.0,0.133,3.35,0.0,0.0,0.0
417,417.0,Tonali,NEW,3.0,5.5,0.0,0.0,0.0,0.0,0.0,5.5,0.0,0.0,0.0,0.0,0.0
418,418.0,Trippier,NEW,2.0,6.0,2.9760000000000004,53.68,0.0,0.0,0.0,5.9,1.167,28.0,1.0,32.0,1.0
419,419.0,White,NEW,3.0,4.5,0.0,0.0,0.0,0.0,0.0,4.5,0.0,0.0,0.0,0.0,0.0
420,420.0,Willock,NEW,3.0,5.0,2.1180000000000003,40.13,0.0,0.0,0.0,5.0,1.556,32.22,1.0,20.0,1.0
421,421.0,Wilson,NEW,4.0,7.0,0.0,0.0,0.0,0.0,0.0,7.0,0.0,0.0,0.0,0.0,0.0
422,422.0,Aina,NFO,2.0,4.5,2.9960000000000004,85.35,1.0,53.0,1.0,4.5,1.474,41.38,9.0,90.0,1.0
423,423.0,Anderson,NFO,3.0,5.0,1.817,43.14,1.0,18.0,1.0,5.0,1.94,47.39,3.0,74.0,1.0
424,424.0,Awoniyi,NFO,4.0,6.0,1.039,15.25,1.0,18.0,1.0,6.0,1.394,22.12,1.0,14.0,1.0
425,425.0,Boly,NFO,2.0,4.5,2.016,56.1,2.0,90.0,1.0,4.5,1.3869999999999998,40.73,1.0,1.0,1.0
426,426.0,Bowler,NFO,3.0,4.5,0.0,0.0,0.0,0.0,0.0,4.5,0.289,3.8,0.0,0.0,0.0
427,427.0,C.Miguel,NFO,1.0,4.5,0.086,2.31,0.0,0.0,0.0,4.4,0.0,0.0,0.0,0.0,0.0
428,428.0,Da Silva Moreira,NFO,3.0,4.5,0.0,0.0,0.0,0.0,0.0,4.5,0.236,3.22,0.0,0.0,0.0
429,429.0,Danilo,NFO,3.0,5.0,1.831,48.13,1.0,14.0,1.0,4.9,0.0,0.0,0.0,0.0,0.0
430,430.0,Dennis,NFO,4.0,5.0,0.106,1.18,0.0,0.0,0.0,5.0,0.379,5.32,0.0,0.0,0.0
431,431.0,Dominguez,NFO,3.0,5.0,0.974,21.53,1.0,36.0,1.0,5.0,1.483,36.56,0.0,15.0,1.0
432,432.0,Elanga,NFO,3.0,5.5,3.176,65.28,1.0,53.0,1.0,5.5,1.903,39.71,3.0,90.0,1.0
433,433.0,Gibbs-White,NFO,3.0,6.5,4.368,80.91,2.0,90.0,1.0,6.5,4.242,83.28,11.0,90.0,1.0
434,434.0,Hudson-Odoi,NFO,3.0,5.5,3.5,73.07,3.0,71.0,1.0,5.5,3.358,75.53,3.0,90.0,1.0
435,435.0,Mighten,NFO,3.0,4.5,0.0,0.0,0.0,0.0,0.0,4.5,0.0,0.0,0.0,0.0,0.0
436,436.0,Murillo,NFO,2.0,4.5,2.8680000000000003,90.37,2.0,90.0,1.0,4.5,2.62,88.08,7.0,90.0,1.0
437,437.0,N.Williams,NFO,2.0,4.5,3.008,84.45,1.0,90.0,1.0,4.5,2.6010000000000004,77.58,7.0,90.0,1.0
438,438.0,O.Richards,NFO,2.0,4.5,0.0,0.0,0.0,0.0,0.0,4.5,0.0,0.0,0.0,0.0,0.0
439,439.0,O'Brien,NFO,3.0,5.0,0.0,0.0,0.0,0.0,0.0,5.0,0.0,0.0,0.0,0.0,0.0
440,440.0,Omobamidele,NFO,2.0,4.5,0.315,10.26,0.0,0.0,0.0,4.5,0.221,7.24,0.0,0.0,0.0
441,441.0,Panzo,NFO,2.0,4.0,0.0,0.0,0.0,0.0,0.0,4.0,0.0,0.0,0.0,0.0,0.0
442,442.0,Sangaré,NFO,3.0,4.5,2.239,70.32,2.0,90.0,1.0,4.5,2.33,78.71,2.0,65.0,1.0
443,443.0,Sels,NFO,1.0,4.5,3.451,93.86,3.0,90.0,1.0,4.5,3.3360000000000003,91.35,6.0,90.0,1.0
444,444.0,Toffolo,NFO,2.0,4.5,0.601,16.45,1.0,36.0,1.0,4.5,1.4,38.3,0.0,0.0,0.0
445,445.0,Turner,NFO,1.0,4.0,0.0,0.0,0.0,0.0,0.0,4.0,0.0,0.0,0.0,0.0,0.0
446,446.0,Ui-jo,NFO,4.0,4.5,0.0,0.0,0.0,0.0,0.0,4.5,0.0,0.0,0.0,0.0,0.0
447,447.0,Wood,NFO,4.0,6.0,4.334,84.64,9.0,71.0,1.0,6.1,4.131,81.05,1.0,75.0,1.0
448,448.0,Worrall,NFO,2.0,4.5,0.0,0.0,0.0,0.0,0.0,4.5,0.0,0.0,0.0,0.0,0.0
449,449.0,Yates,NFO,3.0,5.0,1.116,28.6,7.0,75.0,1.0,5.0,1.861,55.12,1.0,24.0,1.0
450,450.0,Alcaraz,SOU,3.0,5.0,2.491,68.56,1.0,9.0,1.0,5.0,1.645,31.84,0.0,0.0,0.0
451,451.0,Amo-Ameyaw,SOU,3.0,4.5,0.0,0.0,1.0,9.0,1.0,4.5,0.0,0.0,0.0,0.0,0.0
452,452.0,Aribo,SOU,3.0,5.0,2.346,77.59,2.0,69.0,1.0,5.0,2.51,66.85,2.0,75.0,1.0
453,453.0,Armstrong,SOU,4.0,5.5,3.293,77.47,2.0,90.0,1.0,5.5,4.3,73.76,1.0,71.0,1.0
454,454.0,Bazunu,SOU,1.0,4.5,0.0,0.0,0.0,0.0,0.0,4.5,0.0,0.0,0.0,0.0,0.0
455,455.0,Bednarek,SOU,2.0,4.0,1.075,66.64,2.0,80.0,1.0,4.0,2.7260000000000004,90.3,1.0,90.0,1.0
456,456.0,Bella-Kotchap,SOU,2.0,4.0,1.19,63.84,0.0,0.0,0.0,4.0,0.444,12.88,0.0,0.0,0.0
457,457.0,Bree,SOU,2.0,4.0,0.104,3.39,0.0,0.0,0.0,4.0,0.404,9.86,0.0,0.0,0.0
458,458.0,Charles,SOU,3.0,4.5,0.516,13.98,0.0,0.0,0.0,4.5,0.14,2.13,0.0,0.0,0.0
459,459.0,Edozie,SOU,3.0,5.0,1.11,23.53,0.0,45.0,1.0,5.0,0.532,8.51,1.0,19.0,1.0
460,460.0,Edwards,SOU,2.0,4.0,0.0,0.0,0.0,0.0,0.0,4.0,0.0,0.0,0.0,0.0,0.0
461,461.0,Harwood-Bellis,SOU,2.0,4.0,1.381,79.92,1.0,90.0,1.0,4.0,2.779,87.49,2.0,75.0,1.0
462,462.0,Kamaldeen,SOU,3.0,5.0,0.0,0.0,0.0,0.0,0.0,5.0,0.0,0.0,0.0,0.0,0.0
463,463.0,Lallana,SOU,3.0,5.0,0.0,0.0,0.0,0.0,0.0,5.0,0.122,2.2,0.0,0.0,0.0
464,464.0,Larios,SOU,2.0,4.0,0.0,0.0,0.0,0.0,0.0,4.0,0.0,0.0,0.0,0.0,0.0
465,465.0,Lis,SOU,1.0,4.0,0.0,0.0,0.0,0.0,0.0,4.0,0.0,0.0,0.0,0.0,0.0
466,466.0,Lumley,SOU,1.0,4.0,0.0,0.0,0.0,0.0,0.0,4.0,0.107,2.89,0.0,0.0,0.0
467,467.0,Manning,SOU,2.0,4.5,0.33,11.89,0.0,0.0,0.0,4.5,0.823,19.57,0.0,0.0,0.0
468,468.0,Mara,SOU,4.0,5.0,1.365,30.21,0.0,0.0,0.0,5.0,0.623,9.68,0.0,0.0,0.0
469,469.0,McCarthy,SOU,1.0,4.5,3.096,92.74,2.0,90.0,1.0,4.5,3.404,92.25,4.0,90.0,1.0
470,470.0,Onuachu,SOU,4.0,5.0,0.22,2.95,0.0,0.0,0.0,5.0,0.0,0.0,0.0,0.0,0.0
471,471.0,Smallbone,SOU,3.0,5.0,2.399,77.77,2.0,90.0,1.0,5.0,2.951,76.13,2.0,83.0,1.0
472,472.0,Stephens,SOU,2.0,4.0,0.221,11.34,1.0,90.0,1.0,4.0,1.622,50.81,2.0,90.0,1.0
473,473.0,Stewart,SOU,4.0,4.5,0.0,0.0,0.0,0.0,0.0,4.5,0.0,0.0,0.0,0.0,0.0
474,474.0,Sugawara,SOU,2.0,4.5,1.598,70.14,1.0,45.0,1.0,4.5,2.999,70.74,2.0,71.0,1.0
475,475.0,Taylor,SOU,2.0,4.0,0.737,36.26,0.0,0.0,0.0,4.0,0.982,28.76,1.0,14.0,1.0
476,476.0,Walker-Peters,SOU,2.0,4.5,1.404,74.91,2.0,80.0,1.0,4.5,3.0380000000000003,86.25,2.0,90.0,1.0
477,477.0,Wood,SOU,2.0,4.0,0.0,0.0,0.0,0.0,0.0,4.0,0.0,0.0,0.0,0.0,0.0
478,478.0,A.Phillips,TOT,2.0,4.0,0.0,0.0,0.0,0.0,0.0,4.0,0.0,0.0,0.0,0.0,0.0
479,479.0,Austin,TOT,1.0,4.0,0.0,0.0,0.0,0.0,0.0,4.0,0.0,0.0,0.0,0.0,0.0
480,480.0,Bentancur,TOT,3.0,5.0,2.189,66.34,1.0,77.0,1.0,5.0,0.0,0.0,0.0,0.0,0.0
481,481.0,Bergvall,TOT,3.0,4.5,0.185,3.32,1.0,12.0,1.0,4.5,1.394,24.76,1.0,11.0,1.0
482,482.0,Bissouma,TOT,3.0,5.0,0.17800000000000002,4.43,0.0,0.0,0.0,5.0,1.22,32.3,9.0,72.0,1.0
483,483.0,Bryan,TOT,3.0,5.0,0.0,0.0,0.0,0.0,0.0,5.0,0.0,0.0,0.0,0.0,0.0
484,484.0,Davies,TOT,2.0,4.5,0.304,9.29,0.0,0.0,0.0,4.5,0.26,7.56,0.0,0.0,0.0
485,485.0,Devine,TOT,3.0,4.5,0.0,0.0,0.0,0.0,0.0,4.5,0.0,0.0,0.0,0.0,0.0
486,486.0,Dragusin,TOT,2.0,4.5,0.35700000000000004,9.98,0.0,0.0,0.0,4.5,0.657,16.54,0.0,0.0,0.0
487,487.0,E.Royal,TOT,2.0,4.5,0.0,0.0,0.0,0.0,0.0,4.5,0.0,0.0,0.0,0.0,0.0
488,488.0,Forster,TOT,1.0,4.5,0.0,0.0,0.0,0.0,0.0,4.5,0.0,0.0,0.0,0.0,0.0
489,489.0,Gray,TOT,3.0,5.0,0.117,3.61,1.0,12.0,1.0,5.0,1.264,38.27,1.0,17.0,1.0
490,490.0,Højbjerg,TOT,3.0,5.0,0.0,0.0,0.0,0.0,0.0,5.0,0.0,0.0,0.0,0.0,0.0
491,491.0,Johnson,TOT,3.0,6.5,3.019,57.7,2.0,77.0,1.0,6.5,3.773,66.73,3.0,90.0,1.0
492,492.0,Kulusevski,TOT,3.0,6.5,2.9210000000000003,62.19,1.0,11.0,1.0,6.5,3.398,62.49,6.0,66.0,1.0
493,493.0,Lo Celso,TOT,3.0,5.0,0.606,11.86,0.0,0.0,0.0,5.0,0.7020000000000001,13.05,0.0,0.0,0.0
494,494.0,Maddison,TOT,3.0,7.5,3.648,66.78,5.0,78.0,1.0,7.5,3.759,66.6,6.0,78.0,1.0
495,495.0,Pedro Porro,TOT,2.0,5.5,3.972,90.58,9.0,90.0,1.0,5.5,4.192,82.6,6.0,90.0,1.0
496,496.0,Reguilón,TOT,2.0,4.5,0.46,10.64,0.0,0.0,0.0,4.5,0.261,5.72,0.0,0.0,0.0
497,497.0,Richarlison,TOT,4.0,7.0,1.267,20.72,1.0,1.0,1.0,7.0,2.721,44.2,1.0,24.0,1.0
498,498.0,Romero,TOT,2.0,5.0,3.003,92.06,2.0,90.0,1.0,5.0,3.3560000000000003,88.89,14.0,90.0,1.0
499,499.0,P.M.Sarr,TOT,3.0,5.0,2.4330000000000003,70.46,2.0,77.0,1.0,5.0,2.66,72.18,1.0,23.0,1.0
500,500.0,Scarlett,TOT,4.0,4.5,0.0,0.0,0.0,0.0,0.0,4.5,0.0,0.0,0.0,0.0,0.0
501,501.0,Skipp,LEI,3.0,5.0,0.64,16.24,0.0,0.0,0.0,5.0,1.02,29.68,1.0,19.0,1.0
502,502.0,Solomon,TOT,3.0,5.5,0.289,3.64,0.0,0.0,0.0,5.5,0.636,9.12,0.0,0.0,0.0
503,503.0,Son,TOT,3.0,10.0,5.013,84.98,2.0,90.0,1.0,10.0,6.02,87.51,16.0,90.0,1.0
504,504.0,Spence,TOT,2.0,4.5,0.398,9.58,1.0,1.0,1.0,4.5,0.35600000000000004,7.66,1.0,17.0,1.0
505,505.0,Udogie,TOT,2.0,5.0,2.761,71.38,2.0,90.0,1.0,5.0,3.596,83.82,6.0,72.0,1.0
506,506.0,Van de Ven,TOT,2.0,4.5,2.861,85.99,2.0,90.0,1.0,4.5,3.1710000000000003,85.38,9.0,90.0,1.0
507,507.0,Veliz,TOT,4.0,5.0,0.0,0.0,0.0,0.0,0.0,5.0,0.0,0.0,0.0,0.0,0.0
508,508.0,Vicario,TOT,1.0,5.0,3.589,92.95,2.0,90.0,1.0,5.0,3.719,94.05,6.0,90.0,1.0
509,509.0,Werner,TOT,3.0,6.5,1.242,20.32,1.0,12.0,1.0,6.5,2.8680000000000003,43.41,0.0,0.0,0.0
510,510.0,Whiteman,TOT,1.0,4.0,0.0,0.0,0.0,0.0,0.0,4.0,0.0,0.0,0.0,0.0,0.0
511,511.0,Álvarez,WHU,3.0,5.0,0.0,0.0,0.0,0.0,0.0,5.0,0.0,0.0,1.0,12.0,1.0
512,512.0,Antonio,WHU,4.0,5.5,1.588,29.92,2.0,72.0,1.0,5.5,1.814,38.0,2.0,61.0,1.0
513,513.0,Areola,WHU,1.0,4.5,3.41,92.87,1.0,90.0,1.0,4.5,3.305,94.05,6.0,90.0,1.0
514,514.0,Bowen,WHU,3.0,7.5,4.364,85.51,2.0,72.0,1.0,7.5,3.964,87.7,8.0,90.0,1.0
515,515.0,Cornet,WHU,3.0,5.0,0.0,0.0,0.0,0.0,0.0,5.0,0.0,0.0,0.0,0.0,0.0
516,516.0,Coufal,WHU,2.0,4.5,1.071,29.99,1.0,84.0,1.0,4.5,0.897,29.23,6.0,62.0,1.0
517,517.0,Cresswell,WHU,2.0,4.0,0.226,5.94,0.0,0.0,0.0,4.0,0.197,5.75,1.0,1.0,1.0
518,518.0,Downes,SOU,3.0,5.0,1.98,79.87,2.0,90.0,1.0,5.0,2.072,67.82,1.0,90.0,1.0
519,519.0,Earthy,WHU,3.0,4.5,0.0,0.0,0.0,0.0,0.0,4.5,0.0,0.0,0.0,0.0,0.0
520,520.0,Emerson,WHU,2.0,4.5,2.853,83.91,1.0,90.0,1.0,4.5,2.317,84.94,6.0,88.0,1.0
521,521.0,Fabianski,WHU,1.0,4.0,0.0,0.0,0.0,0.0,0.0,4.0,0.064,1.79,0.0,0.0,0.0
522,522.0,Foderingham,WHU,1.0,4.5,0.0,0.0,0.0,0.0,0.0,4.5,0.067,1.9,0.0,0.0,0.0
523,523.0,Ings,WHU,4.0,5.0,0.133,1.47,1.0,5.0,1.0,5.0,0.0,0.0,0.0,0.0,0.0
524,524.0,Kilman,WHU,2.0,4.5,2.205,73.08,1.0,90.0,1.0,4.5,2.112,85.79,12.0,90.0,1.0
525,525.0,Kudus,WHU,3.0,6.5,3.854,83.28,2.0,90.0,1.0,6.5,3.489,83.45,3.0,87.0,1.0
526,526.0,L.Guilherme,WHU,3.0,5.0,0.0,0.0,0.0,0.0,0.0,5.0,0.0,0.0,0.0,0.0,0.0
527,527.0,L.Paquetá,WHU,3.0,6.0,3.31,70.13,6.0,73.0,1.0,6.0,3.075,73.17,3.0,90.0,1.0
528,528.0,Mavropanos,WHU,2.0,4.5,0.466,14.49,1.0,90.0,1.0,4.5,0.501,17.75,8.0,90.0,1.0
529,529.0,N.Aguerd,WHU,2.0,4.5,1.073,32.33,0.0,0.0,0.0,4.5,0.412,14.81,0.0,0.0,0.0
530,530.0,Souček,WHU,3.0,5.0,2.403,71.36,5.0,90.0,1.0,5.0,2.314,74.17,8.0,77.0,1.0
531,531.0,Ward-Prowse,WHU,3.0,6.5,2.523,61.44,1.0,16.0,1.0,6.5,2.262,59.58,0.0,0.0,0.0
532,532.0,Zouma,WHU,2.0,4.5,0.0,0.0,0.0,0.0,0.0,4.5,0.0,0.0,0.0,0.0,0.0
533,533.0,Aït-Nouri,WOL,2.0,4.5,1.372,89.1,1.0,83.0,1.0,4.5,2.719,86.65,2.0,67.0,1.0
534,534.0,B.Traore,WOL,3.0,5.0,0.436,11.34,0.0,0.0,0.0,5.0,0.56,14.05,0.0,0.0,0.0
535,535.0,Bellegarde,WOL,3.0,5.0,1.094,26.32,1.0,56.0,1.0,5.0,1.087,22.02,2.0,67.0,1.0
536,536.0,Bentley,WOL,1.0,4.0,0.0,0.0,0.0,0.0,0.0,4.0,0.0,0.0,0.0,0.0,0.0
537,537.0,Chiquinho,WOL,3.0,4.5,0.175,2.46,1.0,6.0,1.0,4.5,0.109,1.28,0.0,0.0,0.0
538,538.0,Chirewa,WOL,3.0,4.5,0.343,6.47,0.0,0.0,0.0,4.5,0.107,1.42,0.0,0.0,0.0
539,539.0,Chiwome,WOL,4.0,4.5,0.0,0.0,0.0,0.0,0.0,4.5,0.0,0.0,0.0,0.0,0.0
540,540.0,Cundle,WOL,3.0,4.5,0.0,0.0,0.0,0.0,0.0,4.5,0.0,0.0,0.0,0.0,0.0
541,541.0,Cunha,WOL,4.0,6.5,2.107,53.86,1.0,33.0,1.0,6.5,3.322,70.69,6.0,67.0,1.0
542,542.0,Dawson,WOL,2.0,4.5,0.61,44.2,1.0,6.0,1.0,4.5,0.513,18.44,1.0,23.0,1.0
543,543.0,Doherty,WOL,2.0,4.5,1.361,79.17,1.0,90.0,1.0,4.5,2.269,70.35,-1.0,90.0,1.0
544,544.0,Doyle,WOL,3.0,5.0,0.453,9.74,0.0,0.0,0.0,5.0,0.429,7.66,1.0,1.0,1.0
545,545.0,Fábio Silva,WOL,4.0,5.0,0.404,7.01,0.0,0.0,0.0,5.0,0.333,4.67,0.0,0.0,0.0
546,546.0,Fraser,WOL,4.0,4.5,0.47,10.12,0.0,0.0,0.0,4.5,0.348,5.8,0.0,0.0,0.0
547,547.0,Gonzalez,WOL,3.0,4.5,0.0,0.0,0.0,0.0,0.0,4.5,0.0,0.0,0.0,0.0,0.0
548,548.0,Guedes,WOL,3.0,5.5,0.5,9.87,0.0,0.0,0.0,5.5,0.4370000000000001,6.69,0.0,0.0,0.0
549,549.0,H.Bueno,WOL,2.0,4.5,0.0,0.0,0.0,0.0,0.0,4.5,0.0,0.0,0.0,0.0,0.0
550,550.0,Hee Chan,WOL,3.0,6.5,2.902,74.81,2.0,90.0,1.0,6.5,3.709,74.08,1.0,58.0,1.0
551,551.0,Hodge,WOL,3.0,4.5,0.0,0.0,0.0,0.0,0.0,4.5,0.0,0.0,0.0,0.0,0.0
552,552.0,Hoever,WOL,2.0,4.0,0.302,11.39,0.0,0.0,0.0,4.0,0.472,12.96,0.0,0.0,0.0
553,553.0,J.Gomes,WOL,3.0,5.0,2.067,87.62,1.0,83.0,1.0,5.0,2.357,84.79,2.0,90.0,1.0
554,554.0,José Sá,WOL,1.0,4.5,3.073,93.22,2.0,90.0,1.0,4.5,3.264,93.57,-1.0,90.0,1.0
555,555.0,Kalajdžić,WOL,4.0,5.0,0.0,0.0,0.0,0.0,0.0,5.0,0.114,1.4,0.0,0.0,0.0
556,556.0,King,WOL,1.0,4.0,0.0,0.0,0.0,0.0,0.0,4.0,0.0,0.0,0.0,0.0,0.0
557,557.0,Mario Jr.,WOL,3.0,5.0,2.113,87.14,2.0,90.0,1.0,5.0,2.357,81.31,2.0,89.0,1.0
558,558.0,Mosquera,WOL,2.0,4.0,0.695,44.82,1.0,90.0,1.0,4.0,2.323,90.11,-2.0,90.0,1.0
559,559.0,N.Semedo,WOL,2.0,4.5,0.0,0.0,0.0,0.0,0.0,4.5,0.0,0.0,0.0,0.0,0.0
560,560.0,Neto,CHE,3.0,6.5,1.228,24.24,1.0,32.0,1.0,6.5,2.787,52.17,4.0,45.0,1.0
561,561.0,Pedro Lima,WOL,2.0,4.0,0.0,0.0,0.0,0.0,0.0,4.0,0.0,0.0,0.0,0.0,0.0
562,562.0,Podence,WOL,3.0,5.5,0.0,0.0,1.0,15.0,1.0,5.5,0.4970000000000001,7.42,1.0,31.0,1.0
563,563.0,R.Gomes,WOL,3.0,5.5,0.473,10.81,2.0,74.0,1.0,5.5,1.4680000000000002,33.26,1.0,22.0,1.0
564,564.0,S.Bueno,WOL,2.0,4.5,1.003,80.25,0.0,0.0,0.0,4.5,1.329,49.89,0.0,0.0,0.0
565,565.0,Sarabia,WOL,3.0,5.5,1.992,48.2,1.0,6.0,1.0,5.5,2.28,42.89,1.0,22.0,1.0
566,566.0,Strand Larsen,WOL,4.0,5.5,2.266,61.35,2.0,83.0,1.0,5.5,2.576,55.73,6.0,90.0,1.0
567,567.0,Toti,WOL,2.0,4.5,1.0659999999999998,89.1,0.0,90.0,1.0,4.5,2.294,92.04,2.0,90.0,1.0
568,568.0,Muric,IPS,1.0,4.5,2.992,92.84,0.0,0.0,0.0,4.5,2.306,66.61,0.0,90.0,1.0
569,569.0,Jaden,AVL,3.0,5.5,0.745,13.4,0.0,16.0,1.0,5.5,0.693,13.53,0.0,0.0,0.0
570,570.0,A.Fatawu,LEI,3.0,5.5,3.273,73.25,8.0,90.0,1.0,5.5,3.353,78.45,2.0,90.0,1.0
571,571.0,Sávio,MCI,3.0,6.5,2.725,48.74,1.0,45.0,1.0,6.5,1.925,24.28,9.0,70.0,1.0
572,572.0,Yoro,MUN,2.0,4.5,0.0,0.0,0.0,0.0,0.0,4.4,0.0,0.0,0.0,0.0,0.0
573,573.0,Milenković,NFO,2.0,4.5,1.92,61.71,0.0,0.0,0.0,4.5,2.246,76.59,6.0,90.0,1.0
574,574.0,Pivas,NEW,2.0,4.0,0.0,0.0,0.0,0.0,0.0,4.0,0.0,0.0,0.0,0.0,0.0
575,575.0,Wiley,CHE,2.0,4.0,0.0,0.0,0.0,0.0,0.0,4.0,0.0,0.0,0.0,0.0,0.0
576,576.0,Irving,WHU,3.0,5.0,0.413,8.93,0.0,0.0,0.0,5.0,0.394,8.8,0.0,0.0,0.0
577,577.0,Lindstrøm,EVE,3.0,5.5,0.0,0.0,0.0,0.0,0.0,5.4,0.0,0.0,1.0,33.0,1.0
578,578.0,Calafiori,ARS,2.0,6.0,1.64,31.62,0.0,0.0,0.0,5.9,0.984,25.32,1.0,11.0,1.0
579,579.0,Sessegnon,FUL,2.0,4.5,0.6459999999999999,18.15,0.0,0.0,0.0,4.5,0.636,12.57,0.0,0.0,0.0
580,580.0,Huijsen,BOU,2.0,4.5,0.0,0.0,2.0,90.0,1.0,4.5,2.116,65.24,0.0,0.0,0.0
581,581.0,Jørgensen,CHE,1.0,4.5,1.112,33.55,0.0,0.0,0.0,4.5,0.134,3.55,0.0,0.0,0.0
582,582.0,O'Brien,EVE,2.0,5.0,2.843,81.29,0.0,0.0,0.0,5.0,1.455,64.96,0.0,0.0,0.0
583,583.0,Townsend,IPS,2.0,4.0,0.26,9.61,0.0,0.0,0.0,4.0,0.18600000000000005,13.88,0.0,0.0,0.0
584,584.0,Brereton Díaz,SOU,3.0,5.5,2.978,74.99,1.0,70.0,1.0,5.5,3.792,68.11,2.0,90.0,1.0
585,585.0,I.Sarr,CRY,3.0,6.0,3.135,60.84,1.0,6.0,1.0,6.0,2.611,44.34,1.0,19.0,1.0
586,586.0,J.Cuenca,FUL,2.0,4.5,0.387,12.52,0.0,0.0,0.0,4.5,0.545,13.24,0.0,0.0,0.0
587,587.0,Summerville,WHU,3.0,6.0,0.779,12.94,1.0,17.0,1.0,6.0,0.924,16.9,0.0,0.0,0.0
588,588.0,G.Rodríguez,WHU,3.0,5.0,2.358,82.58,2.0,84.0,1.0,5.0,2.3080000000000003,87.59,3.0,90.0,1.0
589,589.0,Füllkrug,WHU,4.0,7.0,3.882,66.11,1.0,17.0,1.0,7.0,2.2230000000000003,39.7,1.0,27.0,1.0
590,590.0,Osula,NEW,4.0,5.0,0.175,1.61,0.0,0.0,0.0,5.0,0.205,2.21,0.0,0.0,0.0
591,591.0,Todibo,WHU,2.0,4.5,1.965,65.83,1.0,5.0,1.0,4.5,1.58,64.36,1.0,2.0,1.0
592,592.0,J.Araujo,BOU,2.0,4.5,0.0,0.0,1.0,27.0,1.0,4.5,1.64,51.61,2.0,85.0,1.0
593,593.0,De Ligt,MUN,2.0,5.0,1.294,33.38,1.0,9.0,1.0,5.0,1.685,54.83,1.0,11.0,1.0
594,594.0,Mazraoui,MUN,2.0,4.5,2.843,62.18,8.0,80.0,1.0,4.5,2.782,81.91,4.0,90.0,1.0
595,595.0,Gruda,BHA,3.0,5.5,2.187,50.5,0.0,0.0,0.0,5.5,2.25,49.03,0.0,0.0,0.0
596,596.0,Jota Silva,NFO,3.0,6.0,0.0,0.0,0.0,0.0,0.0,6.0,0.0,0.0,1.0,1.0,1.0
597,597.0,Lewis-Skelly,ARS,3.0,4.5,0.0,0.0,0.0,0.0,0.0,4.5,0.0,0.0,0.0,0.0,0.0
598,598.0,Bogarde,AVL,2.0,4.0,0.0,0.0,0.0,0.0,0.0,4.0,0.0,0.0,0.0,0.0,0.0
599,599.0,Dennis,BOU,1.0,4.0,0.0,0.0,0.0,0.0,0.0,4.0,0.0,0.0,0.0,0.0,0.0
600,600.0,Ayari,BHA,3.0,5.0,0.0,0.0,1.0,1.0,1.0,5.0,0.0,0.0,1.0,1.0,1.0
601,601.0,Moran,BHA,3.0,5.0,0.0,0.0,0.0,0.0,0.0,5.0,0.0,0.0,0.0,0.0,0.0
602,602.0,Trevitt,BRE,3.0,4.5,0.0,0.0,0.0,0.0,0.0,4.5,0.0,0.0,0.0,0.0,0.0
603,603.0,Armstrong,EVE,3.0,4.5,0.0,0.0,0.0,0.0,0.0,4.5,0.0,0.0,1.0,1.0,1.0
604,604.0,King,FUL,3.0,4.5,0.0,0.0,0.0,0.0,0.0,4.5,0.0,0.0,0.0,0.0,0.0
605,605.0,Godo,FUL,3.0,4.5,0.0,0.0,0.0,0.0,0.0,4.5,0.0,0.0,0.0,0.0,0.0
606,606.0,Alves,LEI,3.0,4.5,0.0,0.0,0.0,0.0,0.0,4.5,0.0,0.0,0.0,0.0,0.0
607,607.0,O’Reilly,MCI,3.0,5.0,0.158,2.03,0.0,0.0,0.0,5.0,0.0,0.0,0.0,0.0,0.0
608,608.0,Dibling,SOU,3.0,4.5,0.0,0.0,1.0,20.0,1.0,4.5,0.35100000000000003,4.7,1.0,6.0,1.0
609,609.0,Lankshear,TOT,4.0,4.5,0.0,0.0,0.0,0.0,0.0,4.5,0.0,0.0,0.0,0.0,0.0
610,610.0,Moore,TOT,3.0,4.5,0.0,0.0,0.0,0.0,0.0,4.5,0.0,0.0,0.0,0.0,0.0
611,611.0,Szmodics,IPS,3.0,6.0,0.0,0.0,1.0,16.0,1.0,6.0,1.756,52.2,6.0,71.0,1.0
612,612.0,Odobert,TOT,3.0,5.5,0.0,0.0,0.0,0.0,0.0,5.5,0.0,0.0,3.0,65.0,1.0
613,613.0,Collyer,MUN,3.0,,,,,,,4.5,0.0,0.0,0.0,0.0,0.0
614,614.0,Metcalfe,EVE,3.0,,,,,,,4.5,0.0,0.0,0.0,0.0,0.0
615,615.0,Rushworth,BHA,1.0,,,,,,,4.0,0.042,1.14,0.0,0.0,0.0
616,616.0,Nelson,LEI,2.0,,,,,,,4.0,0.0,0.0,0.0,0.0,0.0
617,617.0,Evanilson,BOU,4.0,,,,,,,6.0,3.075,57.49,2.0,71.0,1.0
618,618.0,Georginio,BHA,3.0,,,,,,,5.5,1.659,30.82,1.0,1.0,1.0
619,619.0,Cajuste,IPS,3.0,,,,,,,4.5,1.048,32.7,0.0,0.0,0.0
620,620.0,Sosa,NFO,3.0,,,,,,,5.5,0.0,0.0,0.0,0.0,0.0
621,621.0,João Félix,CHE,3.0,,,,,,,6.5,1.732,27.2,6.0,22.0,1.0
622,622.0,Berge,FUL,3.0,,,,,,,5.0,1.01,26.67,0.0,0.0,0.0
623,623.0,M.Fernandes,SOU,3.0,,,,,,,5.0,0.0,0.0,1.0,14.0,1.0
10001,10001.0,Josh Wilson-Esbrand,MCI,2.0,99.9,0.0,0.0,0.0,0.0,0.0,99.9,0.124,1.15,0.0,0.0,0.0
10006,,,,,99.9,0.0,0.0,0.0,0.0,0.0,,,,,,
10011,10011.0,Malick Junior Yalcouyé,BHA,3.0,99.9,0.0,0.0,0.0,0.0,0.0,99.9,0.0,0.0,0.0,0.0,0.0
10012,,,,,99.9,0.363,5.0,0.0,0.0,0.0,,,,,,
10039,10039.0,Billy Crellin,EVE,1.0,99.9,0.0,0.0,0.0,0.0,0.0,99.9,0.0,0.0,0.0,0.0,0.0
10064,10064.0,Máximo Perrone,MCI,3.0,99.9,0.211,3.28,0.0,0.0,0.0,99.9,0.0,0.0,0.0,0.0,0.0
10065,10065.0,Issa Kaboré,MCI,2.0,99.9,0.168,3.95,0.0,0.0,0.0,99.9,0.294,5.34,0.0,0.0,0.0
10068,10068.0,Mark Gillespie,NEW,1.0,99.9,0.0,0.0,0.0,0.0,0.0,99.9,0.0,0.0,0.0,0.0,0.0
10069,10069.0,Harrison Ashby,NEW,2.0,99.9,0.0,0.0,0.0,0.0,0.0,99.9,0.0,0.0,0.0,0.0,0.0
10070,10070.0,Ed Turns,BHA,2.0,99.9,0.0,0.0,0.0,0.0,0.0,99.9,0.0,0.0,0.0,0.0,0.0
10075,10075.0,Jensen Weir,BHA,3.0,99.9,0.0,0.0,0.0,0.0,0.0,99.9,0.0,0.0,0.0,0.0,0.0
10076,10076.0,Matthew Cox,BRE,1.0,99.9,0.0,0.0,0.0,0.0,0.0,99.9,0.0,0.0,0.0,0.0,0.0
10077,10077.0,Paris Maghoma,BRE,3.0,99.9,0.081,1.36,0.0,0.0,0.0,99.9,0.0,0.0,0.0,0.0,0.0
10083,10083.0,Daniel Gore,MUN,3.0,99.9,0.0,0.0,0.0,0.0,0.0,99.9,0.0,0.0,0.0,0.0,0.0
10086,10086.0,Chem Campbell,WOL,3.0,99.9,0.0,0.0,0.0,0.0,0.0,99.9,0.0,0.0,0.0,0.0,0.0
10087,10087.0,Gavin Kilkenny,BOU,3.0,99.9,0.0,0.0,0.0,0.0,0.0,99.9,0.0,0.0,0.0,0.0,0.0
10088,10088.0,Harry Tyrer,EVE,1.0,99.9,0.0,0.0,0.0,0.0,0.0,99.9,0.0,0.0,0.0,0.0,0.0
10093,10093.0,Vitezslav Jaros,LIV,1.0,99.9,0.0,0.0,0.0,0.0,0.0,99.9,0.0,0.0,0.0,0.0,0.0
10098,10098.0,Imari Samuels,BHA,2.0,99.9,0.0,0.0,0.0,0.0,0.0,99.9,0.0,0.0,0.0,0.0,0.0
10099,,,,,99.9,0.94,16.05,0.0,0.0,0.0,,,,,,
10106,,,,,99.9,0.0,0.0,0.0,0.0,0.0,,,,,,
10107,10107.0,Tino Anjorin,CHE,3.0,99.9,0.0,0.0,0.0,0.0,0.0,99.9,0.0,0.0,0.0,0.0,0.0
10110,10110.0,Harry Amass,MUN,2.0,99.9,0.182,4.32,0.0,0.0,0.0,99.9,0.123,3.35,0.0,0.0,0.0
10111,,,,,99.9,0.0,0.0,0.0,0.0,0.0,,,,,,
10112,10112.0,Ethan Wheatley,MUN,4.0,99.9,0.0,0.0,0.0,0.0,0.0,99.9,0.0,0.0,0.0,0.0,0.0
10113,,,,,99.9,0.0,0.0,0.0,0.0,0.0,,,,,,
10114,,,,,99.9,0.0,0.0,0.0,0.0,0.0,,,,,,
10119,,,,,99.9,0.575,8.09,0.0,0.0,0.0,,,,,,
10120,10120.0,Ferdi Kadıoğlu,BHA,2.0,99.9,0.0,0.0,0.0,0.0,0.0,99.9,0.0,0.0,0.0,0.0,0.0
10121,,,,,99.9,0.0,0.0,0.0,0.0,0.0,,,,,,
10122,10122.0,Victor Osimhen,CHE,4.0,99.9,0.0,0.0,0.0,0.0,0.0,99.9,0.0,0.0,0.0,0.0,0.0
10127,10127.0,Killian Cahill,BHA,1.0,,,,,,,99.9,0.0,0.0,0.0,0.0,0.0
10129,10129.0,Zach Abbott,NFO,2.0,,,,,,,99.9,0.0,0.0,0.0,0.0,0.0
10130,10130.0,Mateus Fernandes,SOU,3.0,,,,,,,99.9,0.189,4.53,0.0,0.0,0.0
10131,10131.0,Mikel Merino,ARS,3.0,,,,,,,99.9,0.0,0.0,0.0,0.0,0.0
10132,10132.0,İlkay Gündoğan,MCI,3.0,,,,,,,99.9,2.093,30.29,0.0,0.0,0.0
10133,10133.0,Asmir Begovic,EVE,1.0,,,,,,,99.9,0.0,0.0,0.0,0.0,0.0
10134,10134.0,Louie Moulden,CRY,1.0,,,,,,,99.9,0.0,0.0,0.0,0.0,0.0
